suite,tenantIsolation,databaseCount,routingStrategy,accessLayer,distribution,offeredRps,scheduled,started,completed,dropped,lateStarts,queueP95,peakInFlight,poolWaitP50,connectionReuseRate,connectionsCreated,poolEvictions,warnings,backend,engine,transactionMode,test,workload,tenantMode,tenantCount,concurrency,run,success,errors,errorRate,rps,p50,p90,p95,p99,mean,max,dbP50,replicaRate,attempted,attemptsTotal,committed,successAfterRetry,failedAfterRetries,conflicts,conflictRate,retries,retryRate,avgRetries,mode,loadModel
latency,database-per-tenant,1,explicit-worker-binding,raw,uniform,,,,,,,,,,,,,INSUFFICIENT_SAMPLES|HIGH_VARIANCE,d1-per-tenant,d1,none,point-read,kv,single,1,1,1,168,0,0.0000,5.58,118.94,425.46,503.94,,179.07,589.89,57,,,,,,,,,,,,edge,closed-loop
latency,database-per-tenant,1,explicit-worker-binding,raw,uniform,,,,,,,,,,,,,INSUFFICIENT_SAMPLES|HIGH_VARIANCE,d1-per-tenant,d1,none,point-read,kv,single,1,1,2,224,0,0.0000,7.46,114.89,131.67,246,,134.02,629.24,57,,,,,,,,,,,,edge,closed-loop
latency,database-per-tenant,1,explicit-worker-binding,raw,uniform,,,,,,,,,,,,,INSUFFICIENT_SAMPLES|HIGH_VARIANCE,d1-per-tenant,d1,none,point-read,kv,single,1,1,3,258,0,0.0000,8.58,114.11,125.05,135.8,,116.49,218.94,58,,,,,,,,,,,,edge,closed-loop
latency,database-per-tenant,1,explicit-worker-binding,raw,uniform,,,,,,,,,,,,,INSUFFICIENT_SAMPLES|HIGH_VARIANCE,d1-per-tenant,d1,none,point-read,kv,single,1,1,4,243,0,0.0000,8.09,116.29,130.89,163.66,,123.48,648.21,58,,,,,,,,,,,,edge,closed-loop
latency,database-per-tenant,1,explicit-worker-binding,raw,uniform,,,,,,,,,,,,,INSUFFICIENT_SAMPLES|HIGH_VARIANCE,d1-per-tenant,d1,none,point-read,kv,single,1,1,5,256,0,0.0000,8.51,115.01,129.12,137.98,,117.38,275.21,59,,,,,,,,,,,,edge,closed-loop
latency,database-per-tenant,1,tenant-database-manifest,raw,uniform,,,,,,,,,0,1,0,0,INSUFFICIENT_SAMPLES|HIGH_VARIANCE,turso-per-tenant,libsql,none,point-read,kv,single,1,1,1,167,0,0.0000,5.57,130.28,365.78,515.62,,179.54,626.09,69,,,,,,,,,,,,edge,closed-loop
latency,database-per-tenant,1,tenant-database-manifest,raw,uniform,,,,,,,,,0,1,0,1,INSUFFICIENT_SAMPLES|HIGH_VARIANCE,turso-per-tenant,libsql,none,point-read,kv,single,1,1,2,231,0,0.0000,7.66,125.07,143.84,174.9,,130.47,259.07,69,,,,,,,,,,,,edge,closed-loop
latency,database-per-tenant,1,tenant-database-manifest,raw,uniform,,,,,,,,,0,1,0,0,INSUFFICIENT_SAMPLES|HIGH_VARIANCE,turso-per-tenant,libsql,none,point-read,kv,single,1,1,3,231,0,0.0000,7.69,126.5,139.23,148.37,,129.98,308.3,70,,,,,,,,,,,,edge,closed-loop
latency,database-per-tenant,1,tenant-database-manifest,raw,uniform,,,,,,,,,0,1,0,1,INSUFFICIENT_SAMPLES|HIGH_VARIANCE,turso-per-tenant,libsql,none,point-read,kv,single,1,1,4,221,0,0.0000,7.34,127.79,159.2,200.36,,136.26,261.37,70,,,,,,,,,,,,edge,closed-loop
latency,database-per-tenant,1,tenant-database-manifest,raw,uniform,,,,,,,,,0,1,0,1,INSUFFICIENT_SAMPLES|HIGH_VARIANCE,turso-per-tenant,libsql,none,point-read,kv,single,1,1,5,217,0,0.0000,7.22,132.74,167.39,168.83,,138.31,230.33,73,,,,,,,,,,,,edge,closed-loop
latency,database-per-tenant,1,tenant-database-manifest,raw,uniform,,,,,,,,,0,1,0,0,INSUFFICIENT_SAMPLES|HIGH_VARIANCE,tursodb-per-tenant,tursodb,none,point-read,kv,single,1,1,1,132,0,0.0000,4.38,166.27,454.8,519.36,,228.34,637.07,71,,,,,,,,,,,,edge,closed-loop
latency,database-per-tenant,1,tenant-database-manifest,raw,uniform,,,,,,,,,0,1,0,1,INSUFFICIENT_SAMPLES|HIGH_VARIANCE,tursodb-per-tenant,tursodb,none,point-read,kv,single,1,1,2,132,0,0.0000,4.39,133.77,484.75,532.49,,227.81,624.22,72,,,,,,,,,,,,edge,closed-loop
latency,database-per-tenant,1,tenant-database-manifest,raw,uniform,,,,,,,,,0,1,0,1,INSUFFICIENT_SAMPLES|HIGH_VARIANCE,tursodb-per-tenant,tursodb,none,point-read,kv,single,1,1,3,214,0,0.0000,7.08,130.01,174.19,205.88,,141.14,419.16,75,,,,,,,,,,,,edge,closed-loop
latency,database-per-tenant,1,tenant-database-manifest,raw,uniform,,,,,,,,,0,1,0,0,INSUFFICIENT_SAMPLES|HIGH_VARIANCE,tursodb-per-tenant,tursodb,none,point-read,kv,single,1,1,4,222,0,0.0000,7.4,128.01,163.27,197.34,,135.1,292.66,71,,,,,,,,,,,,edge,closed-loop
latency,database-per-tenant,1,tenant-database-manifest,raw,uniform,,,,,,,,,0,1,0,1,INSUFFICIENT_SAMPLES|HIGH_VARIANCE,tursodb-per-tenant,tursodb,none,point-read,kv,single,1,1,5,221,0,0.0000,7.35,133.82,149.86,162.25,,136.01,200.84,75,,,,,,,,,,,,edge,closed-loop
mixed-lms,database-per-tenant,1,explicit-worker-binding,raw,uniform,,,,,,,,,,,,,INSUFFICIENT_SAMPLES|WORKER_LIFECYCLE_CHANGED|HIGH_VARIANCE,d1-per-tenant,d1,transaction,lms-balanced,lms,single,1,1,1,78,0,0.0000,2.58,302.49,654.89,705.74,,387.68,793.64,222,,,,,,,,,,,,edge,closed-loop
mixed-lms,database-per-tenant,1,explicit-worker-binding,raw,uniform,,,,,,,,,,,,,INSUFFICIENT_SAMPLES|WORKER_LIFECYCLE_CHANGED|HIGH_VARIANCE,d1-per-tenant,d1,transaction,lms-balanced,lms,single,1,1,2,82,0,0.0000,2.71,304.13,634.23,683.04,,369.09,789.99,226,,,,,,,,,,,,edge,closed-loop
mixed-lms,database-per-tenant,1,explicit-worker-binding,raw,uniform,,,,,,,,,,,,,INSUFFICIENT_SAMPLES|WORKER_LIFECYCLE_CHANGED|HIGH_VARIANCE,d1-per-tenant,d1,transaction,lms-balanced,lms,single,1,1,3,110,0,0.0000,3.65,293.21,352.49,396.38,,274.04,646.08,227,,,,,,,,,,,,edge,closed-loop
mixed-lms,database-per-tenant,1,explicit-worker-binding,raw,uniform,,,,,,,,,,,,,INSUFFICIENT_SAMPLES|WORKER_LIFECYCLE_CHANGED|HIGH_VARIANCE,d1-per-tenant,d1,transaction,lms-balanced,lms,single,1,1,4,107,0,0.0000,3.55,295.94,386.34,409.61,,281.59,612.72,230,,,,,,,,,,,,edge,closed-loop
mixed-lms,database-per-tenant,1,explicit-worker-binding,raw,uniform,,,,,,,,,,,,,INSUFFICIENT_SAMPLES|WORKER_LIFECYCLE_CHANGED|HIGH_VARIANCE,d1-per-tenant,d1,transaction,lms-balanced,lms,single,1,1,5,104,0,0.0000,3.44,310.06,355.01,413.2,,290.62,517.57,236,,,,,,,,,,,,edge,closed-loop
mixed-lms,database-per-tenant,1,tenant-database-manifest,raw,uniform,,,,,,,,,0,1,0,0,INSUFFICIENT_SAMPLES|HIGH_VARIANCE,turso-per-tenant,libsql,transaction,lms-balanced,lms,single,1,1,1,76,0,0.0000,2.52,343.44,625.1,794.39,,396.02,1628.41,273,,,,,,,,,,,,edge,closed-loop
mixed-lms,database-per-tenant,1,tenant-database-manifest,raw,uniform,,,,,,,,,0,1,0,0,INSUFFICIENT_SAMPLES|HIGH_VARIANCE,turso-per-tenant,libsql,transaction,lms-balanced,lms,single,1,1,2,76,0,0.0000,2.49,353.72,650.18,741.94,,402.1,807.92,278,,,,,,,,,,,,edge,closed-loop
mixed-lms,database-per-tenant,1,tenant-database-manifest,raw,uniform,,,,,,,,,0,1,0,0,INSUFFICIENT_SAMPLES|HIGH_VARIANCE,turso-per-tenant,libsql,transaction,lms-balanced,lms,single,1,1,3,92,0,0.0000,3.05,343.97,436.87,497.49,,327.87,605.19,282,,,,,,,,,,,,edge,closed-loop
mixed-lms,database-per-tenant,1,tenant-database-manifest,raw,uniform,,,,,,,,,0,1,0,0,INSUFFICIENT_SAMPLES|HIGH_VARIANCE,turso-per-tenant,libsql,transaction,lms-balanced,lms,single,1,1,4,94,0,0.0000,3.11,344.4,423.83,481.13,,321.25,514.31,285,,,,,,,,,,,,edge,closed-loop
mixed-lms,database-per-tenant,1,tenant-database-manifest,raw,uniform,,,,,,,,,0,1,0,0,INSUFFICIENT_SAMPLES|HIGH_VARIANCE,turso-per-tenant,libsql,transaction,lms-balanced,lms,single,1,1,5,101,0,0.0000,3.33,336.73,371.21,389.39,,300.06,607.72,280,,,,,,,,,,,,edge,closed-loop
mixed-lms,database-per-tenant,1,tenant-database-manifest,raw,uniform,,,,,,,,,0,0.96875,3,0,INSUFFICIENT_SAMPLES|HIGH_ERROR_RATE|WORKER_LIFECYCLE_CHANGED|HIGH_VARIANCE,tursodb-per-tenant,tursodb,transaction,lms-balanced,lms,single,1,1,1,93,3,0.0313,3.08,341.68,390.32,405.19,,320,564.9,283,,,,,,,,,,,,edge,closed-loop
mixed-lms,database-per-tenant,1,tenant-database-manifest,raw,uniform,,,,,,,,,0,0.9868421052631579,1,0,INSUFFICIENT_SAMPLES|HIGH_ERROR_RATE|WORKER_LIFECYCLE_CHANGED|HIGH_VARIANCE,tursodb-per-tenant,tursodb,transaction,lms-balanced,lms,single,1,1,2,75,1,0.0132,2.48,338.25,665.53,752.81,,401.63,809.65,275,,,,,,,,,,,,edge,closed-loop
mixed-lms,database-per-tenant,1,tenant-database-manifest,raw,uniform,,,,,,,,,0,0.9782608695652174,2,0,INSUFFICIENT_SAMPLES|HIGH_ERROR_RATE|WORKER_LIFECYCLE_CHANGED|HIGH_VARIANCE,tursodb-per-tenant,tursodb,transaction,lms-balanced,lms,single,1,1,3,90,2,0.0217,2.97,345.6,401.39,509.87,,333.18,570.71,284,,,,,,,,,,,,edge,closed-loop
mixed-lms,database-per-tenant,1,tenant-database-manifest,raw,uniform,,,,,,,,,0,0.967391304347826,3,1,INSUFFICIENT_SAMPLES|HIGH_ERROR_RATE|WORKER_LIFECYCLE_CHANGED|HIGH_VARIANCE,tursodb-per-tenant,tursodb,transaction,lms-balanced,lms,single,1,1,4,90,2,0.0217,2.96,341.07,423.57,503.44,,334.33,716.31,282,,,,,,,,,,,,edge,closed-loop
mixed-lms,database-per-tenant,1,tenant-database-manifest,raw,uniform,,,,,,,,,0,0.9777777777777777,2,0,INSUFFICIENT_SAMPLES|HIGH_ERROR_RATE|WORKER_LIFECYCLE_CHANGED|HIGH_VARIANCE,tursodb-per-tenant,tursodb,transaction,lms-balanced,lms,single,1,1,5,88,2,0.0222,2.91,348.77,432.29,511.25,,339.21,627.77,292,,,,,,,,,,,,edge,closed-loop
mixed-lms,database-per-tenant,1,explicit-worker-binding,raw,uniform,,,,,,,,,,,,,INSUFFICIENT_SAMPLES|WORKER_LIFECYCLE_CHANGED|HIGH_VARIANCE,d1-per-tenant,d1,transaction,lms-balanced,lms,single,1,10,1,736,0,0.0000,24.08,332.92,685.01,734.46,,412.31,1612.99,227,,,,,,,,,,,,edge,closed-loop
mixed-lms,database-per-tenant,1,explicit-worker-binding,raw,uniform,,,,,,,,,,,,,INSUFFICIENT_SAMPLES|WORKER_LIFECYCLE_CHANGED|HIGH_VARIANCE,d1-per-tenant,d1,transaction,lms-balanced,lms,single,1,10,2,1093,0,0.0000,36.12,295.42,355.07,375.4,443.4,275.79,519.83,231,,,,,,,,,,,,edge,closed-loop
mixed-lms,database-per-tenant,1,explicit-worker-binding,raw,uniform,,,,,,,,,,,,,INSUFFICIENT_SAMPLES|WORKER_LIFECYCLE_CHANGED|HIGH_VARIANCE,d1-per-tenant,d1,transaction,lms-balanced,lms,single,1,10,3,1081,0,0.0000,35.67,297.85,356.12,383.47,434.49,278.84,544.54,232,,,,,,,,,,,,edge,closed-loop
mixed-lms,database-per-tenant,1,explicit-worker-binding,raw,uniform,,,,,,,,,,,,,INSUFFICIENT_SAMPLES|WORKER_LIFECYCLE_CHANGED|HIGH_VARIANCE,d1-per-tenant,d1,transaction,lms-balanced,lms,single,1,10,4,1064,0,0.0000,35.12,300.86,364.23,407.32,470.17,283.26,520.94,234,,,,,,,,,,,,edge,closed-loop
mixed-lms,database-per-tenant,1,explicit-worker-binding,raw,uniform,,,,,,,,,,,,,INSUFFICIENT_SAMPLES|WORKER_LIFECYCLE_CHANGED|HIGH_VARIANCE,d1-per-tenant,d1,transaction,lms-balanced,lms,single,1,10,5,1031,0,0.0000,33.9,312.85,376.84,400.3,484.33,292.77,629.4,242,,,,,,,,,,,,edge,closed-loop
mixed-lms,database-per-tenant,1,tenant-database-manifest,raw,uniform,,,,,,,,,0,0.9891657638136512,10,1,INSUFFICIENT_SAMPLES|WORKER_LIFECYCLE_CHANGED,turso-per-tenant,libsql,transaction,lms-balanced,lms,single,1,10,1,923,0,0.0000,30.25,334.03,431.16,569.68,,328.15,1231.64,277,,,,,,,,,,,,edge,closed-loop
mixed-lms,database-per-tenant,1,tenant-database-manifest,raw,uniform,,,,,,,,,0,0.9903006789524733,10,6,INSUFFICIENT_SAMPLES|WORKER_LIFECYCLE_CHANGED,turso-per-tenant,libsql,transaction,lms-balanced,lms,single,1,10,2,1031,0,0.0000,33.96,332.06,356.39,373.73,481.55,293.5,739.56,278,,,,,,,,,,,,edge,closed-loop
mixed-lms,database-per-tenant,1,tenant-database-manifest,raw,uniform,,,,,,,,,0,0.9909729187562688,9,4,INSUFFICIENT_SAMPLES|WORKER_LIFECYCLE_CHANGED,turso-per-tenant,libsql,transaction,lms-balanced,lms,single,1,10,3,997,0,0.0000,32.92,336.14,381.06,408.67,,302.38,547.7,282,,,,,,,,,,,,edge,closed-loop
mixed-lms,database-per-tenant,1,tenant-database-manifest,raw,uniform,,,,,,,,,0,0.9909365558912386,9,4,INSUFFICIENT_SAMPLES|WORKER_LIFECYCLE_CHANGED,turso-per-tenant,libsql,transaction,lms-balanced,lms,single,1,10,4,993,0,0.0000,32.74,338.23,375.35,413.98,,303.58,669.61,283,,,,,,,,,,,,edge,closed-loop
mixed-lms,database-per-tenant,1,tenant-database-manifest,raw,uniform,,,,,,,,,0,0.9908443540183113,9,6,INSUFFICIENT_SAMPLES|WORKER_LIFECYCLE_CHANGED,turso-per-tenant,libsql,transaction,lms-balanced,lms,single,1,10,5,983,0,0.0000,32.16,338.2,382.87,415.3,,307.19,823.01,280,,,,,,,,,,,,edge,closed-loop
mixed-lms,database-per-tenant,1,tenant-database-manifest,raw,uniform,,,,,,,,,0,0.9702517162471396,26,1,INSUFFICIENT_SAMPLES|HIGH_ERROR_RATE|WORKER_LIFECYCLE_CHANGED|HIGH_VARIANCE,tursodb-per-tenant,tursodb,transaction,lms-balanced,lms,single,1,10,1,857,17,0.0195,28.25,336.46,519.3,756.19,,348.12,1098.51,281,,,,,,,,,,,,edge,closed-loop
mixed-lms,database-per-tenant,1,tenant-database-manifest,raw,uniform,,,,,,,,,0,0.977977977977978,22,5,INSUFFICIENT_SAMPLES|HIGH_ERROR_RATE|WORKER_LIFECYCLE_CHANGED|HIGH_VARIANCE,tursodb-per-tenant,tursodb,transaction,lms-balanced,lms,single,1,10,2,986,13,0.0130,32.51,338.75,365.95,380.12,,303.92,620.68,284,,,,,,,,,,,,edge,closed-loop
mixed-lms,database-per-tenant,1,tenant-database-manifest,raw,uniform,,,,,,,,,0,0.9804526748971193,19,4,INSUFFICIENT_SAMPLES|HIGH_ERROR_RATE|WORKER_LIFECYCLE_CHANGED|HIGH_VARIANCE,tursodb-per-tenant,tursodb,transaction,lms-balanced,lms,single,1,10,3,962,10,0.0103,31.74,338.99,383.73,435.8,,311.88,767.42,284,,,,,,,,,,,,edge,closed-loop
mixed-lms,database-per-tenant,1,tenant-database-manifest,raw,uniform,,,,,,,,,0,0.9796791443850268,19,4,INSUFFICIENT_SAMPLES|HIGH_ERROR_RATE|WORKER_LIFECYCLE_CHANGED|HIGH_VARIANCE,tursodb-per-tenant,tursodb,transaction,lms-balanced,lms,single,1,10,4,925,10,0.0107,30.52,341.93,424.46,472.11,,324.33,844.86,285,,,,,,,,,,,,edge,closed-loop
mixed-lms,database-per-tenant,1,tenant-database-manifest,raw,uniform,,,,,,,,,0,0.9810326659641728,18,6,INSUFFICIENT_SAMPLES|HIGH_ERROR_RATE|WORKER_LIFECYCLE_CHANGED|HIGH_VARIANCE,tursodb-per-tenant,tursodb,transaction,lms-balanced,lms,single,1,10,5,940,9,0.0095,30.92,346.11,388.38,428.69,,319.92,778.07,290,,,,,,,,,,,,edge,closed-loop
mixed-lms,database-per-tenant,1,explicit-worker-binding,raw,uniform,,,,,,,,,,,,,WORKER_LIFECYCLE_CHANGED,d1-per-tenant,d1,transaction,lms-balanced,lms,single,1,25,1,1789,0,0.0000,58.83,398.7,662.22,715.32,800.62,422.01,1565.01,265,,,,,,,,,,,,edge,closed-loop
mixed-lms,database-per-tenant,1,explicit-worker-binding,raw,uniform,,,,,,,,,,,,,WORKER_LIFECYCLE_CHANGED,d1-per-tenant,d1,transaction,lms-balanced,lms,single,1,25,2,2083,0,0.0000,68.3,369.56,500.82,548.35,671.58,363.03,979.08,279,,,,,,,,,,,,edge,closed-loop
mixed-lms,database-per-tenant,1,explicit-worker-binding,raw,uniform,,,,,,,,,,,,,WORKER_LIFECYCLE_CHANGED,d1-per-tenant,d1,transaction,lms-balanced,lms,single,1,25,3,2215,0,0.0000,73.06,360.13,450.18,478.49,576.91,340.66,730.08,287,,,,,,,,,,,,edge,closed-loop
mixed-lms,database-per-tenant,1,explicit-worker-binding,raw,uniform,,,,,,,,,,,,,WORKER_LIFECYCLE_CHANGED,d1-per-tenant,d1,transaction,lms-balanced,lms,single,1,25,4,2116,0,0.0000,69.73,369.79,493.29,531.95,639.91,356.18,754.23,290,,,,,,,,,,,,edge,closed-loop
mixed-lms,database-per-tenant,1,explicit-worker-binding,raw,uniform,,,,,,,,,,,,,WORKER_LIFECYCLE_CHANGED,d1-per-tenant,d1,transaction,lms-balanced,lms,single,1,25,5,2016,0,0.0000,66.39,398.25,505.9,554.42,624.6,374.48,724.57,324,,,,,,,,,,,,edge,closed-loop
mixed-lms,database-per-tenant,1,tenant-database-manifest,raw,uniform,,,,,,,,,0,0.9854280510018215,24,5,WORKER_LIFECYCLE_CHANGED|HIGH_VARIANCE,turso-per-tenant,libsql,transaction,lms-balanced,lms,single,1,25,1,1647,0,0.0000,53.67,405.97,729.15,797.5,865.18,460.16,1524.98,277,,,,,,,,,,,,edge,closed-loop
mixed-lms,database-per-tenant,1,tenant-database-manifest,raw,uniform,,,,,,,,,0,0.985781990521327,24,7,WORKER_LIFECYCLE_CHANGED|HIGH_VARIANCE,turso-per-tenant,libsql,transaction,lms-balanced,lms,single,1,25,2,1688,0,0.0000,55.66,373.02,738.52,811.48,999.57,446.51,1449.22,278,,,,,,,,,,,,edge,closed-loop
mixed-lms,database-per-tenant,1,tenant-database-manifest,raw,uniform,,,,,,,,,0,0.9901719901719902,24,8,WORKER_LIFECYCLE_CHANGED|HIGH_VARIANCE,turso-per-tenant,libsql,transaction,lms-balanced,lms,single,1,25,3,2442,0,0.0000,80.39,335.95,403.59,429.05,495.19,309.01,855.02,280,,,,,,,,,,,,edge,closed-loop
mixed-lms,database-per-tenant,1,tenant-database-manifest,raw,uniform,,,,,,,,,0,0.9900456242223143,24,7,WORKER_LIFECYCLE_CHANGED|HIGH_VARIANCE,turso-per-tenant,libsql,transaction,lms-balanced,lms,single,1,25,4,2411,0,0.0000,79.43,339.86,392.17,435.77,593.76,312.63,806.23,284,,,,,,,,,,,,edge,closed-loop
mixed-lms,database-per-tenant,1,tenant-database-manifest,raw,uniform,,,,,,,,,0,0.989983305509182,24,7,WORKER_LIFECYCLE_CHANGED|HIGH_VARIANCE,turso-per-tenant,libsql,transaction,lms-balanced,lms,single,1,25,5,2396,0,0.0000,78.96,347.58,394.3,413.44,549.29,314.8,908.32,290,,,,,,,,,,,,edge,closed-loop
mixed-lms,database-per-tenant,1,tenant-database-manifest,raw,uniform,,,,,,,,,0,0.9679266895761741,56,5,HIGH_ERROR_RATE|WORKER_LIFECYCLE_CHANGED|HIGH_VARIANCE,tursodb-per-tenant,tursodb,transaction,lms-balanced,lms,single,1,25,1,1714,32,0.0183,56.6,353.32,765.64,810.09,1003.69,434.19,1118.36,285,,,,,,,,,,,,edge,closed-loop
mixed-lms,database-per-tenant,1,tenant-database-manifest,raw,uniform,,,,,,,,,0,0.9745434421693414,46,7,HIGH_ERROR_RATE|WORKER_LIFECYCLE_CHANGED|HIGH_VARIANCE,tursodb-per-tenant,tursodb,transaction,lms-balanced,lms,single,1,25,2,1785,22,0.0122,58.92,355.86,716.86,765.12,818.74,419.11,980.27,283,,,,,,,,,,,,edge,closed-loop
mixed-lms,database-per-tenant,1,tenant-database-manifest,raw,uniform,,,,,,,,,0,0.9786967418546366,51,8,HIGH_ERROR_RATE|WORKER_LIFECYCLE_CHANGED|HIGH_VARIANCE,tursodb-per-tenant,tursodb,transaction,lms-balanced,lms,single,1,25,3,2367,27,0.0113,78.02,341.63,390.99,422.51,541.79,317.06,749.41,285,,,,,,,,,,,,edge,closed-loop
mixed-lms,database-per-tenant,1,tenant-database-manifest,raw,uniform,,,,,,,,,0,0.9784719290840017,51,7,HIGH_ERROR_RATE|WORKER_LIFECYCLE_CHANGED|HIGH_VARIANCE,tursodb-per-tenant,tursodb,transaction,lms-balanced,lms,single,1,25,4,2342,27,0.0114,77.27,342.21,397.45,439.35,552.07,319.76,676.09,287,,,,,,,,,,,,edge,closed-loop
mixed-lms,database-per-tenant,1,tenant-database-manifest,raw,uniform,,,,,,,,,0,0.9789010989010989,48,7,HIGH_ERROR_RATE|WORKER_LIFECYCLE_CHANGED|HIGH_VARIANCE,tursodb-per-tenant,tursodb,transaction,lms-balanced,lms,single,1,25,5,2250,25,0.0110,74.14,352.8,414.14,461.37,614.53,333.14,688.61,293,,,,,,,,,,,,edge,closed-loop
mixed-lms,database-per-tenant,1,explicit-worker-binding,raw,uniform,,,,,,,,,,,,,WORKER_LIFECYCLE_CHANGED,d1-per-tenant,d1,transaction,lms-balanced,lms,single,1,50,1,3263,0,0.0000,107.43,484.24,640.89,684.55,789.51,462.65,1374.47,408,,,,,,,,,,,,edge,closed-loop
mixed-lms,database-per-tenant,1,explicit-worker-binding,raw,uniform,,,,,,,,,,,,,WORKER_LIFECYCLE_CHANGED,d1-per-tenant,d1,transaction,lms-balanced,lms,single,1,50,2,3227,0,0.0000,106.09,492.14,651.22,698.35,784.05,467.84,928.53,420,,,,,,,,,,,,edge,closed-loop
mixed-lms,database-per-tenant,1,explicit-worker-binding,raw,uniform,,,,,,,,,,,,,WORKER_LIFECYCLE_CHANGED,d1-per-tenant,d1,transaction,lms-balanced,lms,single,1,50,3,3106,0,0.0000,102.24,508.14,678.49,733.91,885.37,486.25,1160.14,418,,,,,,,,,,,,edge,closed-loop
mixed-lms,database-per-tenant,1,explicit-worker-binding,raw,uniform,,,,,,,,,,,,,WORKER_LIFECYCLE_CHANGED,d1-per-tenant,d1,transaction,lms-balanced,lms,single,1,50,4,3020,0,0.0000,99.26,519.75,701.27,805.72,964.61,500.28,1123.65,442,,,,,,,,,,,,edge,closed-loop
mixed-lms,database-per-tenant,1,explicit-worker-binding,raw,uniform,,,,,,,,,,,,,WORKER_LIFECYCLE_CHANGED,d1-per-tenant,d1,transaction,lms-balanced,lms,single,1,50,5,2829,0,0.0000,92.86,556.68,777.07,831.52,945.2,535.2,1123.45,482,,,,,,,,,,,,edge,closed-loop
mixed-lms,database-per-tenant,1,tenant-database-manifest,raw,uniform,,,,,,,,,0,0.9876416065911432,48,7,WORKER_LIFECYCLE_CHANGED|HIGH_VARIANCE,turso-per-tenant,libsql,transaction,lms-balanced,lms,single,1,50,1,3884,0,0.0000,127.96,343,717.34,778.02,888.53,388.33,1604.27,281,,,,,,,,,,,,edge,closed-loop
mixed-lms,database-per-tenant,1,tenant-database-manifest,raw,uniform,,,,,,,,,0,0.9896883593033914,45,8,WORKER_LIFECYCLE_CHANGED|HIGH_VARIANCE,turso-per-tenant,libsql,transaction,lms-balanced,lms,single,1,50,2,4364,0,0.0000,142.77,340.93,460.18,533.13,874.11,346.62,3964.01,283,,,,,,,,,,,,edge,closed-loop
mixed-lms,database-per-tenant,1,tenant-database-manifest,raw,uniform,,,,,,,,,0,0.9867693047871061,55,9,WORKER_LIFECYCLE_CHANGED|HIGH_VARIANCE,turso-per-tenant,libsql,transaction,lms-balanced,lms,single,1,50,3,4157,0,0.0000,136.96,349.24,545.49,620.26,867.85,362.55,1645.48,284,,,,,,,,,,,,edge,closed-loop
mixed-lms,database-per-tenant,1,tenant-database-manifest,raw,uniform,,,,,,,,,0,0.9891376634892485,49,8,WORKER_LIFECYCLE_CHANGED|HIGH_VARIANCE,turso-per-tenant,libsql,transaction,lms-balanced,lms,single,1,50,4,4511,0,0.0000,148.61,345.4,453.57,544.67,678.35,334.24,1114.27,286,,,,,,,,,,,,edge,closed-loop
mixed-lms,database-per-tenant,1,tenant-database-manifest,raw,uniform,,,,,,,,,0,0.9900339750849377,44,8,WORKER_LIFECYCLE_CHANGED|HIGH_VARIANCE,turso-per-tenant,libsql,transaction,lms-balanced,lms,single,1,50,5,4415,1,0.0002,142.39,352.7,461.95,522.26,630.92,341.78,1052.77,292,,,,,,,,,,,,edge,closed-loop
mixed-lms,database-per-tenant,1,tenant-database-manifest,raw,uniform,,,,,,,,,0,0.9670396129422437,109,6,HIGH_ERROR_RATE|POOL_SATURATED|WORKER_LIFECYCLE_CHANGED|HIGH_VARIANCE,tursodb-per-tenant,tursodb,transaction,lms-balanced,lms,single,1,50,1,3242,65,0.0197,106.02,408.21,656.26,791.81,1050.07,459.1,1319.19,291,,,,,,,,,,,,edge,closed-loop
mixed-lms,database-per-tenant,1,tenant-database-manifest,raw,uniform,,,,,,,,,0,0.9709762532981531,88,8,HIGH_ERROR_RATE|POOL_SATURATED|WORKER_LIFECYCLE_CHANGED|HIGH_VARIANCE,tursodb-per-tenant,tursodb,transaction,lms-balanced,lms,single,1,50,2,2988,44,0.0145,97.58,439.86,744.32,792.66,1308.02,497.36,1796.18,315,,,,,,,,,,,,edge,closed-loop
mixed-lms,database-per-tenant,1,tenant-database-manifest,raw,uniform,,,,,,,,,0,0.9745496139548184,89,8,HIGH_ERROR_RATE|POOL_SATURATED|WORKER_LIFECYCLE_CHANGED|HIGH_VARIANCE,tursodb-per-tenant,tursodb,transaction,lms-balanced,lms,single,1,50,3,3456,41,0.0117,111.09,395.54,658.54,814.58,1026.61,430.24,1449.09,328,,,,,,,,,,,,edge,closed-loop
mixed-lms,database-per-tenant,1,tenant-database-manifest,raw,uniform,,,,,,,,,0,0.974453590689753,90,8,HIGH_ERROR_RATE|POOL_SATURATED|WORKER_LIFECYCLE_CHANGED|HIGH_VARIANCE,tursodb-per-tenant,tursodb,transaction,lms-balanced,lms,single,1,50,4,3481,42,0.0119,113.29,397.32,622.43,752.98,989.8,426.81,1192.14,328,,,,,,,,,,,,edge,closed-loop
mixed-lms,database-per-tenant,1,tenant-database-manifest,raw,uniform,,,,,,,,,0,0.9755501222493888,80,8,HIGH_ERROR_RATE|POOL_SATURATED|WORKER_LIFECYCLE_CHANGED|HIGH_VARIANCE,tursodb-per-tenant,tursodb,transaction,lms-balanced,lms,single,1,50,5,3235,37,0.0113,105.73,422.73,668.87,785.04,1063.65,460.47,1411.75,357,,,,,,,,,,,,edge,closed-loop
mixed-lms,database-per-tenant,1,explicit-worker-binding,raw,uniform,,,,,,,,,,,,,WORKER_LIFECYCLE_CHANGED|HIGH_VARIANCE,d1-per-tenant,d1,transaction,lms-balanced,lms,single,1,100,1,3799,0,0.0000,121.73,817.25,1027.4,1081.8,2301.11,804.26,2591.63,483,,,,,,,,,,,,edge,closed-loop
mixed-lms,database-per-tenant,1,explicit-worker-binding,raw,uniform,,,,,,,,,,,,,WORKER_LIFECYCLE_CHANGED|HIGH_VARIANCE,d1-per-tenant,d1,transaction,lms-balanced,lms,single,1,100,2,3747,0,0.0000,121.3,844.6,1073.59,1138.71,1441.6,814.34,2073.19,580,,,,,,,,,,,,edge,closed-loop
mixed-lms,database-per-tenant,1,explicit-worker-binding,raw,uniform,,,,,,,,,,,,,WORKER_LIFECYCLE_CHANGED|HIGH_VARIANCE,d1-per-tenant,d1,transaction,lms-balanced,lms,single,1,100,3,3930,0,0.0000,128.05,821.3,1070.67,1142.33,1264.07,771.61,1439.03,738,,,,,,,,,,,,edge,closed-loop
mixed-lms,database-per-tenant,1,explicit-worker-binding,raw,uniform,,,,,,,,,,,,,WORKER_LIFECYCLE_CHANGED|HIGH_VARIANCE,d1-per-tenant,d1,transaction,lms-balanced,lms,single,1,100,4,3571,0,0.0000,116.86,881.98,1213.37,1302.22,1466.55,848.11,1729.56,795,,,,,,,,,,,,edge,closed-loop
mixed-lms,database-per-tenant,1,explicit-worker-binding,raw,uniform,,,,,,,,,,,,,WORKER_LIFECYCLE_CHANGED|HIGH_VARIANCE,d1-per-tenant,d1,transaction,lms-balanced,lms,single,1,100,5,3340,0,0.0000,109,970.24,1275.78,1376.61,1505.59,909.81,1720.81,882,,,,,,,,,,,,edge,closed-loop
mixed-lms,database-per-tenant,1,tenant-database-manifest,raw,uniform,,,,,,,,,11,0.9871569555225091,95,7,POOL_SATURATED|WORKER_LIFECYCLE_CHANGED,turso-per-tenant,libsql,transaction,lms-balanced,lms,single,1,100,1,7397,0,0.0000,241.47,383.3,572.89,653.27,942.93,408.78,1549.22,312,,,,,,,,,,,,edge,closed-loop
mixed-lms,database-per-tenant,1,tenant-database-manifest,raw,uniform,,,,,,,,,0,0.9880298549500071,85,10,POOL_SATURATED|WORKER_LIFECYCLE_CHANGED,turso-per-tenant,libsql,transaction,lms-balanced,lms,single,1,100,2,7101,0,0.0000,229.27,397.4,610.69,697.7,1015.7,426.8,2447.07,312,,,,,,,,,,,,edge,closed-loop
mixed-lms,database-per-tenant,1,tenant-database-manifest,raw,uniform,,,,,,,,,0,0.987018148099086,98,12,POOL_SATURATED|WORKER_LIFECYCLE_CHANGED,turso-per-tenant,libsql,transaction,lms-balanced,lms,single,1,100,3,7549,0,0.0000,246.4,363.44,582.4,715.79,1041.58,399.91,1488.74,295,,,,,,,,,,,,edge,closed-loop
mixed-lms,database-per-tenant,1,tenant-database-manifest,raw,uniform,,,,,,,,,0,0.9865944831142047,104,10,POOL_SATURATED|WORKER_LIFECYCLE_CHANGED,turso-per-tenant,libsql,transaction,lms-balanced,lms,single,1,100,4,7758,0,0.0000,254.38,368.34,539.16,607.76,809.44,389.33,1181.44,296,,,,,,,,,,,,edge,closed-loop
mixed-lms,database-per-tenant,1,tenant-database-manifest,raw,uniform,,,,,,,,,0,0.9849955869373345,119,15,POOL_SATURATED|WORKER_LIFECYCLE_CHANGED,turso-per-tenant,libsql,transaction,lms-balanced,lms,single,1,100,5,7931,0,0.0000,260.47,370.26,506.07,580.54,778.13,380.68,1401.65,302,,,,,,,,,,,,edge,closed-loop
mixed-lms,database-per-tenant,1,tenant-database-manifest,raw,uniform,,,,,,,,,86,0.9597378277153558,172,7,HIGH_ERROR_RATE|POOL_SATURATED|WORKER_LIFECYCLE_CHANGED|HIGH_VARIANCE,tursodb-per-tenant,tursodb,transaction,lms-balanced,lms,single,1,100,1,4189,83,0.0194,123.54,489.95,1825.33,2050.52,2550,698.02,4353.28,428,,,,,,,,,,,,edge,closed-loop
mixed-lms,database-per-tenant,1,tenant-database-manifest,raw,uniform,,,,,,,,,74,0.9655919804930913,127,9,HIGH_ERROR_RATE|POOL_SATURATED|WORKER_LIFECYCLE_CHANGED|HIGH_VARIANCE,tursodb-per-tenant,tursodb,transaction,lms-balanced,lms,single,1,100,2,3635,56,0.0152,104.6,534.22,2261.9,2717.28,3461.92,818.76,4955.13,469,,,,,,,,,,,,edge,closed-loop
mixed-lms,database-per-tenant,1,tenant-database-manifest,raw,uniform,,,,,,,,,0,0.9666941921277181,121,9,HIGH_ERROR_RATE|POOL_SATURATED|WORKER_LIFECYCLE_CHANGED|HIGH_VARIANCE,tursodb-per-tenant,tursodb,transaction,lms-balanced,lms,single,1,100,3,3588,46,0.0127,103.82,537.75,2324.12,2675.62,3472.94,835.93,4799.91,424,,,,,,,,,,,,edge,closed-loop
mixed-lms,database-per-tenant,1,tenant-database-manifest,raw,uniform,,,,,,,,,106,0.9645922746781116,132,11,HIGH_ERROR_RATE|POOL_SATURATED|WORKER_LIFECYCLE_CHANGED|HIGH_VARIANCE,tursodb-per-tenant,tursodb,transaction,lms-balanced,lms,single,1,100,4,3683,45,0.0121,107.25,550.71,2169.33,2640.27,3273.53,811.18,4585.79,474,,,,,,,,,,,,edge,closed-loop
mixed-lms,database-per-tenant,1,tenant-database-manifest,raw,uniform,,,,,,,,,20,0.9583106267029973,153,14,HIGH_ERROR_RATE|POOL_SATURATED|WORKER_LIFECYCLE_CHANGED|HIGH_VARIANCE,tursodb-per-tenant,tursodb,transaction,lms-balanced,lms,single,1,100,5,3627,43,0.0117,104.87,507.05,2500.43,2774.15,3320.39,826.5,4974.72,437,,,,,,,,,,,,edge,closed-loop
mixed-lms,database-per-tenant,1,explicit-worker-binding,raw,uniform,,,,,,,,,,,,,WORKER_LIFECYCLE_CHANGED,d1-per-tenant,d1,transaction,lms-balanced,lms,single,1,200,1,4377,0,0.0000,141.36,1530.73,1937.25,2125.38,2423.09,1398.29,2472.61,1414,,,,,,,,,,,,edge,closed-loop
mixed-lms,database-per-tenant,1,explicit-worker-binding,raw,uniform,,,,,,,,,,,,,WORKER_LIFECYCLE_CHANGED,d1-per-tenant,d1,transaction,lms-balanced,lms,single,1,200,2,4392,0,0.0000,141.76,1501.31,1924.12,2052.51,2534.73,1394.03,3290.65,1384,,,,,,,,,,,,edge,closed-loop
mixed-lms,database-per-tenant,1,explicit-worker-binding,raw,uniform,,,,,,,,,,,,,WORKER_LIFECYCLE_CHANGED,d1-per-tenant,d1,transaction,lms-balanced,lms,single,1,200,3,4249,0,0.0000,136.56,1564.93,1989.95,2040.88,2454.68,1445.95,2653.93,1463,,,,,,,,,,,,edge,closed-loop
mixed-lms,database-per-tenant,1,explicit-worker-binding,raw,uniform,,,,,,,,,,,,,WORKER_LIFECYCLE_CHANGED,d1-per-tenant,d1,transaction,lms-balanced,lms,single,1,200,4,3730,0,0.0000,119.38,1737.21,2341.86,2558.21,2985.19,1653.2,3165.91,1649,,,,,,,,,,,,edge,closed-loop
mixed-lms,database-per-tenant,1,explicit-worker-binding,raw,uniform,,,,,,,,,,,,,WORKER_LIFECYCLE_CHANGED,d1-per-tenant,d1,transaction,lms-balanced,lms,single,1,200,5,3368,0,0.0000,108.62,1911.11,2621.55,2899.21,3338.45,1813.2,3600.44,1830,,,,,,,,,,,,edge,closed-loop
mixed-lms,database-per-tenant,1,tenant-database-manifest,raw,uniform,,,,,,,,,0,0.979565074855207,187,12,POOL_SATURATED|WORKER_LIFECYCLE_CHANGED|HIGH_VARIANCE,turso-per-tenant,libsql,transaction,lms-balanced,lms,single,1,200,1,9151,0,0.0000,284.14,409.91,1821.69,2111.02,2510.7,671.08,3866.81,320,,,,,,,,,,,,edge,closed-loop
mixed-lms,database-per-tenant,1,tenant-database-manifest,raw,uniform,,,,,,,,,0,0.9733441033925686,198,25,POOL_SATURATED|WORKER_LIFECYCLE_CHANGED|HIGH_VARIANCE,turso-per-tenant,libsql,transaction,lms-balanced,lms,single,1,200,2,7428,69,0.0092,229.14,588.14,1711.33,2524.2,2961.54,781.98,4425.64,324,,,,,,,,,,,,edge,closed-loop
mixed-lms,database-per-tenant,1,tenant-database-manifest,raw,uniform,,,,,,,,,75,0.9748980632008155,197,24,POOL_SATURATED|WORKER_LIFECYCLE_CHANGED|HIGH_VARIANCE,turso-per-tenant,libsql,transaction,lms-balanced,lms,single,1,200,3,7848,0,0.0000,244.27,491.96,2099.78,2433.36,2852.2,780.85,4153.69,416,,,,,,,,,,,,edge,closed-loop
mixed-lms,database-per-tenant,1,tenant-database-manifest,raw,uniform,,,,,,,,,0,0.9698744769874477,252,32,POOL_SATURATED|WORKER_LIFECYCLE_CHANGED|HIGH_VARIANCE,turso-per-tenant,libsql,transaction,lms-balanced,lms,single,1,200,4,8365,0,0.0000,259.07,415.15,2099.93,2386.85,2778.39,733.36,4040.76,311,,,,,,,,,,,,edge,closed-loop
mixed-lms,database-per-tenant,1,tenant-database-manifest,raw,uniform,,,,,,,,,0,0.974216836405827,200,25,POOL_SATURATED|WORKER_LIFECYCLE_CHANGED|HIGH_VARIANCE,turso-per-tenant,libsql,transaction,lms-balanced,lms,single,1,200,5,7757,0,0.0000,241.27,459.41,2382.94,2594.09,3037.68,790.91,4270.49,384,,,,,,,,,,,,edge,closed-loop
mixed-lms,database-per-tenant,1,tenant-database-manifest,raw,uniform,,,,,,,,,59,0.8595258999122037,480,11,HIGH_ERROR_RATE|POOL_SATURATED|WORKER_LIFECYCLE_CHANGED,tursodb-per-tenant,tursodb,transaction,lms-balanced,lms,single,1,200,1,3403,490,0.1259,97.36,882.89,2401.55,2900.07,4007,1147.39,4993.02,553,,,,,,,,,,,,edge,closed-loop
mixed-lms,database-per-tenant,1,tenant-database-manifest,raw,uniform,,,,,,,,,4,0.8421468034727704,600,25,HIGH_ERROR_RATE|POOL_SATURATED|WORKER_LIFECYCLE_CHANGED,tursodb-per-tenant,tursodb,transaction,lms-balanced,lms,single,1,200,2,3797,604,0.1372,108.69,615.37,1679.98,2284.77,3766.68,870.61,4990.64,513,,,,,,,,,,,,edge,closed-loop
mixed-lms,database-per-tenant,1,tenant-database-manifest,raw,uniform,,,,,,,,,66,0.8552375659905529,521,22,HIGH_ERROR_RATE|POOL_SATURATED|WORKER_LIFECYCLE_CHANGED,tursodb-per-tenant,tursodb,transaction,lms-balanced,lms,single,1,200,3,3596,565,0.1358,102.76,673.59,2000.22,2677.19,3962.43,975.96,4995.75,588,,,,,,,,,,,,edge,closed-loop
mixed-lms,database-per-tenant,1,tenant-database-manifest,raw,uniform,,,,,,,,,159,0.8407364114552893,545,23,HIGH_ERROR_RATE|POOL_SATURATED|WORKER_LIFECYCLE_CHANGED,tursodb-per-tenant,tursodb,transaction,lms-balanced,lms,single,1,200,4,3418,533,0.1349,97.84,711.01,2322.17,3086.89,4346.86,1079.2,4986.81,627,,,,,,,,,,,,edge,closed-loop
mixed-lms,database-per-tenant,1,tenant-database-manifest,raw,uniform,,,,,,,,,64,0.8560747663551402,539,26,HIGH_ERROR_RATE|POOL_SATURATED|WORKER_LIFECYCLE_CHANGED,tursodb-per-tenant,tursodb,transaction,lms-balanced,lms,single,1,200,5,3738,555,0.1293,106.89,654.97,1897.92,2533.4,4084.16,951.21,4985.31,554,,,,,,,,,,,,edge,closed-loop
writes,database-per-tenant,1,explicit-worker-binding,raw,uniform,,,,,,,,,,,,,INSUFFICIENT_SAMPLES|WORKER_LIFECYCLE_CHANGED|HIGH_VARIANCE,d1-per-tenant,d1,transaction,update-progress,lms,single,1,1,1,131,0,0.0000,4.36,144.41,519.91,583.03,,229.05,630.86,80,,,,,,,,,,,,edge,closed-loop
writes,database-per-tenant,1,explicit-worker-binding,raw,uniform,,,,,,,,,,,,,INSUFFICIENT_SAMPLES|WORKER_LIFECYCLE_CHANGED|HIGH_VARIANCE,d1-per-tenant,d1,transaction,update-progress,lms,single,1,1,2,137,0,0.0000,4.55,143.53,449.7,548.51,,219.42,915.76,81,,,,,,,,,,,,edge,closed-loop
writes,database-per-tenant,1,explicit-worker-binding,raw,uniform,,,,,,,,,,,,,INSUFFICIENT_SAMPLES|WORKER_LIFECYCLE_CHANGED|HIGH_VARIANCE,d1-per-tenant,d1,transaction,update-progress,lms,single,1,1,3,199,0,0.0000,6.62,140.94,183.96,221.14,,150.95,399.31,82,,,,,,,,,,,,edge,closed-loop
writes,database-per-tenant,1,explicit-worker-binding,raw,uniform,,,,,,,,,,,,,INSUFFICIENT_SAMPLES|WORKER_LIFECYCLE_CHANGED|HIGH_VARIANCE,d1-per-tenant,d1,transaction,update-progress,lms,single,1,1,4,200,0,0.0000,6.64,142.64,161.61,203.98,,150.45,538.24,83,,,,,,,,,,,,edge,closed-loop
writes,database-per-tenant,1,explicit-worker-binding,raw,uniform,,,,,,,,,,,,,INSUFFICIENT_SAMPLES|WORKER_LIFECYCLE_CHANGED|HIGH_VARIANCE,d1-per-tenant,d1,transaction,update-progress,lms,single,1,1,5,204,0,0.0000,6.78,142.66,161.13,182.2,,147.35,263.26,84,,,,,,,,,,,,edge,closed-loop
writes,database-per-tenant,1,tenant-database-manifest,raw,uniform,,,,,,,,,0,1,0,0,INSUFFICIENT_SAMPLES|WORKER_LIFECYCLE_CHANGED|HIGH_VARIANCE,turso-per-tenant,libsql,transaction,update-progress,lms,single,1,1,1,95,0,0.0000,3.15,234.93,575.12,617.3,,317.33,693.56,97,,,,,,,,,,,,edge,closed-loop
writes,database-per-tenant,1,tenant-database-manifest,raw,uniform,,,,,,,,,0,0.9880239520958084,2,2,INSUFFICIENT_SAMPLES|WORKER_LIFECYCLE_CHANGED|HIGH_VARIANCE,turso-per-tenant,libsql,transaction,update-progress,lms,single,1,1,2,167,0,0.0000,5.49,157.25,263.38,339.62,,181.88,473.04,95,,,,,,,,,,,,edge,closed-loop
writes,database-per-tenant,1,tenant-database-manifest,raw,uniform,,,,,,,,,0,1,0,0,INSUFFICIENT_SAMPLES|WORKER_LIFECYCLE_CHANGED|HIGH_VARIANCE,turso-per-tenant,libsql,transaction,update-progress,lms,single,1,1,3,177,0,0.0000,5.88,151.02,236.31,255.08,,169.89,425.23,89,,,,,,,,,,,,edge,closed-loop
writes,database-per-tenant,1,tenant-database-manifest,raw,uniform,,,,,,,,,0,1,0,0,INSUFFICIENT_SAMPLES|WORKER_LIFECYCLE_CHANGED|HIGH_VARIANCE,turso-per-tenant,libsql,transaction,update-progress,lms,single,1,1,4,180,0,0.0000,5.98,146.59,188.46,217.16,,167.26,1341.35,89,,,,,,,,,,,,edge,closed-loop
writes,database-per-tenant,1,tenant-database-manifest,raw,uniform,,,,,,,,,0,1,0,0,INSUFFICIENT_SAMPLES|WORKER_LIFECYCLE_CHANGED|HIGH_VARIANCE,turso-per-tenant,libsql,transaction,update-progress,lms,single,1,1,5,193,0,0.0000,6.41,149.68,174.78,195.5,,155.8,273.5,91,,,,,,,,,,,,edge,closed-loop
writes,database-per-tenant,1,tenant-database-manifest,raw,uniform,,,,,,,,,0,0.7722772277227723,23,0,INSUFFICIENT_SAMPLES|HIGH_ERROR_RATE|WORKER_LIFECYCLE_CHANGED|HIGH_VARIANCE,tursodb-per-tenant,tursodb,transaction,update-progress,lms,single,1,1,1,78,23,0.2277,2.58,266.76,635.53,685.64,,335.89,754.96,207,,,,,,,,,,,,edge,closed-loop
writes,database-per-tenant,1,tenant-database-manifest,raw,uniform,,,,,,,,,0,0.8021978021978022,18,0,INSUFFICIENT_SAMPLES|HIGH_ERROR_RATE|WORKER_LIFECYCLE_CHANGED|HIGH_VARIANCE,tursodb-per-tenant,tursodb,transaction,update-progress,lms,single,1,1,2,73,18,0.1978,2.41,282.32,659.61,699.6,,354.41,1252.04,208,,,,,,,,,,,,edge,closed-loop
writes,database-per-tenant,1,tenant-database-manifest,raw,uniform,,,,,,,,,0,0.847457627118644,18,2,INSUFFICIENT_SAMPLES|HIGH_ERROR_RATE|WORKER_LIFECYCLE_CHANGED|HIGH_VARIANCE,tursodb-per-tenant,tursodb,transaction,update-progress,lms,single,1,1,3,101,17,0.1441,3.34,268.47,329.56,352.14,,277.9,678.18,208,,,,,,,,,,,,edge,closed-loop
writes,database-per-tenant,1,tenant-database-manifest,raw,uniform,,,,,,,,,0,0.8521739130434782,17,0,INSUFFICIENT_SAMPLES|HIGH_ERROR_RATE|WORKER_LIFECYCLE_CHANGED|HIGH_VARIANCE,tursodb-per-tenant,tursodb,transaction,update-progress,lms,single,1,1,4,98,17,0.1478,3.25,270.04,361.37,396.42,,283.31,540.33,207,,,,,,,,,,,,edge,closed-loop
writes,database-per-tenant,1,tenant-database-manifest,raw,uniform,,,,,,,,,0,0.8584070796460177,16,0,INSUFFICIENT_SAMPLES|HIGH_ERROR_RATE|WORKER_LIFECYCLE_CHANGED|HIGH_VARIANCE,tursodb-per-tenant,tursodb,transaction,update-progress,lms,single,1,1,5,97,16,0.1416,3.22,268.59,375.1,408.85,,286.28,924.26,208,,,,,,,,,,,,edge,closed-loop
writes,database-per-tenant,1,explicit-worker-binding,raw,uniform,,,,,,,,,,,,,WORKER_LIFECYCLE_CHANGED|HIGH_VARIANCE,d1-per-tenant,d1,transaction,update-progress,lms,single,1,10,1,1297,0,0.0000,43.09,160.99,479.76,578.06,629.91,231.66,1349.59,96,,,,,,,,,,,,edge,closed-loop
writes,database-per-tenant,1,explicit-worker-binding,raw,uniform,,,,,,,,,,,,,WORKER_LIFECYCLE_CHANGED|HIGH_VARIANCE,d1-per-tenant,d1,transaction,update-progress,lms,single,1,10,2,1432,0,0.0000,47.51,155.05,510.65,595.02,656.42,209.91,709.35,96,,,,,,,,,,,,edge,closed-loop
writes,database-per-tenant,1,explicit-worker-binding,raw,uniform,,,,,,,,,,,,,WORKER_LIFECYCLE_CHANGED|HIGH_VARIANCE,d1-per-tenant,d1,transaction,update-progress,lms,single,1,10,3,1810,0,0.0000,60.08,158.36,206.02,232.23,271.18,166.21,417.06,97,,,,,,,,,,,,edge,closed-loop
writes,database-per-tenant,1,explicit-worker-binding,raw,uniform,,,,,,,,,,,,,WORKER_LIFECYCLE_CHANGED|HIGH_VARIANCE,d1-per-tenant,d1,transaction,update-progress,lms,single,1,10,4,1769,0,0.0000,58.7,161.04,201.27,228.27,423.86,169.8,517.15,101,,,,,,,,,,,,edge,closed-loop
writes,database-per-tenant,1,explicit-worker-binding,raw,uniform,,,,,,,,,,,,,WORKER_LIFECYCLE_CHANGED|HIGH_VARIANCE,d1-per-tenant,d1,transaction,update-progress,lms,single,1,10,5,1678,0,0.0000,55.82,163.95,198.73,234.45,747.09,178.97,1216.59,102,,,,,,,,,,,,edge,closed-loop
writes,database-per-tenant,1,tenant-database-manifest,raw,uniform,,,,,,,,,0,0.9912109375,9,3,WORKER_LIFECYCLE_CHANGED|INSUFFICIENT_SAMPLES|HIGH_VARIANCE,turso-per-tenant,libsql,transaction,update-progress,lms,single,1,10,1,1024,0,0.0000,33.53,245.95,480.94,558.72,624.7,295.53,1346.92,172,,,,,,,,,,,,edge,closed-loop
writes,database-per-tenant,1,tenant-database-manifest,raw,uniform,,,,,,,,,0,0.9899777282850779,9,4,WORKER_LIFECYCLE_CHANGED|INSUFFICIENT_SAMPLES|HIGH_VARIANCE,turso-per-tenant,libsql,transaction,update-progress,lms,single,1,10,2,898,0,0.0000,29.77,265.14,555.36,600.13,,334.72,1555.57,133,,,,,,,,,,,,edge,closed-loop
writes,database-per-tenant,1,tenant-database-manifest,raw,uniform,,,,,,,,,0,0.99296875,9,7,WORKER_LIFECYCLE_CHANGED|INSUFFICIENT_SAMPLES|HIGH_VARIANCE,turso-per-tenant,libsql,transaction,update-progress,lms,single,1,10,3,1280,0,0.0000,42.43,221.28,286.76,340.09,542.64,234.93,735.87,165,,,,,,,,,,,,edge,closed-loop
writes,database-per-tenant,1,tenant-database-manifest,raw,uniform,,,,,,,,,0,0.9937456567060459,9,3,WORKER_LIFECYCLE_CHANGED|INSUFFICIENT_SAMPLES|HIGH_VARIANCE,turso-per-tenant,libsql,transaction,update-progress,lms,single,1,10,4,1439,0,0.0000,47.65,194.02,251.39,315.27,446.73,209.09,766.52,134,,,,,,,,,,,,edge,closed-loop
writes,database-per-tenant,1,tenant-database-manifest,raw,uniform,,,,,,,,,0,0.9937456567060459,9,5,WORKER_LIFECYCLE_CHANGED|INSUFFICIENT_SAMPLES|HIGH_VARIANCE,turso-per-tenant,libsql,transaction,update-progress,lms,single,1,10,5,1439,0,0.0000,47.72,194.37,263.97,292.19,424.83,208.97,811.97,136,,,,,,,,,,,,edge,closed-loop
writes,database-per-tenant,1,tenant-database-manifest,raw,uniform,,,,,,,,,0,0.7716535433070866,116,3,INSUFFICIENT_SAMPLES|HIGH_ERROR_RATE|WORKER_LIFECYCLE_CHANGED,tursodb-per-tenant,tursodb,transaction,update-progress,lms,single,1,10,1,399,109,0.2146,12.97,599.04,844.06,900.13,,614.74,1098.17,436,,,,,,,,,,,,edge,closed-loop
writes,database-per-tenant,1,tenant-database-manifest,raw,uniform,,,,,,,,,0,0.8178137651821862,90,4,INSUFFICIENT_SAMPLES|HIGH_ERROR_RATE|WORKER_LIFECYCLE_CHANGED,tursodb-per-tenant,tursodb,transaction,update-progress,lms,single,1,10,2,409,85,0.1721,13.3,603.91,854.39,914.9,,627.22,1102.43,503,,,,,,,,,,,,edge,closed-loop
writes,database-per-tenant,1,tenant-database-manifest,raw,uniform,,,,,,,,,0,0.8316430020283976,83,7,INSUFFICIENT_SAMPLES|HIGH_ERROR_RATE|WORKER_LIFECYCLE_CHANGED,tursodb-per-tenant,tursodb,transaction,update-progress,lms,single,1,10,3,417,76,0.1542,13.56,575.28,910.98,1007.88,,624.58,1337.53,505,,,,,,,,,,,,edge,closed-loop
writes,database-per-tenant,1,tenant-database-manifest,raw,uniform,,,,,,,,,0,0.828719723183391,99,3,INSUFFICIENT_SAMPLES|HIGH_ERROR_RATE|WORKER_LIFECYCLE_CHANGED,tursodb-per-tenant,tursodb,transaction,update-progress,lms,single,1,10,4,488,90,0.1557,15.83,519.81,685.52,763.19,,534.71,987.54,460,,,,,,,,,,,,edge,closed-loop
writes,database-per-tenant,1,tenant-database-manifest,raw,uniform,,,,,,,,,0,0.8384458077709611,79,5,INSUFFICIENT_SAMPLES|HIGH_ERROR_RATE|WORKER_LIFECYCLE_CHANGED,tursodb-per-tenant,tursodb,transaction,update-progress,lms,single,1,10,5,417,72,0.1472,13.54,592.98,935.67,1033.88,,636.69,1329.48,532,,,,,,,,,,,,edge,closed-loop
writes,database-per-tenant,1,explicit-worker-binding,raw,uniform,,,,,,,,,,,,,WORKER_LIFECYCLE_CHANGED|HIGH_VARIANCE,d1-per-tenant,d1,transaction,update-progress,lms,single,1,50,1,5438,0,0.0000,180.33,216.75,460.21,491.87,611.31,276.51,987.55,115,,,,,,,,,,,,edge,closed-loop
writes,database-per-tenant,1,explicit-worker-binding,raw,uniform,,,,,,,,,,,,,WORKER_LIFECYCLE_CHANGED|HIGH_VARIANCE,d1-per-tenant,d1,transaction,update-progress,lms,single,1,50,2,5299,0,0.0000,174.38,213.71,534.36,581.68,655.88,285,1632.2,116,,,,,,,,,,,,edge,closed-loop
writes,database-per-tenant,1,explicit-worker-binding,raw,uniform,,,,,,,,,,,,,WORKER_LIFECYCLE_CHANGED|HIGH_VARIANCE,d1-per-tenant,d1,transaction,update-progress,lms,single,1,50,3,7275,0,0.0000,241.05,192.91,274.74,314.24,350.38,206.38,405.25,125,,,,,,,,,,,,edge,closed-loop
writes,database-per-tenant,1,explicit-worker-binding,raw,uniform,,,,,,,,,,,,,WORKER_LIFECYCLE_CHANGED|HIGH_VARIANCE,d1-per-tenant,d1,transaction,update-progress,lms,single,1,50,4,6818,0,0.0000,226.45,206.84,284.44,320.49,433.3,220.27,757.56,133,,,,,,,,,,,,edge,closed-loop
writes,database-per-tenant,1,explicit-worker-binding,raw,uniform,,,,,,,,,,,,,WORKER_LIFECYCLE_CHANGED|HIGH_VARIANCE,d1-per-tenant,d1,transaction,update-progress,lms,single,1,50,5,6766,1,0.0001,224.07,210.8,286.79,319.65,402.6,222.48,654.96,137,,,,,,,,,,,,edge,closed-loop
writes,database-per-tenant,1,tenant-database-manifest,raw,uniform,,,,,,,,,0,0.955767562879445,51,7,POOL_SATURATED|WORKER_LIFECYCLE_CHANGED,turso-per-tenant,libsql,transaction,update-progress,lms,single,1,50,1,1153,0,0.0000,36.8,1291.24,1532.6,1831.58,2276.84,1330.3,3152.54,1101,,,,,,,,,,,,edge,closed-loop
writes,database-per-tenant,1,tenant-database-manifest,raw,uniform,,,,,,,,,0,0.9623430962343096,45,8,POOL_SATURATED|WORKER_LIFECYCLE_CHANGED,turso-per-tenant,libsql,transaction,update-progress,lms,single,1,50,2,1195,0,0.0000,38.4,1204.3,1654.18,1887.77,2333.08,1279.67,3060.79,1113,,,,,,,,,,,,edge,closed-loop
writes,database-per-tenant,1,tenant-database-manifest,raw,uniform,,,,,,,,,0,0.9579399141630901,49,8,POOL_SATURATED|WORKER_LIFECYCLE_CHANGED,turso-per-tenant,libsql,transaction,update-progress,lms,single,1,50,3,1165,0,0.0000,37.23,1314.43,1484.24,1578.54,2030.6,1316.16,2411.63,1254,,,,,,,,,,,,edge,closed-loop
writes,database-per-tenant,1,tenant-database-manifest,raw,uniform,,,,,,,,,0,0.9408333333333333,71,9,POOL_SATURATED|WORKER_LIFECYCLE_CHANGED,turso-per-tenant,libsql,transaction,update-progress,lms,single,1,50,4,1200,0,0.0000,38.34,1123.14,1878.37,2143.84,2693.51,1277.99,3521,1059,,,,,,,,,,,,edge,closed-loop
writes,database-per-tenant,1,tenant-database-manifest,raw,uniform,,,,,,,,,0,0.9648351648351648,48,8,POOL_SATURATED|WORKER_LIFECYCLE_CHANGED,turso-per-tenant,libsql,transaction,update-progress,lms,single,1,50,5,1365,0,0.0000,44.03,1064.35,1368.88,1639.88,1882.86,1116.71,2790.08,1005,,,,,,,,,,,,edge,closed-loop
writes,database-per-tenant,1,tenant-database-manifest,raw,uniform,,,,,,,,,0,0.7249190938511327,170,7,INSUFFICIENT_SAMPLES|HIGH_ERROR_RATE|POOL_SATURATED|WORKER_LIFECYCLE_CHANGED,tursodb-per-tenant,tursodb,transaction,update-progress,lms,single,1,50,1,481,140,0.2254,14.22,2830.47,3623.81,3990.99,,2557.81,4890.37,2435,,,,,,,,,,,,edge,closed-loop
writes,database-per-tenant,1,tenant-database-manifest,raw,uniform,,,,,,,,,0,0.7433264887063655,125,8,INSUFFICIENT_SAMPLES|HIGH_ERROR_RATE|POOL_SATURATED|WORKER_LIFECYCLE_CHANGED,tursodb-per-tenant,tursodb,transaction,update-progress,lms,single,1,50,2,403,86,0.1759,11.65,3360.68,4053.07,4357.08,,3316.37,4977.04,3180,,,,,,,,,,,,edge,closed-loop
writes,database-per-tenant,1,tenant-database-manifest,raw,uniform,,,,,,,,,0,0.7617107942973523,117,8,INSUFFICIENT_SAMPLES|HIGH_ERROR_RATE|POOL_SATURATED|WORKER_LIFECYCLE_CHANGED,tursodb-per-tenant,tursodb,transaction,update-progress,lms,single,1,50,3,416,78,0.1579,12.07,3310.42,4084.67,4253.03,,3262.18,4949.08,3262,,,,,,,,,,,,edge,closed-loop
writes,database-per-tenant,1,tenant-database-manifest,raw,uniform,,,,,,,,,0,0.7510729613733905,116,8,INSUFFICIENT_SAMPLES|HIGH_ERROR_RATE|POOL_SATURATED|WORKER_LIFECYCLE_CHANGED,tursodb-per-tenant,tursodb,transaction,update-progress,lms,single,1,50,4,395,82,0.1719,11.59,3404.92,4158.96,4288.13,,3334.88,4897.48,3347,,,,,,,,,,,,edge,closed-loop
writes,database-per-tenant,1,tenant-database-manifest,raw,uniform,,,,,,,,,0,0.7701612903225806,114,8,INSUFFICIENT_SAMPLES|HIGH_ERROR_RATE|POOL_SATURATED|WORKER_LIFECYCLE_CHANGED,tursodb-per-tenant,tursodb,transaction,update-progress,lms,single,1,50,5,422,75,0.1509,12.29,3245.45,4129.77,4290.5,,3256.57,4657.39,3187,,,,,,,,,,,,edge,closed-loop
writes,database-per-tenant,1,explicit-worker-binding,raw,uniform,,,,,,,,,,,,,WORKER_LIFECYCLE_CHANGED,d1-per-tenant,d1,transaction,update-progress,lms,single,1,100,1,7420,0,0.0000,244.73,376.47,599.46,645.48,718.78,407.89,1498.37,182,,,,,,,,,,,,edge,closed-loop
writes,database-per-tenant,1,explicit-worker-binding,raw,uniform,,,,,,,,,,,,,WORKER_LIFECYCLE_CHANGED,d1-per-tenant,d1,transaction,update-progress,lms,single,1,100,2,7777,0,0.0000,254.94,359.66,577.56,637.16,688.68,389.19,1534,157,,,,,,,,,,,,edge,closed-loop
writes,database-per-tenant,1,explicit-worker-binding,raw,uniform,,,,,,,,,,,,,WORKER_LIFECYCLE_CHANGED,d1-per-tenant,d1,transaction,update-progress,lms,single,1,100,3,8218,0,0.0000,272,343.78,539.99,598.57,827.55,366.7,2208.5,237,,,,,,,,,,,,edge,closed-loop
writes,database-per-tenant,1,explicit-worker-binding,raw,uniform,,,,,,,,,,,,,WORKER_LIFECYCLE_CHANGED,d1-per-tenant,d1,transaction,update-progress,lms,single,1,100,4,8427,0,0.0000,278.39,349.86,481.01,526.64,712.11,358.71,767.11,256,,,,,,,,,,,,edge,closed-loop
writes,database-per-tenant,1,explicit-worker-binding,raw,uniform,,,,,,,,,,,,,WORKER_LIFECYCLE_CHANGED,d1-per-tenant,d1,transaction,update-progress,lms,single,1,100,5,7608,0,0.0000,252.27,385.1,530.48,565.67,679.46,395.93,702.38,292,,,,,,,,,,,,edge,closed-loop
writes,database-per-tenant,1,tenant-database-manifest,raw,uniform,,,,,,,,,179,0.9310344827586207,92,10,POOL_SATURATED|WORKER_LIFECYCLE_CHANGED|HIGH_ERROR_RATE|HIGH_VARIANCE,turso-per-tenant,libsql,transaction,update-progress,lms,single,1,100,1,1334,2,0.0015,40.6,2255.36,3241.97,3500.31,4084.91,2347.6,4869.69,2144,,,,,,,,,,,,edge,closed-loop
writes,database-per-tenant,1,tenant-database-manifest,raw,uniform,,,,,,,,,185,0.9388379204892966,80,9,POOL_SATURATED|WORKER_LIFECYCLE_CHANGED|HIGH_ERROR_RATE|HIGH_VARIANCE,turso-per-tenant,libsql,transaction,update-progress,lms,single,1,100,2,1308,6,0.0046,40.42,2194.13,3253.94,3803.25,4525.09,2361.93,4935.42,1931,,,,,,,,,,,,edge,closed-loop
writes,database-per-tenant,1,tenant-database-manifest,raw,uniform,,,,,,,,,284,0.930640243902439,91,13,POOL_SATURATED|WORKER_LIFECYCLE_CHANGED|HIGH_ERROR_RATE|HIGH_VARIANCE,turso-per-tenant,libsql,transaction,update-progress,lms,single,1,100,3,1312,6,0.0046,40.75,2180.85,3414.57,3688.19,4401.21,2345.81,4965.8,2099,,,,,,,,,,,,edge,closed-loop
writes,database-per-tenant,1,tenant-database-manifest,raw,uniform,,,,,,,,,416,0.9228855721393034,93,13,POOL_SATURATED|WORKER_LIFECYCLE_CHANGED|HIGH_ERROR_RATE|HIGH_VARIANCE,turso-per-tenant,libsql,transaction,update-progress,lms,single,1,100,4,1206,13,0.0107,36.91,2390.12,3557.83,3731.67,4112.71,2542.61,4896.85,2322,,,,,,,,,,,,edge,closed-loop
writes,database-per-tenant,1,tenant-database-manifest,raw,uniform,,,,,,,,,395,0.9391785150078988,77,8,POOL_SATURATED|WORKER_LIFECYCLE_CHANGED|HIGH_ERROR_RATE|HIGH_VARIANCE,turso-per-tenant,libsql,transaction,update-progress,lms,single,1,100,5,1266,8,0.0063,38.81,2353.04,3443.87,3763.87,4276.07,2440.91,4883.88,2289,,,,,,,,,,,,edge,closed-loop
writes,database-per-tenant,1,tenant-database-manifest,raw,uniform,,,,,,,,,244,0.626890756302521,222,8,INSUFFICIENT_SAMPLES|HIGH_ERROR_RATE|POOL_SATURATED|WORKER_LIFECYCLE_CHANGED,tursodb-per-tenant,tursodb,transaction,update-progress,lms,single,1,100,1,467,348,0.4270,13.38,3545.27,4656.01,4801.08,,3613.61,4995.1,3302,,,,,,,,,,,,edge,closed-loop
writes,database-per-tenant,1,tenant-database-manifest,raw,uniform,,,,,,,,,0,0.6373239436619719,206,11,INSUFFICIENT_SAMPLES|HIGH_ERROR_RATE|POOL_SATURATED|WORKER_LIFECYCLE_CHANGED,tursodb-per-tenant,tursodb,transaction,update-progress,lms,single,1,100,2,476,312,0.3959,13.61,3996.02,4753.85,4890.57,,3821.82,4997.55,3597,,,,,,,,,,,,edge,closed-loop
writes,database-per-tenant,1,tenant-database-manifest,raw,uniform,,,,,,,,,192,0.5988483685220729,209,8,INSUFFICIENT_SAMPLES|HIGH_ERROR_RATE|POOL_SATURATED|WORKER_LIFECYCLE_CHANGED,tursodb-per-tenant,tursodb,transaction,update-progress,lms,single,1,100,3,435,356,0.4501,12.46,3758.77,4675.71,4883.61,,3655.8,4995.69,3660,,,,,,,,,,,,edge,closed-loop
writes,database-per-tenant,1,tenant-database-manifest,raw,uniform,,,,,,,,,154,0.5519348268839104,220,8,INSUFFICIENT_SAMPLES|HIGH_ERROR_RATE|POOL_SATURATED|WORKER_LIFECYCLE_CHANGED,tursodb-per-tenant,tursodb,transaction,update-progress,lms,single,1,100,4,410,376,0.4784,11.74,3681.07,4769.97,4898.11,,3613.99,4987.23,3559,,,,,,,,,,,,edge,closed-loop
writes,database-per-tenant,1,tenant-database-manifest,raw,uniform,,,,,,,,,501,0.6167557932263814,215,8,INSUFFICIENT_SAMPLES|HIGH_ERROR_RATE|POOL_SATURATED|WORKER_LIFECYCLE_CHANGED,tursodb-per-tenant,tursodb,transaction,update-progress,lms,single,1,100,5,474,318,0.4015,13.56,3917.02,4739.65,4873.5,,3739.17,4991.68,3847,,,,,,,,,,,,edge,closed-loop
writes,database-per-tenant,1,explicit-worker-binding,raw,uniform,,,,,,,,,,,,,INSUFFICIENT_SAMPLES|HIGH_VARIANCE,d1-per-tenant,d1,transaction,submit-quiz-answer,lms,single,1,1,1,122,0,0.0000,4.04,200.59,369.01,488.3,,247.6,784.91,137,,,,,,,,,,,,edge,closed-loop
writes,database-per-tenant,1,explicit-worker-binding,raw,uniform,,,,,,,,,,,,,INSUFFICIENT_SAMPLES|HIGH_VARIANCE,d1-per-tenant,d1,transaction,submit-quiz-answer,lms,single,1,1,2,97,0,0.0000,3.2,202.66,607.83,650.04,,312.65,804.81,137,,,,,,,,,,,,edge,closed-loop
writes,database-per-tenant,1,explicit-worker-binding,raw,uniform,,,,,,,,,,,,,INSUFFICIENT_SAMPLES|HIGH_VARIANCE,d1-per-tenant,d1,transaction,submit-quiz-answer,lms,single,1,1,3,141,0,0.0000,4.68,201.83,247.69,301.87,,213.68,378.62,139,,,,,,,,,,,,edge,closed-loop
writes,database-per-tenant,1,explicit-worker-binding,raw,uniform,,,,,,,,,,,,,INSUFFICIENT_SAMPLES|HIGH_VARIANCE,d1-per-tenant,d1,transaction,submit-quiz-answer,lms,single,1,1,4,138,0,0.0000,4.59,208.86,236.6,282.21,,217.87,603.39,143,,,,,,,,,,,,edge,closed-loop
writes,database-per-tenant,1,explicit-worker-binding,raw,uniform,,,,,,,,,,,,,INSUFFICIENT_SAMPLES|HIGH_VARIANCE,d1-per-tenant,d1,transaction,submit-quiz-answer,lms,single,1,1,5,133,0,0.0000,4.42,216.13,268.07,292.54,,225.97,324.33,143,,,,,,,,,,,,edge,closed-loop
writes,database-per-tenant,1,tenant-database-manifest,raw,uniform,,,,,,,,,0,1,0,0,INSUFFICIENT_SAMPLES|HIGH_VARIANCE,turso-per-tenant,libsql,transaction,submit-quiz-answer,lms,single,1,1,1,102,0,0.0000,3.38,225.72,555.01,633.91,,296.02,761.74,159,,,,,,,,,,,,edge,closed-loop
writes,database-per-tenant,1,tenant-database-manifest,raw,uniform,,,,,,,,,0,1,0,0,INSUFFICIENT_SAMPLES|HIGH_VARIANCE,turso-per-tenant,libsql,transaction,submit-quiz-answer,lms,single,1,1,2,86,0,0.0000,2.85,247.91,635.37,670.83,,351.08,725.91,157,,,,,,,,,,,,edge,closed-loop
writes,database-per-tenant,1,tenant-database-manifest,raw,uniform,,,,,,,,,0,1,0,0,INSUFFICIENT_SAMPLES|HIGH_VARIANCE,turso-per-tenant,libsql,transaction,submit-quiz-answer,lms,single,1,1,3,132,0,0.0000,4.39,220.07,252.45,292.46,,227.68,382.09,160,,,,,,,,,,,,edge,closed-loop
writes,database-per-tenant,1,tenant-database-manifest,raw,uniform,,,,,,,,,0,1,0,0,INSUFFICIENT_SAMPLES|HIGH_VARIANCE,turso-per-tenant,libsql,transaction,submit-quiz-answer,lms,single,1,1,4,128,0,0.0000,4.24,224.24,265.18,278.81,,235.8,470.11,165,,,,,,,,,,,,edge,closed-loop
writes,database-per-tenant,1,tenant-database-manifest,raw,uniform,,,,,,,,,0,1,0,0,INSUFFICIENT_SAMPLES|HIGH_VARIANCE,turso-per-tenant,libsql,transaction,submit-quiz-answer,lms,single,1,1,5,125,0,0.0000,4.14,231.32,277.98,307.98,,241.43,423.55,165,,,,,,,,,,,,edge,closed-loop
writes,database-per-tenant,1,tenant-database-manifest,raw,uniform,,,,,,,,,0,1,0,0,INSUFFICIENT_SAMPLES|WORKER_LIFECYCLE_CHANGED|HIGH_VARIANCE,tursodb-per-tenant,tursodb,transaction,submit-quiz-answer,lms,single,1,1,1,63,0,0.0000,2.1,355.38,791.8,820.94,,476.09,944.89,279,,,,,,,,,,,,edge,closed-loop
writes,database-per-tenant,1,tenant-database-manifest,raw,uniform,,,,,,,,,0,1,0,0,INSUFFICIENT_SAMPLES|WORKER_LIFECYCLE_CHANGED|HIGH_VARIANCE,tursodb-per-tenant,tursodb,transaction,submit-quiz-answer,lms,single,1,1,2,65,0,0.0000,2.12,349.31,731.01,754.95,,470.96,878.37,280,,,,,,,,,,,,edge,closed-loop
writes,database-per-tenant,1,tenant-database-manifest,raw,uniform,,,,,,,,,0,0.9879518072289156,1,1,INSUFFICIENT_SAMPLES|WORKER_LIFECYCLE_CHANGED|HIGH_VARIANCE,tursodb-per-tenant,tursodb,transaction,submit-quiz-answer,lms,single,1,1,3,83,0,0.0000,2.76,343.11,443.88,481.48,,362.03,562.26,280,,,,,,,,,,,,edge,closed-loop
writes,database-per-tenant,1,tenant-database-manifest,raw,uniform,,,,,,,,,0,1,0,0,INSUFFICIENT_SAMPLES|WORKER_LIFECYCLE_CHANGED|HIGH_VARIANCE,tursodb-per-tenant,tursodb,transaction,submit-quiz-answer,lms,single,1,1,4,90,0,0.0000,2.99,340.01,354.83,360.66,,334.61,449.29,284,,,,,,,,,,,,edge,closed-loop
writes,database-per-tenant,1,tenant-database-manifest,raw,uniform,,,,,,,,,0,1,0,0,INSUFFICIENT_SAMPLES|WORKER_LIFECYCLE_CHANGED|HIGH_VARIANCE,tursodb-per-tenant,tursodb,transaction,submit-quiz-answer,lms,single,1,1,5,90,0,0.0000,2.97,344.61,366.09,380.09,,336.54,426.02,281,,,,,,,,,,,,edge,closed-loop
writes,database-per-tenant,1,explicit-worker-binding,raw,uniform,,,,,,,,,,,,,WORKER_LIFECYCLE_CHANGED,d1-per-tenant,d1,transaction,submit-quiz-answer,lms,single,1,10,1,1259,0,0.0000,41.73,233.62,266.68,286,346.34,239.03,389.63,173,,,,,,,,,,,,edge,closed-loop
writes,database-per-tenant,1,explicit-worker-binding,raw,uniform,,,,,,,,,,,,,WORKER_LIFECYCLE_CHANGED,d1-per-tenant,d1,transaction,submit-quiz-answer,lms,single,1,10,2,1259,0,0.0000,41.75,235.11,263.55,288.12,333.92,239.12,375.71,174,,,,,,,,,,,,edge,closed-loop
writes,database-per-tenant,1,explicit-worker-binding,raw,uniform,,,,,,,,,,,,,WORKER_LIFECYCLE_CHANGED,d1-per-tenant,d1,transaction,submit-quiz-answer,lms,single,1,10,3,1223,0,0.0000,40.53,241.1,277.76,295.54,342.57,246.15,406.57,180,,,,,,,,,,,,edge,closed-loop
writes,database-per-tenant,1,explicit-worker-binding,raw,uniform,,,,,,,,,,,,,WORKER_LIFECYCLE_CHANGED,d1-per-tenant,d1,transaction,submit-quiz-answer,lms,single,1,10,4,1197,0,0.0000,39.65,247.39,278.47,296.4,343.99,251.48,414.6,184,,,,,,,,,,,,edge,closed-loop
writes,database-per-tenant,1,explicit-worker-binding,raw,uniform,,,,,,,,,,,,,WORKER_LIFECYCLE_CHANGED,d1-per-tenant,d1,transaction,submit-quiz-answer,lms,single,1,10,5,1144,0,0.0000,37.87,255.08,308.67,334.14,379.12,263.3,456.23,184,,,,,,,,,,,,edge,closed-loop
writes,database-per-tenant,1,tenant-database-manifest,raw,uniform,,,,,,,,,0,0.9909729187562688,9,5,INSUFFICIENT_SAMPLES|WORKER_LIFECYCLE_CHANGED|HIGH_VARIANCE,turso-per-tenant,libsql,transaction,submit-quiz-answer,lms,single,1,10,1,997,0,0.0000,32.59,284.79,414.19,474.73,,305.57,759.08,206,,,,,,,,,,,,edge,closed-loop
writes,database-per-tenant,1,tenant-database-manifest,raw,uniform,,,,,,,,,0,0.9897959183673469,9,4,INSUFFICIENT_SAMPLES|WORKER_LIFECYCLE_CHANGED|HIGH_VARIANCE,turso-per-tenant,libsql,transaction,submit-quiz-answer,lms,single,1,10,2,882,0,0.0000,28.96,264.07,601.04,653.78,,342.69,1384.09,175,,,,,,,,,,,,edge,closed-loop
writes,database-per-tenant,1,tenant-database-manifest,raw,uniform,,,,,,,,,0,0.9920283436669619,9,6,INSUFFICIENT_SAMPLES|WORKER_LIFECYCLE_CHANGED|HIGH_VARIANCE,turso-per-tenant,libsql,transaction,submit-quiz-answer,lms,single,1,10,3,1129,0,0.0000,37.22,247.01,345.91,390.48,494.15,267.26,664.54,187,,,,,,,,,,,,edge,closed-loop
writes,database-per-tenant,1,tenant-database-manifest,raw,uniform,,,,,,,,,0,0.9919928825622776,9,5,INSUFFICIENT_SAMPLES|WORKER_LIFECYCLE_CHANGED|HIGH_VARIANCE,turso-per-tenant,libsql,transaction,submit-quiz-answer,lms,single,1,10,4,1124,0,0.0000,36.94,248.73,342.04,375.47,558.05,269.37,718.4,187,,,,,,,,,,,,edge,closed-loop
writes,database-per-tenant,1,tenant-database-manifest,raw,uniform,,,,,,,,,0,0.9917355371900827,9,6,INSUFFICIENT_SAMPLES|WORKER_LIFECYCLE_CHANGED|HIGH_VARIANCE,turso-per-tenant,libsql,transaction,submit-quiz-answer,lms,single,1,10,5,1089,0,0.0000,36.01,255.73,364.81,390.17,459.84,276.48,800.9,194,,,,,,,,,,,,edge,closed-loop
writes,database-per-tenant,1,tenant-database-manifest,raw,uniform,,,,,,,,,0,0.9799107142857143,9,5,INSUFFICIENT_SAMPLES|WORKER_LIFECYCLE_CHANGED,tursodb-per-tenant,tursodb,transaction,submit-quiz-answer,lms,single,1,10,1,448,0,0.0000,14.34,645.84,805.76,1098.76,,683.81,1449.83,583,,,,,,,,,,,,edge,closed-loop
writes,database-per-tenant,1,tenant-database-manifest,raw,uniform,,,,,,,,,0,0.9817813765182186,9,4,INSUFFICIENT_SAMPLES|WORKER_LIFECYCLE_CHANGED,tursodb-per-tenant,tursodb,transaction,submit-quiz-answer,lms,single,1,10,2,494,0,0.0000,15.92,622.06,673.85,719.55,,617.51,1093.32,567,,,,,,,,,,,,edge,closed-loop
writes,database-per-tenant,1,tenant-database-manifest,raw,uniform,,,,,,,,,0,0.9820359281437125,9,6,INSUFFICIENT_SAMPLES|WORKER_LIFECYCLE_CHANGED,tursodb-per-tenant,tursodb,transaction,submit-quiz-answer,lms,single,1,10,3,501,0,0.0000,16.09,623,676.05,707.91,,609.73,1160.19,567,,,,,,,,,,,,edge,closed-loop
writes,database-per-tenant,1,tenant-database-manifest,raw,uniform,,,,,,,,,0,0.9811320754716981,9,5,INSUFFICIENT_SAMPLES|WORKER_LIFECYCLE_CHANGED,tursodb-per-tenant,tursodb,transaction,submit-quiz-answer,lms,single,1,10,4,477,0,0.0000,15.39,635.04,725.51,893.13,,638.96,1520.9,573,,,,,,,,,,,,edge,closed-loop
writes,database-per-tenant,1,tenant-database-manifest,raw,uniform,,,,,,,,,0,0.9825918762088974,9,6,INSUFFICIENT_SAMPLES|WORKER_LIFECYCLE_CHANGED,tursodb-per-tenant,tursodb,transaction,submit-quiz-answer,lms,single,1,10,5,517,0,0.0000,16.64,590,711.27,744.99,,590.49,1101.13,530,,,,,,,,,,,,edge,closed-loop
writes,database-per-tenant,1,explicit-worker-binding,raw,uniform,,,,,,,,,,,,,WORKER_LIFECYCLE_CHANGED|HIGH_VARIANCE,d1-per-tenant,d1,transaction,submit-quiz-answer,lms,single,1,50,1,4140,0,0.0000,136.71,361.25,446.38,483.68,529.77,364.39,711.37,286,,,,,,,,,,,,edge,closed-loop
writes,database-per-tenant,1,explicit-worker-binding,raw,uniform,,,,,,,,,,,,,WORKER_LIFECYCLE_CHANGED|HIGH_VARIANCE,d1-per-tenant,d1,transaction,submit-quiz-answer,lms,single,1,50,2,3217,0,0.0000,105.05,430.16,723.64,779.2,875.22,471.23,2353.07,251,,,,,,,,,,,,edge,closed-loop
writes,database-per-tenant,1,explicit-worker-binding,raw,uniform,,,,,,,,,,,,,WORKER_LIFECYCLE_CHANGED|HIGH_VARIANCE,d1-per-tenant,d1,transaction,submit-quiz-answer,lms,single,1,50,3,3933,0,0.0000,129.97,364.49,491.6,590.35,715.66,383.04,1364.03,285,,,,,,,,,,,,edge,closed-loop
writes,database-per-tenant,1,explicit-worker-binding,raw,uniform,,,,,,,,,,,,,WORKER_LIFECYCLE_CHANGED|HIGH_VARIANCE,d1-per-tenant,d1,transaction,submit-quiz-answer,lms,single,1,50,4,3697,0,0.0000,121.65,375.22,498.77,579.11,1176.97,409.26,1499.83,298,,,,,,,,,,,,edge,closed-loop
writes,database-per-tenant,1,explicit-worker-binding,raw,uniform,,,,,,,,,,,,,WORKER_LIFECYCLE_CHANGED|HIGH_VARIANCE,d1-per-tenant,d1,transaction,submit-quiz-answer,lms,single,1,50,5,3484,0,0.0000,115,414.79,525.33,595.79,1189.28,432.72,1379.48,333,,,,,,,,,,,,edge,closed-loop
writes,database-per-tenant,1,tenant-database-manifest,raw,uniform,,,,,,,,,0,0.9555555555555556,48,8,POOL_SATURATED|WORKER_LIFECYCLE_CHANGED|HIGH_VARIANCE,turso-per-tenant,libsql,transaction,submit-quiz-answer,lms,single,1,50,1,1080,0,0.0000,34.58,1372.07,1813.42,1917.76,2291.29,1418.71,3362.97,1315,,,,,,,,,,,,edge,closed-loop
writes,database-per-tenant,1,tenant-database-manifest,raw,uniform,,,,,,,,,0,0.961038961038961,45,8,POOL_SATURATED|WORKER_LIFECYCLE_CHANGED|HIGH_VARIANCE,turso-per-tenant,libsql,transaction,submit-quiz-answer,lms,single,1,50,2,1155,0,0.0000,36.9,1114.31,1876.62,2548.15,3525.89,1329.98,4889.65,1056,,,,,,,,,,,,edge,closed-loop
writes,database-per-tenant,1,tenant-database-manifest,raw,uniform,,,,,,,,,0,0.9596042868920033,49,8,POOL_SATURATED|WORKER_LIFECYCLE_CHANGED|HIGH_VARIANCE,turso-per-tenant,libsql,transaction,submit-quiz-answer,lms,single,1,50,3,1213,0,0.0000,38.91,1267.16,1368.64,1431.04,1844.41,1261.48,2224.26,1206,,,,,,,,,,,,edge,closed-loop
writes,database-per-tenant,1,tenant-database-manifest,raw,uniform,,,,,,,,,0,0.9638643067846607,49,7,POOL_SATURATED|WORKER_LIFECYCLE_CHANGED|HIGH_VARIANCE,turso-per-tenant,libsql,transaction,submit-quiz-answer,lms,single,1,50,4,1356,0,0.0000,43.65,1101.89,1189.93,1418.45,2002.75,1125.18,2501.27,1046,,,,,,,,,,,,edge,closed-loop
writes,database-per-tenant,1,tenant-database-manifest,raw,uniform,,,,,,,,,0,0.9552529182879378,46,8,POOL_SATURATED|WORKER_LIFECYCLE_CHANGED|HIGH_VARIANCE,turso-per-tenant,libsql,transaction,submit-quiz-answer,lms,single,1,50,5,1028,0,0.0000,32.7,1439.8,1853.06,2137.71,2486.98,1496.45,2970.13,1378,,,,,,,,,,,,edge,closed-loop
writes,database-per-tenant,1,tenant-database-manifest,raw,uniform,,,,,,,,,0,0.900990099009901,50,7,INSUFFICIENT_SAMPLES|HIGH_ERROR_RATE|POOL_SATURATED|WORKER_LIFECYCLE_CHANGED|HIGH_VARIANCE,tursodb-per-tenant,tursodb,transaction,submit-quiz-answer,lms,single,1,50,1,505,21,0.0399,14.46,3098.15,3330.18,3529.9,,3036.49,4960.76,3044,,,,,,,,,,,,edge,closed-loop
writes,database-per-tenant,1,tenant-database-manifest,raw,uniform,,,,,,,,,0,0.8877118644067796,53,8,INSUFFICIENT_SAMPLES|HIGH_ERROR_RATE|POOL_SATURATED|WORKER_LIFECYCLE_CHANGED|HIGH_VARIANCE,tursodb-per-tenant,tursodb,transaction,submit-quiz-answer,lms,single,1,50,2,472,14,0.0288,13.5,3369.09,3791.1,4198.25,,3279.39,4998.28,3092,,,,,,,,,,,,edge,closed-loop
writes,database-per-tenant,1,tenant-database-manifest,raw,uniform,,,,,,,,,0,0.8813186813186813,54,8,INSUFFICIENT_SAMPLES|HIGH_ERROR_RATE|POOL_SATURATED|WORKER_LIFECYCLE_CHANGED|HIGH_VARIANCE,tursodb-per-tenant,tursodb,transaction,submit-quiz-answer,lms,single,1,50,3,455,31,0.0638,13.01,3221.6,3885.49,4395.96,,3255.77,4983.95,3165,,,,,,,,,,,,edge,closed-loop
writes,database-per-tenant,1,tenant-database-manifest,raw,uniform,,,,,,,,,0,0.9066666666666666,49,7,INSUFFICIENT_SAMPLES|HIGH_ERROR_RATE|POOL_SATURATED|WORKER_LIFECYCLE_CHANGED|HIGH_VARIANCE,tursodb-per-tenant,tursodb,transaction,submit-quiz-answer,lms,single,1,50,4,525,19,0.0349,15,3051.6,3294,3318.1,,2952.67,4955.86,2997,,,,,,,,,,,,edge,closed-loop
writes,database-per-tenant,1,tenant-database-manifest,raw,uniform,,,,,,,,,0,0.9041916167664671,48,8,INSUFFICIENT_SAMPLES|HIGH_ERROR_RATE|POOL_SATURATED|WORKER_LIFECYCLE_CHANGED|HIGH_VARIANCE,tursodb-per-tenant,tursodb,transaction,submit-quiz-answer,lms,single,1,50,5,501,18,0.0347,14.33,3094.2,3682.3,4283.94,,3082.53,4996.14,3030,,,,,,,,,,,,edge,closed-loop
writes,database-per-tenant,1,explicit-worker-binding,raw,uniform,,,,,,,,,,,,,WORKER_LIFECYCLE_CHANGED|HIGH_VARIANCE,d1-per-tenant,d1,transaction,submit-quiz-answer,lms,single,1,100,1,4865,0,0.0000,159.55,610.74,790.56,867.61,948.06,623.15,1552.73,483,,,,,,,,,,,,edge,closed-loop
writes,database-per-tenant,1,explicit-worker-binding,raw,uniform,,,,,,,,,,,,,WORKER_LIFECYCLE_CHANGED|HIGH_VARIANCE,d1-per-tenant,d1,transaction,submit-quiz-answer,lms,single,1,100,2,5353,0,0.0000,175.25,575.32,690.11,796.53,888.95,568.25,1099.88,466,,,,,,,,,,,,edge,closed-loop
writes,database-per-tenant,1,explicit-worker-binding,raw,uniform,,,,,,,,,,,,,WORKER_LIFECYCLE_CHANGED|HIGH_VARIANCE,d1-per-tenant,d1,transaction,submit-quiz-answer,lms,single,1,100,3,4849,0,0.0000,160.52,595.25,785.5,863.53,968.26,620.2,987.01,486,,,,,,,,,,,,edge,closed-loop
writes,database-per-tenant,1,explicit-worker-binding,raw,uniform,,,,,,,,,,,,,WORKER_LIFECYCLE_CHANGED|HIGH_VARIANCE,d1-per-tenant,d1,transaction,submit-quiz-answer,lms,single,1,100,4,4999,0,0.0000,165.34,593.69,743.11,789.07,894.76,602.09,1080.79,502,,,,,,,,,,,,edge,closed-loop
writes,database-per-tenant,1,explicit-worker-binding,raw,uniform,,,,,,,,,,,,,WORKER_LIFECYCLE_CHANGED|HIGH_VARIANCE,d1-per-tenant,d1,transaction,submit-quiz-answer,lms,single,1,100,5,3861,0,0.0000,127.61,748.85,1010.58,1081.5,1635.02,778.27,2020.43,623,,,,,,,,,,,,edge,closed-loop
writes,database-per-tenant,1,tenant-database-manifest,raw,uniform,,,,,,,,,320,0.9420970266040689,74,8,POOL_SATURATED|WORKER_LIFECYCLE_CHANGED|HIGH_ERROR_RATE|HIGH_VARIANCE,turso-per-tenant,libsql,transaction,submit-quiz-answer,lms,single,1,100,1,1278,4,0.0031,39.28,2222.94,3452.91,3675.75,4363.23,2430.12,4979.74,2094,,,,,,,,,,,,edge,closed-loop
writes,database-per-tenant,1,tenant-database-manifest,raw,uniform,,,,,,,,,527,0.9485011529592621,67,8,POOL_SATURATED|WORKER_LIFECYCLE_CHANGED|HIGH_ERROR_RATE|HIGH_VARIANCE,turso-per-tenant,libsql,transaction,submit-quiz-answer,lms,single,1,100,2,1301,33,0.0247,39.41,2255.34,3080.77,3429.04,4028.02,2282.66,4872.28,2088,,,,,,,,,,,,edge,closed-loop
writes,database-per-tenant,1,tenant-database-manifest,raw,uniform,,,,,,,,,447,0.9334428923582581,81,11,POOL_SATURATED|WORKER_LIFECYCLE_CHANGED|HIGH_ERROR_RATE|HIGH_VARIANCE,turso-per-tenant,libsql,transaction,submit-quiz-answer,lms,single,1,100,3,1217,0,0.0000,37.23,2451.22,3575.9,3783.32,4058.62,2580.49,4484.13,2381,,,,,,,,,,,,edge,closed-loop
writes,database-per-tenant,1,tenant-database-manifest,raw,uniform,,,,,,,,,353,0.9345425867507886,83,8,POOL_SATURATED|WORKER_LIFECYCLE_CHANGED|HIGH_ERROR_RATE|HIGH_VARIANCE,turso-per-tenant,libsql,transaction,submit-quiz-answer,lms,single,1,100,4,1268,15,0.0117,39.43,2235.94,3367.23,3651.76,4133.21,2394.62,4902.21,2175,,,,,,,,,,,,edge,closed-loop
writes,database-per-tenant,1,tenant-database-manifest,raw,uniform,,,,,,,,,361,0.9139886578449905,91,9,POOL_SATURATED|WORKER_LIFECYCLE_CHANGED|HIGH_ERROR_RATE|HIGH_VARIANCE,turso-per-tenant,libsql,transaction,submit-quiz-answer,lms,single,1,100,5,1058,20,0.0186,32.48,2730.46,3925.26,4240.05,4684.64,2863.89,4948.19,2659,,,,,,,,,,,,edge,closed-loop
writes,database-per-tenant,1,tenant-database-manifest,raw,uniform,,,,,,,,,0,0.40828402366863903,100,10,INSUFFICIENT_SAMPLES|HIGH_ERROR_RATE|POOL_SATURATED|WORKER_LIFECYCLE_CHANGED,tursodb-per-tenant,tursodb,transaction,submit-quiz-answer,lms,single,1,100,1,169,528,0.7575,4.83,4185.59,4842.43,4919.41,,3553.79,4998.45,4015,,,,,,,,,,,,edge,closed-loop
writes,database-per-tenant,1,tenant-database-manifest,raw,uniform,,,,,,,,,0,0.2644628099173554,89,9,INSUFFICIENT_SAMPLES|HIGH_ERROR_RATE|POOL_SATURATED|WORKER_LIFECYCLE_CHANGED,tursodb-per-tenant,tursodb,transaction,submit-quiz-answer,lms,single,1,100,2,121,564,0.8234,3.46,3589.69,4806.83,4899.9,,3266.41,4950.84,3524,,,,,,,,,,,,edge,closed-loop
writes,database-per-tenant,1,tenant-database-manifest,raw,uniform,,,,,,,,,0,0.40441176470588236,81,8,INSUFFICIENT_SAMPLES|HIGH_ERROR_RATE|POOL_SATURATED|WORKER_LIFECYCLE_CHANGED,tursodb-per-tenant,tursodb,transaction,submit-quiz-answer,lms,single,1,100,3,136,557,0.8038,3.89,4010.22,4805.65,4916.91,,3318.49,4997.46,3725,,,,,,,,,,,,edge,closed-loop
writes,database-per-tenant,1,tenant-database-manifest,raw,uniform,,,,,,,,,0,0.49404761904761907,85,8,INSUFFICIENT_SAMPLES|HIGH_ERROR_RATE|POOL_SATURATED|WORKER_LIFECYCLE_CHANGED,tursodb-per-tenant,tursodb,transaction,submit-quiz-answer,lms,single,1,100,4,168,528,0.7586,4.81,3631.33,4805.38,4946.79,,3324.66,4996.41,3580,,,,,,,,,,,,edge,closed-loop
writes,database-per-tenant,1,tenant-database-manifest,raw,uniform,,,,,,,,,0,0.43147208121827413,112,11,INSUFFICIENT_SAMPLES|HIGH_ERROR_RATE|POOL_SATURATED|WORKER_LIFECYCLE_CHANGED,tursodb-per-tenant,tursodb,transaction,submit-quiz-answer,lms,single,1,100,5,197,508,0.7206,5.63,4166.5,4848.3,4939.75,,3616.4,4991.1,4095,,,,,,,,,,,,edge,closed-loop
writes,database-per-tenant,1,explicit-worker-binding,raw,uniform,,,,,,,,,,,,,INSUFFICIENT_SAMPLES,d1-per-tenant,d1,none,order-event,lms,single,1,1,1,215,0,0.0000,7.15,137.86,148.46,160.38,,139.85,290.79,81,,,,,,,,,,,,edge,closed-loop
writes,database-per-tenant,1,explicit-worker-binding,raw,uniform,,,,,,,,,,,,,INSUFFICIENT_SAMPLES,d1-per-tenant,d1,none,order-event,lms,single,1,1,2,212,0,0.0000,7.06,135.52,159.96,185.01,,141.53,274.91,77,,,,,,,,,,,,edge,closed-loop
writes,database-per-tenant,1,explicit-worker-binding,raw,uniform,,,,,,,,,,,,,INSUFFICIENT_SAMPLES,d1-per-tenant,d1,none,order-event,lms,single,1,1,3,212,0,0.0000,7.07,136.2,149.83,167.17,,141.48,305.12,82,,,,,,,,,,,,edge,closed-loop
writes,database-per-tenant,1,explicit-worker-binding,raw,uniform,,,,,,,,,,,,,INSUFFICIENT_SAMPLES,d1-per-tenant,d1,none,order-event,lms,single,1,1,4,207,0,0.0000,6.87,141.66,154.47,168.94,,145.46,251.35,83,,,,,,,,,,,,edge,closed-loop
writes,database-per-tenant,1,explicit-worker-binding,raw,uniform,,,,,,,,,,,,,INSUFFICIENT_SAMPLES,d1-per-tenant,d1,none,order-event,lms,single,1,1,5,197,0,0.0000,6.54,148.98,172,183.1,,152.76,261.3,85,,,,,,,,,,,,edge,closed-loop
writes,database-per-tenant,1,tenant-database-manifest,raw,uniform,,,,,,,,,0,1,0,0,INSUFFICIENT_SAMPLES|HIGH_VARIANCE,turso-per-tenant,libsql,none,order-event,lms,single,1,1,1,204,0,0.0000,6.79,143.96,162.1,179.08,,147.08,251.06,88,,,,,,,,,,,,edge,closed-loop
writes,database-per-tenant,1,tenant-database-manifest,raw,uniform,,,,,,,,,0,1,0,0,INSUFFICIENT_SAMPLES|HIGH_VARIANCE,turso-per-tenant,libsql,none,order-event,lms,single,1,1,2,136,0,0.0000,4.53,148.78,493.8,524.26,,220.64,640.38,89,,,,,,,,,,,,edge,closed-loop
writes,database-per-tenant,1,tenant-database-manifest,raw,uniform,,,,,,,,,0,1,0,0,INSUFFICIENT_SAMPLES|HIGH_VARIANCE,turso-per-tenant,libsql,none,order-event,lms,single,1,1,3,192,0,0.0000,6.39,146.47,186.73,224.48,,156.35,322.12,88,,,,,,,,,,,,edge,closed-loop
writes,database-per-tenant,1,tenant-database-manifest,raw,uniform,,,,,,,,,0,1,0,0,INSUFFICIENT_SAMPLES|HIGH_VARIANCE,turso-per-tenant,libsql,none,order-event,lms,single,1,1,4,186,0,0.0000,6.19,150.73,200.89,228.24,,161.5,325.17,93,,,,,,,,,,,,edge,closed-loop
writes,database-per-tenant,1,tenant-database-manifest,raw,uniform,,,,,,,,,0,1,0,0,INSUFFICIENT_SAMPLES|HIGH_VARIANCE,turso-per-tenant,libsql,none,order-event,lms,single,1,1,5,190,0,0.0000,6.31,152.16,179.92,201.43,,158.36,257.08,92,,,,,,,,,,,,edge,closed-loop
writes,database-per-tenant,1,tenant-database-manifest,raw,uniform,,,,,,,,,0,1,0,0,INSUFFICIENT_SAMPLES|HIGH_VARIANCE,tursodb-per-tenant,tursodb,none,order-event,lms,single,1,1,1,87,0,0.0000,2.89,289.89,561.57,610.11,,345.97,759.69,208,,,,,,,,,,,,edge,closed-loop
writes,database-per-tenant,1,tenant-database-manifest,raw,uniform,,,,,,,,,0,1,0,0,INSUFFICIENT_SAMPLES|HIGH_VARIANCE,tursodb-per-tenant,tursodb,none,order-event,lms,single,1,1,2,117,0,0.0000,3.89,260.38,292.57,319.37,,256.69,427.21,205,,,,,,,,,,,,edge,closed-loop
writes,database-per-tenant,1,tenant-database-manifest,raw,uniform,,,,,,,,,0,1,0,0,INSUFFICIENT_SAMPLES|HIGH_VARIANCE,tursodb-per-tenant,tursodb,none,order-event,lms,single,1,1,3,96,0,0.0000,3.19,278.49,397.41,568.5,,313.51,651.33,211,,,,,,,,,,,,edge,closed-loop
writes,database-per-tenant,1,tenant-database-manifest,raw,uniform,,,,,,,,,0,1,0,0,INSUFFICIENT_SAMPLES|HIGH_VARIANCE,tursodb-per-tenant,tursodb,none,order-event,lms,single,1,1,4,119,0,0.0000,3.96,264.72,279.99,283.59,,252.35,386.16,208,,,,,,,,,,,,edge,closed-loop
writes,database-per-tenant,1,tenant-database-manifest,raw,uniform,,,,,,,,,0,1,0,0,INSUFFICIENT_SAMPLES|HIGH_VARIANCE,tursodb-per-tenant,tursodb,none,order-event,lms,single,1,1,5,115,0,0.0000,3.81,265.69,287.76,308.95,,262.19,441.97,210,,,,,,,,,,,,edge,closed-loop
writes,database-per-tenant,1,explicit-worker-binding,raw,uniform,,,,,,,,,,,,,WORKER_LIFECYCLE_CHANGED|HIGH_VARIANCE,d1-per-tenant,d1,none,order-event,lms,single,1,10,1,1418,0,0.0000,46.45,158.73,453.13,512.33,604.9,213.41,656.83,93,,,,,,,,,,,,edge,closed-loop
writes,database-per-tenant,1,explicit-worker-binding,raw,uniform,,,,,,,,,,,,,WORKER_LIFECYCLE_CHANGED|HIGH_VARIANCE,d1-per-tenant,d1,none,order-event,lms,single,1,10,2,1791,0,0.0000,59.52,149.91,240.14,265.51,333.67,167.7,421.02,91,,,,,,,,,,,,edge,closed-loop
writes,database-per-tenant,1,explicit-worker-binding,raw,uniform,,,,,,,,,,,,,WORKER_LIFECYCLE_CHANGED|HIGH_VARIANCE,d1-per-tenant,d1,none,order-event,lms,single,1,10,3,1887,0,0.0000,62.61,153.82,179.13,210.28,306.45,159.48,339.25,96,,,,,,,,,,,,edge,closed-loop
writes,database-per-tenant,1,explicit-worker-binding,raw,uniform,,,,,,,,,,,,,WORKER_LIFECYCLE_CHANGED|HIGH_VARIANCE,d1-per-tenant,d1,none,order-event,lms,single,1,10,4,1876,0,0.0000,62.21,156.1,179.84,192.08,257.24,160.37,414.94,98,,,,,,,,,,,,edge,closed-loop
writes,database-per-tenant,1,explicit-worker-binding,raw,uniform,,,,,,,,,,,,,WORKER_LIFECYCLE_CHANGED|HIGH_VARIANCE,d1-per-tenant,d1,none,order-event,lms,single,1,10,5,1761,0,0.0000,58.54,164.15,197.71,225,295.1,170.73,466.47,102,,,,,,,,,,,,edge,closed-loop
writes,database-per-tenant,1,tenant-database-manifest,raw,uniform,,,,,,,,,0,0.9925249169435216,9,5,WORKER_LIFECYCLE_CHANGED|HIGH_VARIANCE,turso-per-tenant,libsql,none,order-event,lms,single,1,10,1,1204,0,0.0000,39.62,204.63,423.79,520.58,629.01,251.14,1233.98,136,,,,,,,,,,,,edge,closed-loop
writes,database-per-tenant,1,tenant-database-manifest,raw,uniform,,,,,,,,,0,0.9925496688741722,9,4,WORKER_LIFECYCLE_CHANGED|HIGH_VARIANCE,turso-per-tenant,libsql,none,order-event,lms,single,1,10,2,1208,0,0.0000,40,228.86,334.16,371.44,541.42,249.24,648.89,145,,,,,,,,,,,,edge,closed-loop
writes,database-per-tenant,1,tenant-database-manifest,raw,uniform,,,,,,,,,0,0.9940079893475366,9,6,WORKER_LIFECYCLE_CHANGED|HIGH_VARIANCE,turso-per-tenant,libsql,none,order-event,lms,single,1,10,3,1502,0,0.0000,49.81,190.85,242.28,269.6,356.38,200.24,590.17,136,,,,,,,,,,,,edge,closed-loop
writes,database-per-tenant,1,tenant-database-manifest,raw,uniform,,,,,,,,,0,0.9938356164383562,9,7,WORKER_LIFECYCLE_CHANGED|HIGH_VARIANCE,turso-per-tenant,libsql,none,order-event,lms,single,1,10,4,1460,0,0.0000,48.37,197.87,235.16,275.26,415.09,206.13,572.31,142,,,,,,,,,,,,edge,closed-loop
writes,database-per-tenant,1,tenant-database-manifest,raw,uniform,,,,,,,,,0,0.991106719367589,9,2,WORKER_LIFECYCLE_CHANGED|HIGH_VARIANCE,turso-per-tenant,libsql,none,order-event,lms,single,1,10,5,1012,0,0.0000,33.45,282.06,374.04,394.84,488.05,297.71,731.9,223,,,,,,,,,,,,edge,closed-loop
writes,database-per-tenant,1,tenant-database-manifest,raw,uniform,,,,,,,,,0,0.9749303621169917,9,5,INSUFFICIENT_SAMPLES|WORKER_LIFECYCLE_CHANGED,tursodb-per-tenant,tursodb,none,order-event,lms,single,1,10,1,359,0,0.0000,11.61,868.88,1069.75,1141.84,,849.11,1588.77,677,,,,,,,,,,,,edge,closed-loop
writes,database-per-tenant,1,tenant-database-manifest,raw,uniform,,,,,,,,,0,0.9764397905759162,9,4,INSUFFICIENT_SAMPLES|WORKER_LIFECYCLE_CHANGED,tursodb-per-tenant,tursodb,none,order-event,lms,single,1,10,2,382,0,0.0000,12.36,743.11,1057.27,1140.61,,795.38,1444.45,626,,,,,,,,,,,,edge,closed-loop
writes,database-per-tenant,1,tenant-database-manifest,raw,uniform,,,,,,,,,0,0.972809667673716,9,6,INSUFFICIENT_SAMPLES|WORKER_LIFECYCLE_CHANGED,tursodb-per-tenant,tursodb,none,order-event,lms,single,1,10,3,331,0,0.0000,10.57,909.88,1258.07,1278.43,,927.26,1369.19,859,,,,,,,,,,,,edge,closed-loop
writes,database-per-tenant,1,tenant-database-manifest,raw,uniform,,,,,,,,,0,0.9762532981530343,9,7,INSUFFICIENT_SAMPLES|WORKER_LIFECYCLE_CHANGED,tursodb-per-tenant,tursodb,none,order-event,lms,single,1,10,4,379,0,0.0000,12.17,744.82,1124.73,1218.99,,805.73,2132.34,689,,,,,,,,,,,,edge,closed-loop
writes,database-per-tenant,1,tenant-database-manifest,raw,uniform,,,,,,,,,0,0.9752747252747253,9,2,INSUFFICIENT_SAMPLES|WORKER_LIFECYCLE_CHANGED,tursodb-per-tenant,tursodb,none,order-event,lms,single,1,10,5,364,0,0.0000,11.7,808.8,1221.49,1294.37,,839.15,1354.67,746,,,,,,,,,,,,edge,closed-loop
writes,database-per-tenant,1,explicit-worker-binding,raw,uniform,,,,,,,,,,,,,WORKER_LIFECYCLE_CHANGED|HIGH_VARIANCE,d1-per-tenant,d1,none,order-event,lms,single,1,50,1,5916,0,0.0000,194.44,190.81,451.82,553.59,706.13,256.05,2056.26,112,,,,,,,,,,,,edge,closed-loop
writes,database-per-tenant,1,explicit-worker-binding,raw,uniform,,,,,,,,,,,,,WORKER_LIFECYCLE_CHANGED|HIGH_VARIANCE,d1-per-tenant,d1,none,order-event,lms,single,1,50,2,6978,0,0.0000,230.46,196.34,299.13,339.26,477.36,215.89,541.55,116,,,,,,,,,,,,edge,closed-loop
writes,database-per-tenant,1,explicit-worker-binding,raw,uniform,,,,,,,,,,,,,WORKER_LIFECYCLE_CHANGED|HIGH_VARIANCE,d1-per-tenant,d1,none,order-event,lms,single,1,50,3,7501,1,0.0001,248.41,186.69,245.31,294.36,437.98,201.09,1046.18,120,,,,,,,,,,,,edge,closed-loop
writes,database-per-tenant,1,explicit-worker-binding,raw,uniform,,,,,,,,,,,,,WORKER_LIFECYCLE_CHANGED|HIGH_VARIANCE,d1-per-tenant,d1,none,order-event,lms,single,1,50,4,6668,0,0.0000,221.11,202.96,315.4,351.37,543.62,225.91,1079.26,130,,,,,,,,,,,,edge,closed-loop
writes,database-per-tenant,1,explicit-worker-binding,raw,uniform,,,,,,,,,,,,,WORKER_LIFECYCLE_CHANGED|HIGH_VARIANCE,d1-per-tenant,d1,none,order-event,lms,single,1,50,5,6636,0,0.0000,219.72,212.35,300.72,357.14,495.75,226.87,663.62,140,,,,,,,,,,,,edge,closed-loop
writes,database-per-tenant,1,tenant-database-manifest,raw,uniform,,,,,,,,,0,0.9712679575265459,46,8,POOL_SATURATED|WORKER_LIFECYCLE_CHANGED,turso-per-tenant,libsql,none,order-event,lms,single,1,50,1,1601,0,0.0000,51.95,893.35,1102.27,1356.03,1800.86,949.94,2684.33,819,,,,,,,,,,,,edge,closed-loop
writes,database-per-tenant,1,tenant-database-manifest,raw,uniform,,,,,,,,,0,0.966467958271237,45,8,POOL_SATURATED|WORKER_LIFECYCLE_CHANGED,turso-per-tenant,libsql,none,order-event,lms,single,1,50,2,1342,0,0.0000,43.16,1043.95,1578.07,1744.49,2141.85,1138.09,2933.87,934,,,,,,,,,,,,edge,closed-loop
writes,database-per-tenant,1,tenant-database-manifest,raw,uniform,,,,,,,,,0,0.9711236660389203,46,8,POOL_SATURATED|WORKER_LIFECYCLE_CHANGED,turso-per-tenant,libsql,none,order-event,lms,single,1,50,3,1593,0,0.0000,51.61,918.36,1112.31,1305.21,1725.91,955.56,2310.45,863,,,,,,,,,,,,edge,closed-loop
writes,database-per-tenant,1,tenant-database-manifest,raw,uniform,,,,,,,,,0,0.9670477471418965,49,8,POOL_SATURATED|WORKER_LIFECYCLE_CHANGED,turso-per-tenant,libsql,none,order-event,lms,single,1,50,4,1487,0,0.0000,47.98,983.26,1125.86,1192.92,1828.72,1024.96,2199.89,926,,,,,,,,,,,,edge,closed-loop
writes,database-per-tenant,1,tenant-database-manifest,raw,uniform,,,,,,,,,0,0.9676956209619526,45,8,POOL_SATURATED|WORKER_LIFECYCLE_CHANGED,turso-per-tenant,libsql,none,order-event,lms,single,1,50,5,1393,0,0.0000,45.04,1027.08,1472.18,1685.08,1904.2,1093.66,2792.17,968,,,,,,,,,,,,edge,closed-loop
writes,database-per-tenant,1,tenant-database-manifest,raw,uniform,,,,,,,,,0,0.862533692722372,51,8,INSUFFICIENT_SAMPLES|HIGH_ERROR_RATE|POOL_SATURATED|WORKER_LIFECYCLE_CHANGED|HIGH_VARIANCE,tursodb-per-tenant,tursodb,none,order-event,lms,single,1,50,1,371,40,0.0973,10.64,4037.72,4504.08,4581.87,,3841.77,4999.12,3772,,,,,,,,,,,,edge,closed-loop
writes,database-per-tenant,1,tenant-database-manifest,raw,uniform,,,,,,,,,0,0.7817589576547231,67,8,INSUFFICIENT_SAMPLES|HIGH_ERROR_RATE|POOL_SATURATED|WORKER_LIFECYCLE_CHANGED|HIGH_VARIANCE,tursodb-per-tenant,tursodb,none,order-event,lms,single,1,50,2,307,74,0.1942,8.77,4414.45,4898.85,4937.75,,4093.49,4992.18,4304,,,,,,,,,,,,edge,closed-loop
writes,database-per-tenant,1,tenant-database-manifest,raw,uniform,,,,,,,,,0,0.8733850129198967,49,8,INSUFFICIENT_SAMPLES|HIGH_ERROR_RATE|POOL_SATURATED|WORKER_LIFECYCLE_CHANGED|HIGH_VARIANCE,tursodb-per-tenant,tursodb,none,order-event,lms,single,1,50,3,387,23,0.0561,11.07,4109.74,4587.43,4746.31,,3939.46,4995.89,4056,,,,,,,,,,,,edge,closed-loop
writes,database-per-tenant,1,tenant-database-manifest,raw,uniform,,,,,,,,,0,0.8689839572192514,49,8,INSUFFICIENT_SAMPLES|HIGH_ERROR_RATE|POOL_SATURATED|WORKER_LIFECYCLE_CHANGED|HIGH_VARIANCE,tursodb-per-tenant,tursodb,none,order-event,lms,single,1,50,4,374,28,0.0697,10.71,4095.92,4723.54,4854.83,,3938.25,4996.18,4037,,,,,,,,,,,,edge,closed-loop
writes,database-per-tenant,1,tenant-database-manifest,raw,uniform,,,,,,,,,0,0.7777777777777778,72,8,INSUFFICIENT_SAMPLES|HIGH_ERROR_RATE|POOL_SATURATED|WORKER_LIFECYCLE_CHANGED|HIGH_VARIANCE,tursodb-per-tenant,tursodb,none,order-event,lms,single,1,50,5,324,59,0.1540,9.27,4445.33,4839.75,4908.97,,4121.62,5000.16,4369,,,,,,,,,,,,edge,closed-loop
writes,database-per-tenant,1,explicit-worker-binding,raw,uniform,,,,,,,,,,,,,WORKER_LIFECYCLE_CHANGED|HIGH_VARIANCE,d1-per-tenant,d1,none,order-event,lms,single,1,100,1,7506,0,0.0000,248.01,370.09,555.46,627.79,1704.14,402.18,1867.14,186,,,,,,,,,,,,edge,closed-loop
writes,database-per-tenant,1,explicit-worker-binding,raw,uniform,,,,,,,,,,,,,WORKER_LIFECYCLE_CHANGED|HIGH_VARIANCE,d1-per-tenant,d1,none,order-event,lms,single,1,100,2,9454,1,0.0001,312.69,306.93,399.51,512.39,669.4,318.47,716.58,205,,,,,,,,,,,,edge,closed-loop
writes,database-per-tenant,1,explicit-worker-binding,raw,uniform,,,,,,,,,,,,,WORKER_LIFECYCLE_CHANGED|HIGH_VARIANCE,d1-per-tenant,d1,none,order-event,lms,single,1,100,3,9537,0,0.0000,316.3,302.2,400.38,453.33,726.42,315.65,784.26,220,,,,,,,,,,,,edge,closed-loop
writes,database-per-tenant,1,explicit-worker-binding,raw,uniform,,,,,,,,,,,,,WORKER_LIFECYCLE_CHANGED|HIGH_VARIANCE,d1-per-tenant,d1,none,order-event,lms,single,1,100,4,8582,1,0.0001,284.38,327.4,436.25,531.15,1305.69,351.15,1686.35,234,,,,,,,,,,,,edge,closed-loop
writes,database-per-tenant,1,explicit-worker-binding,raw,uniform,,,,,,,,,,,,,WORKER_LIFECYCLE_CHANGED|HIGH_VARIANCE,d1-per-tenant,d1,none,order-event,lms,single,1,100,5,8166,0,0.0000,269.59,348.03,499.47,542.89,829.64,369.21,878.32,253,,,,,,,,,,,,edge,closed-loop
writes,database-per-tenant,1,tenant-database-manifest,raw,uniform,,,,,,,,,119,0.9481012658227848,82,11,POOL_SATURATED|WORKER_LIFECYCLE_CHANGED|HIGH_VARIANCE,turso-per-tenant,libsql,none,order-event,lms,single,1,100,1,1580,1,0.0006,49.72,1816.61,2604.94,2863.77,3266.09,1951.8,4712.69,1570,,,,,,,,,,,,edge,closed-loop
writes,database-per-tenant,1,tenant-database-manifest,raw,uniform,,,,,,,,,227,0.9479921000658328,79,8,POOL_SATURATED|WORKER_LIFECYCLE_CHANGED|HIGH_VARIANCE,turso-per-tenant,libsql,none,order-event,lms,single,1,100,2,1519,2,0.0013,47.68,1845.02,2857.82,3163.3,3945.78,2031.36,4967.17,1756,,,,,,,,,,,,edge,closed-loop
writes,database-per-tenant,1,tenant-database-manifest,raw,uniform,,,,,,,,,118,0.9193121693121693,122,20,POOL_SATURATED|WORKER_LIFECYCLE_CHANGED|HIGH_VARIANCE,turso-per-tenant,libsql,none,order-event,lms,single,1,100,3,1512,1,0.0007,47.17,1776.81,2981.15,3222.63,4249.05,2048.73,4814.27,1721,,,,,,,,,,,,edge,closed-loop
writes,database-per-tenant,1,tenant-database-manifest,raw,uniform,,,,,,,,,34,0.9406392694063926,91,12,POOL_SATURATED|WORKER_LIFECYCLE_CHANGED|HIGH_VARIANCE,turso-per-tenant,libsql,none,order-event,lms,single,1,100,4,1533,3,0.0020,48.04,1815.65,2903.39,3226.34,3899.71,2013.16,4905.38,1755,,,,,,,,,,,,edge,closed-loop
writes,database-per-tenant,1,tenant-database-manifest,raw,uniform,,,,,,,,,167,0.9462585034013605,79,9,POOL_SATURATED|WORKER_LIFECYCLE_CHANGED|HIGH_VARIANCE,turso-per-tenant,libsql,none,order-event,lms,single,1,100,5,1470,3,0.0020,46.03,1837.08,3031.33,3262.34,4133.56,2097.85,4884.81,1770,,,,,,,,,,,,edge,closed-loop
writes,database-per-tenant,1,tenant-database-manifest,raw,uniform,,,,,,,,,0,0.5019157088122606,130,8,INSUFFICIENT_SAMPLES|HIGH_ERROR_RATE|POOL_SATURATED|WORKER_LIFECYCLE_CHANGED,tursodb-per-tenant,tursodb,none,order-event,lms,single,1,100,1,261,453,0.6345,7.46,4283.27,4751.3,4864.78,,3730.9,4992.65,4153,,,,,,,,,,,,edge,closed-loop
writes,database-per-tenant,1,tenant-database-manifest,raw,uniform,,,,,,,,,0,0.5232974910394266,133,8,INSUFFICIENT_SAMPLES|HIGH_ERROR_RATE|POOL_SATURATED|WORKER_LIFECYCLE_CHANGED,tursodb-per-tenant,tursodb,none,order-event,lms,single,1,100,2,279,437,0.6103,7.98,4253.91,4862.78,4942.66,,3814.96,4999.51,4137,,,,,,,,,,,,edge,closed-loop
writes,database-per-tenant,1,tenant-database-manifest,raw,uniform,,,,,,,,,0,0.4774774774774775,116,8,INSUFFICIENT_SAMPLES|HIGH_ERROR_RATE|POOL_SATURATED|WORKER_LIFECYCLE_CHANGED,tursodb-per-tenant,tursodb,none,order-event,lms,single,1,100,3,222,491,0.6886,6.34,3880.17,4853.95,4917.52,,3561.75,4990.04,3750,,,,,,,,,,,,edge,closed-loop
writes,database-per-tenant,1,tenant-database-manifest,raw,uniform,,,,,,,,,0,0.46153846153846156,161,9,INSUFFICIENT_SAMPLES|HIGH_ERROR_RATE|POOL_SATURATED|WORKER_LIFECYCLE_CHANGED,tursodb-per-tenant,tursodb,none,order-event,lms,single,1,100,4,299,413,0.5801,8.56,4317.92,4853.52,4905.81,,3911.87,4998.42,4147,,,,,,,,,,,,edge,closed-loop
writes,database-per-tenant,1,tenant-database-manifest,raw,uniform,,,,,,,,,0,0.3977272727272727,159,9,INSUFFICIENT_SAMPLES|HIGH_ERROR_RATE|POOL_SATURATED|WORKER_LIFECYCLE_CHANGED,tursodb-per-tenant,tursodb,none,order-event,lms,single,1,100,5,264,450,0.6303,7.55,4158.27,4857.64,4945.48,,3746.48,4999.7,4008,,,,,,,,,,,,edge,closed-loop
writes,database-per-tenant,1,explicit-worker-binding,raw,uniform,,,,,,,,,,,,,INSUFFICIENT_SAMPLES|WORKER_LIFECYCLE_CHANGED|HIGH_VARIANCE,d1-per-tenant,d1,transaction,exam-burst,lms,single,1,50,1,50,0,0.0000,22.05,2228.37,2233.1,2263.48,,2072.19,2266.87,486,,,,,,,,,,,,edge,burst
writes,database-per-tenant,1,explicit-worker-binding,raw,uniform,,,,,,,,,,,,,INSUFFICIENT_SAMPLES|WORKER_LIFECYCLE_CHANGED|HIGH_VARIANCE,d1-per-tenant,d1,transaction,exam-burst,lms,single,1,50,2,50,0,0.0000,83.01,598.88,600.98,601.35,,580.47,601.95,487,,,,,,,,,,,,edge,burst
writes,database-per-tenant,1,explicit-worker-binding,raw,uniform,,,,,,,,,,,,,INSUFFICIENT_SAMPLES|WORKER_LIFECYCLE_CHANGED|HIGH_VARIANCE,d1-per-tenant,d1,transaction,exam-burst,lms,single,1,50,3,50,0,0.0000,92.34,499.82,527.28,539.99,,504.18,540.19,330,,,,,,,,,,,,edge,burst
writes,database-per-tenant,1,explicit-worker-binding,raw,uniform,,,,,,,,,,,,,INSUFFICIENT_SAMPLES|WORKER_LIFECYCLE_CHANGED|HIGH_VARIANCE,d1-per-tenant,d1,transaction,exam-burst,lms,single,1,50,4,50,0,0.0000,73.09,488.35,670.74,673.76,,495.64,679.8,249,,,,,,,,,,,,edge,burst
writes,database-per-tenant,1,explicit-worker-binding,raw,uniform,,,,,,,,,,,,,INSUFFICIENT_SAMPLES|WORKER_LIFECYCLE_CHANGED|HIGH_VARIANCE,d1-per-tenant,d1,transaction,exam-burst,lms,single,1,50,5,50,0,0.0000,78.82,593.62,616.57,617.79,,584.47,632.9,491,,,,,,,,,,,,edge,burst
writes,database-per-tenant,1,tenant-database-manifest,raw,uniform,,,,,,,,,0,1,0,0,INSUFFICIENT_SAMPLES|WORKER_LIFECYCLE_CHANGED|POOL_SATURATED|HIGH_VARIANCE,turso-per-tenant,libsql,transaction,exam-burst,lms,single,1,50,1,50,0,0.0000,13.25,2975.47,3630.93,3715.64,,2958.24,3773.45,2519,,,,,,,,,,,,edge,burst
writes,database-per-tenant,1,tenant-database-manifest,raw,uniform,,,,,,,,,0,0,50,17,INSUFFICIENT_SAMPLES|WORKER_LIFECYCLE_CHANGED|POOL_SATURATED|HIGH_VARIANCE,turso-per-tenant,libsql,transaction,exam-burst,lms,single,1,50,2,50,0,0.0000,21.57,1547.42,2179.12,2288.29,,1581.12,2316.56,1256,,,,,,,,,,,,edge,burst
writes,database-per-tenant,1,tenant-database-manifest,raw,uniform,,,,,,,,,0,1,0,0,INSUFFICIENT_SAMPLES|WORKER_LIFECYCLE_CHANGED|POOL_SATURATED|HIGH_VARIANCE,turso-per-tenant,libsql,transaction,exam-burst,lms,single,1,50,3,50,0,0.0000,31.2,1025.72,1482.11,1595.01,,1032.75,1600.8,947,,,,,,,,,,,,edge,burst
writes,database-per-tenant,1,tenant-database-manifest,raw,uniform,,,,,,,,,0,0.98,1,0,INSUFFICIENT_SAMPLES|WORKER_LIFECYCLE_CHANGED|POOL_SATURATED|HIGH_VARIANCE,turso-per-tenant,libsql,transaction,exam-burst,lms,single,1,50,4,50,0,0.0000,30.2,1072.88,1553.33,1588.76,,1106.29,1653.48,854,,,,,,,,,,,,edge,burst
writes,database-per-tenant,1,tenant-database-manifest,raw,uniform,,,,,,,,,0,0.06,47,14,INSUFFICIENT_SAMPLES|WORKER_LIFECYCLE_CHANGED|POOL_SATURATED|HIGH_VARIANCE,turso-per-tenant,libsql,transaction,exam-burst,lms,single,1,50,5,50,0,0.0000,28.96,1122.56,1615.44,1694.13,,1132.52,1723.32,1025,,,,,,,,,,,,edge,burst
writes,database-per-tenant,1,tenant-database-manifest,raw,uniform,,,,,,,,,0,0.75,3,0,INSUFFICIENT_SAMPLES|HIGH_ERROR_RATE|WORKER_LIFECYCLE_CHANGED|HIGH_VARIANCE,tursodb-per-tenant,tursodb,transaction,exam-burst,lms,single,1,50,1,12,38,0.7600,2.4,3383.51,4803.15,4939.18,,3479,4939.18,3287,,,,,,,,,,,,edge,burst
writes,database-per-tenant,1,tenant-database-manifest,raw,uniform,,,,,,,,,0,0.21621621621621623,29,6,INSUFFICIENT_SAMPLES|HIGH_ERROR_RATE|WORKER_LIFECYCLE_CHANGED|HIGH_VARIANCE,tursodb-per-tenant,tursodb,transaction,exam-burst,lms,single,1,50,2,37,13,0.2600,7.4,2724.43,4502.24,4726.3,,2705.01,4862.95,2658,,,,,,,,,,,,edge,burst
writes,database-per-tenant,1,tenant-database-manifest,raw,uniform,,,,,,,,,0,0,39,7,INSUFFICIENT_SAMPLES|HIGH_ERROR_RATE|WORKER_LIFECYCLE_CHANGED|HIGH_VARIANCE,tursodb-per-tenant,tursodb,transaction,exam-burst,lms,single,1,50,3,39,11,0.2200,7.8,2700.5,4788.19,4859.96,,2745.76,4997.88,2561,,,,,,,,,,,,edge,burst
writes,database-per-tenant,1,tenant-database-manifest,raw,uniform,,,,,,,,,0,0.2702702702702703,27,1,INSUFFICIENT_SAMPLES|HIGH_ERROR_RATE|WORKER_LIFECYCLE_CHANGED|HIGH_VARIANCE,tursodb-per-tenant,tursodb,transaction,exam-burst,lms,single,1,50,4,37,13,0.2600,7.39,2557.76,4525.76,4814.09,,2598.62,4954.66,2498,,,,,,,,,,,,edge,burst
writes,database-per-tenant,1,tenant-database-manifest,raw,uniform,,,,,,,,,0,0.1794871794871795,32,5,INSUFFICIENT_SAMPLES|HIGH_ERROR_RATE|WORKER_LIFECYCLE_CHANGED|HIGH_VARIANCE,tursodb-per-tenant,tursodb,transaction,exam-burst,lms,single,1,50,5,39,11,0.2200,7.8,2810.02,4633.79,4872.61,,2773.22,4949.81,2750,,,,,,,,,,,,edge,burst
writes,database-per-tenant,1,explicit-worker-binding,raw,uniform,,,,,,,,,,,,,INSUFFICIENT_SAMPLES|WORKER_LIFECYCLE_CHANGED|HIGH_VARIANCE,d1-per-tenant,d1,transaction,exam-burst,lms,single,1,100,1,100,0,0.0000,103.59,819.13,946.68,947.78,,760.91,963.92,473,,,,,,,,,,,,edge,burst
writes,database-per-tenant,1,explicit-worker-binding,raw,uniform,,,,,,,,,,,,,INSUFFICIENT_SAMPLES|WORKER_LIFECYCLE_CHANGED|HIGH_VARIANCE,d1-per-tenant,d1,transaction,exam-burst,lms,single,1,100,2,100,0,0.0000,70.91,729.2,1386,1395.56,,995.39,1407.68,338,,,,,,,,,,,,edge,burst
writes,database-per-tenant,1,explicit-worker-binding,raw,uniform,,,,,,,,,,,,,INSUFFICIENT_SAMPLES|WORKER_LIFECYCLE_CHANGED|HIGH_VARIANCE,d1-per-tenant,d1,transaction,exam-burst,lms,single,1,100,3,100,0,0.0000,123.14,681.63,781.6,782.73,,683.17,809.42,490,,,,,,,,,,,,edge,burst
writes,database-per-tenant,1,explicit-worker-binding,raw,uniform,,,,,,,,,,,,,INSUFFICIENT_SAMPLES|WORKER_LIFECYCLE_CHANGED|HIGH_VARIANCE,d1-per-tenant,d1,transaction,exam-burst,lms,single,1,100,4,100,0,0.0000,102.4,724.82,930.06,958.94,,730.94,967.93,243,,,,,,,,,,,,edge,burst
writes,database-per-tenant,1,explicit-worker-binding,raw,uniform,,,,,,,,,,,,,INSUFFICIENT_SAMPLES|WORKER_LIFECYCLE_CHANGED|HIGH_VARIANCE,d1-per-tenant,d1,transaction,exam-burst,lms,single,1,100,5,100,0,0.0000,115.44,824.32,846.91,860.13,,773.22,862.73,591,,,,,,,,,,,,edge,burst
writes,database-per-tenant,1,tenant-database-manifest,raw,uniform,,,,,,,,,0,1,0,0,INSUFFICIENT_SAMPLES|HIGH_ERROR_RATE|POOL_SATURATED|WORKER_LIFECYCLE_CHANGED|HIGH_VARIANCE,turso-per-tenant,libsql,transaction,exam-burst,lms,single,1,100,1,99,1,0.0100,19.79,3072.14,4636.98,4756.71,,2943.89,4995.97,2980,,,,,,,,,,,,edge,burst
writes,database-per-tenant,1,tenant-database-manifest,raw,uniform,,,,,,,,,0,0.67,33,0,INSUFFICIENT_SAMPLES|HIGH_ERROR_RATE|POOL_SATURATED|WORKER_LIFECYCLE_CHANGED|HIGH_VARIANCE,turso-per-tenant,libsql,transaction,exam-burst,lms,single,1,100,2,100,0,0.0000,25.19,2367.42,3705.73,3845.98,,2382.36,3966.9,2198,,,,,,,,,,,,edge,burst
writes,database-per-tenant,1,tenant-database-manifest,raw,uniform,,,,,,,,,0,0.98,2,0,INSUFFICIENT_SAMPLES|HIGH_ERROR_RATE|POOL_SATURATED|WORKER_LIFECYCLE_CHANGED|HIGH_VARIANCE,turso-per-tenant,libsql,transaction,exam-burst,lms,single,1,100,3,100,0,0.0000,34.02,1753.07,2723.1,2827.03,,1759.47,2937.26,1626,,,,,,,,,,,,edge,burst
writes,database-per-tenant,1,tenant-database-manifest,raw,uniform,,,,,,,,,0,0.91,9,1,INSUFFICIENT_SAMPLES|HIGH_ERROR_RATE|POOL_SATURATED|WORKER_LIFECYCLE_CHANGED|HIGH_VARIANCE,turso-per-tenant,libsql,transaction,exam-burst,lms,single,1,100,4,100,0,0.0000,33.33,1757.28,2818.89,2909.42,,1765.73,2996.17,1676,,,,,,,,,,,,edge,burst
writes,database-per-tenant,1,tenant-database-manifest,raw,uniform,,,,,,,,,0,0.63,37,0,INSUFFICIENT_SAMPLES|HIGH_ERROR_RATE|POOL_SATURATED|WORKER_LIFECYCLE_CHANGED|HIGH_VARIANCE,turso-per-tenant,libsql,transaction,exam-burst,lms,single,1,100,5,100,0,0.0000,34.7,1679.3,2648.04,2764.16,,1683.24,2877.21,1523,,,,,,,,,,,,edge,burst
writes,database-per-tenant,1,tenant-database-manifest,raw,uniform,,,,,,,,,0,0.20930232558139536,34,0,INSUFFICIENT_SAMPLES|HIGH_ERROR_RATE|WORKER_LIFECYCLE_CHANGED|HIGH_VARIANCE,tursodb-per-tenant,tursodb,transaction,exam-burst,lms,single,1,100,1,43,57,0.5700,8.6,1610.69,2825.72,2975.01,,1641.63,4011.93,1542,,,,,,,,,,,,edge,burst
writes,database-per-tenant,1,tenant-database-manifest,raw,uniform,,,,,,,,,0,0.5357142857142857,26,0,INSUFFICIENT_SAMPLES|HIGH_ERROR_RATE|WORKER_LIFECYCLE_CHANGED|HIGH_VARIANCE,tursodb-per-tenant,tursodb,transaction,exam-burst,lms,single,1,100,2,56,44,0.4400,11.19,2150.6,4298.78,4652.56,,2327.41,4872.91,2080,,,,,,,,,,,,edge,burst
writes,database-per-tenant,1,tenant-database-manifest,raw,uniform,,,,,,,,,0,0.5492957746478874,32,0,INSUFFICIENT_SAMPLES|HIGH_ERROR_RATE|WORKER_LIFECYCLE_CHANGED|HIGH_VARIANCE,tursodb-per-tenant,tursodb,transaction,exam-burst,lms,single,1,100,3,71,29,0.2900,14.18,2316.32,4015.53,4465.95,,2328.42,4946.89,2174,,,,,,,,,,,,edge,burst
writes,database-per-tenant,1,tenant-database-manifest,raw,uniform,,,,,,,,,0,0.5818181818181818,23,0,INSUFFICIENT_SAMPLES|HIGH_ERROR_RATE|WORKER_LIFECYCLE_CHANGED|HIGH_VARIANCE,tursodb-per-tenant,tursodb,transaction,exam-burst,lms,single,1,100,4,55,45,0.4500,10.98,2241.5,4495.95,4784.88,,2397.19,4995.32,2058,,,,,,,,,,,,edge,burst
writes,database-per-tenant,1,tenant-database-manifest,raw,uniform,,,,,,,,,0,0.5,29,0,INSUFFICIENT_SAMPLES|HIGH_ERROR_RATE|WORKER_LIFECYCLE_CHANGED|HIGH_VARIANCE,tursodb-per-tenant,tursodb,transaction,exam-burst,lms,single,1,100,5,58,42,0.4200,11.58,2298.02,4391.92,4691.44,,2417.87,4965.77,2204,,,,,,,,,,,,edge,burst
writes,database-per-tenant,1,explicit-worker-binding,raw,uniform,,,,,,,,,,,,,INSUFFICIENT_SAMPLES|WORKER_LIFECYCLE_CHANGED,d1-per-tenant,d1,transaction,exam-burst,lms,single,1,250,1,250,0,0.0000,105.01,2272.5,2303.99,2364.26,,1783.78,2375.84,1536,,,,,,,,,,,,edge,burst
writes,database-per-tenant,1,explicit-worker-binding,raw,uniform,,,,,,,,,,,,,INSUFFICIENT_SAMPLES|WORKER_LIFECYCLE_CHANGED,d1-per-tenant,d1,transaction,exam-burst,lms,single,1,250,2,250,0,0.0000,113.82,2097.41,2113.68,2115,,1721.17,2193.1,963,,,,,,,,,,,,edge,burst
writes,database-per-tenant,1,explicit-worker-binding,raw,uniform,,,,,,,,,,,,,INSUFFICIENT_SAMPLES|WORKER_LIFECYCLE_CHANGED,d1-per-tenant,d1,transaction,exam-burst,lms,single,1,250,3,250,0,0.0000,137.74,1761.28,1798.02,1799.35,,1457.17,1810.23,1103,,,,,,,,,,,,edge,burst
writes,database-per-tenant,1,explicit-worker-binding,raw,uniform,,,,,,,,,,,,,INSUFFICIENT_SAMPLES|WORKER_LIFECYCLE_CHANGED,d1-per-tenant,d1,transaction,exam-burst,lms,single,1,250,4,250,0,0.0000,106.36,2245.97,2278.88,2337.3,,1893.29,2342.33,1618,,,,,,,,,,,,edge,burst
writes,database-per-tenant,1,explicit-worker-binding,raw,uniform,,,,,,,,,,,,,INSUFFICIENT_SAMPLES|WORKER_LIFECYCLE_CHANGED,d1-per-tenant,d1,transaction,exam-burst,lms,single,1,250,5,250,0,0.0000,114.23,2055.68,2095.97,2109.49,,1674.06,2183.6,1333,,,,,,,,,,,,edge,burst
writes,database-per-tenant,1,tenant-database-manifest,raw,uniform,,,,,,,,,0,0.8640776699029126,14,4,INSUFFICIENT_SAMPLES|HIGH_ERROR_RATE|POOL_SATURATED|WORKER_LIFECYCLE_CHANGED|HIGH_VARIANCE,turso-per-tenant,libsql,transaction,exam-burst,lms,single,1,250,1,103,147,0.5880,20.55,1993.42,4683.52,4821.71,,2591.82,4973.86,1784,,,,,,,,,,,,edge,burst
writes,database-per-tenant,1,tenant-database-manifest,raw,uniform,,,,,,,,,0,0.9047619047619048,14,0,INSUFFICIENT_SAMPLES|HIGH_ERROR_RATE|POOL_SATURATED|WORKER_LIFECYCLE_CHANGED|HIGH_VARIANCE,turso-per-tenant,libsql,transaction,exam-burst,lms,single,1,250,2,147,103,0.4120,29.36,2638.92,4530.41,4722.82,,2704.41,4983.72,1882,,,,,,,,,,,,edge,burst
writes,database-per-tenant,1,tenant-database-manifest,raw,uniform,,,,,,,,,0,0.6607142857142857,57,11,INSUFFICIENT_SAMPLES|HIGH_ERROR_RATE|POOL_SATURATED|WORKER_LIFECYCLE_CHANGED|HIGH_VARIANCE,turso-per-tenant,libsql,transaction,exam-burst,lms,single,1,250,3,168,82,0.3280,33.53,2569.38,4531.59,4717.95,,2678.33,4989.55,1977,,,,,,,,,,,,edge,burst
writes,database-per-tenant,1,tenant-database-manifest,raw,uniform,,,,,,,,,0,0.844311377245509,26,4,INSUFFICIENT_SAMPLES|HIGH_ERROR_RATE|POOL_SATURATED|WORKER_LIFECYCLE_CHANGED|HIGH_VARIANCE,turso-per-tenant,libsql,transaction,exam-burst,lms,single,1,250,4,167,83,0.3320,33.31,2683.7,4576.75,4726.85,,2714.15,4933.95,2141,,,,,,,,,,,,edge,burst
writes,database-per-tenant,1,tenant-database-manifest,raw,uniform,,,,,,,,,74,0.9939393939393939,1,0,INSUFFICIENT_SAMPLES|HIGH_ERROR_RATE|POOL_SATURATED|WORKER_LIFECYCLE_CHANGED|HIGH_VARIANCE,turso-per-tenant,libsql,transaction,exam-burst,lms,single,1,250,5,165,85,0.3400,32.86,2801.09,4517.13,4721.06,,2772.42,4912.34,2180,,,,,,,,,,,,edge,burst
writes,database-per-tenant,1,tenant-database-manifest,raw,uniform,,,,,,,,,0,0.2727272727272727,56,3,INSUFFICIENT_SAMPLES|HIGH_ERROR_RATE|WORKER_LIFECYCLE_CHANGED|POOL_SATURATED,tursodb-per-tenant,tursodb,transaction,exam-burst,lms,single,1,250,1,77,173,0.6920,15.39,2550.31,4086.11,4653.55,,2553.29,4942.93,2372,,,,,,,,,,,,edge,burst
writes,database-per-tenant,1,tenant-database-manifest,raw,uniform,,,,,,,,,0,0.42045454545454547,51,0,INSUFFICIENT_SAMPLES|HIGH_ERROR_RATE|WORKER_LIFECYCLE_CHANGED|POOL_SATURATED,tursodb-per-tenant,tursodb,transaction,exam-burst,lms,single,1,250,2,88,162,0.6480,17.57,2664.05,4553.77,4776.29,,2754.9,4989.32,2518,,,,,,,,,,,,edge,burst
writes,database-per-tenant,1,tenant-database-manifest,raw,uniform,,,,,,,,,0,0.6629213483146067,30,0,INSUFFICIENT_SAMPLES|HIGH_ERROR_RATE|WORKER_LIFECYCLE_CHANGED|POOL_SATURATED,tursodb-per-tenant,tursodb,transaction,exam-burst,lms,single,1,250,3,89,161,0.6440,17.77,2716.2,4549.39,4739.44,,2712.32,4949.04,2625,,,,,,,,,,,,edge,burst
writes,database-per-tenant,1,tenant-database-manifest,raw,uniform,,,,,,,,,0,0.375,55,4,INSUFFICIENT_SAMPLES|HIGH_ERROR_RATE|WORKER_LIFECYCLE_CHANGED|POOL_SATURATED,tursodb-per-tenant,tursodb,transaction,exam-burst,lms,single,1,250,4,88,162,0.6480,17.56,2664.93,4566.27,4761.33,,2681.26,4974.09,2522,,,,,,,,,,,,edge,burst
writes,database-per-tenant,1,tenant-database-manifest,raw,uniform,,,,,,,,,0,0.4166666666666667,49,0,INSUFFICIENT_SAMPLES|HIGH_ERROR_RATE|WORKER_LIFECYCLE_CHANGED|POOL_SATURATED,tursodb-per-tenant,tursodb,transaction,exam-burst,lms,single,1,250,5,84,166,0.6640,16.77,2773.99,4577.64,4773.24,,2770.24,4978.16,2621,,,,,,,,,,,,edge,burst
writes,database-per-tenant,1,explicit-worker-binding,raw,uniform,,,,,,,,,,,,,INSUFFICIENT_SAMPLES|HIGH_ERROR_RATE|WORKER_LIFECYCLE_CHANGED|HIGH_VARIANCE,d1-per-tenant,d1,transaction,exam-burst,lms,single,1,500,1,486,14,0.0280,97.13,2933.98,4618.64,4625.94,,2938.66,4708.12,503,,,,,,,,,,,,edge,burst
writes,database-per-tenant,1,explicit-worker-binding,raw,uniform,,,,,,,,,,,,,INSUFFICIENT_SAMPLES|HIGH_ERROR_RATE|WORKER_LIFECYCLE_CHANGED|HIGH_VARIANCE,d1-per-tenant,d1,transaction,exam-burst,lms,single,1,500,2,500,0,0.0000,140.62,2332.47,3527.25,3531.47,,2572.03,3544.26,1214,,,,,,,,,,,,edge,burst
writes,database-per-tenant,1,explicit-worker-binding,raw,uniform,,,,,,,,,,,,,INSUFFICIENT_SAMPLES|HIGH_ERROR_RATE|WORKER_LIFECYCLE_CHANGED|HIGH_VARIANCE,d1-per-tenant,d1,transaction,exam-burst,lms,single,1,500,3,500,0,0.0000,138.65,2195.01,3573.04,3575.93,,2815.84,3594.83,1294,,,,,,,,,,,,edge,burst
writes,database-per-tenant,1,explicit-worker-binding,raw,uniform,,,,,,,,,,,,,INSUFFICIENT_SAMPLES|HIGH_ERROR_RATE|WORKER_LIFECYCLE_CHANGED|HIGH_VARIANCE,d1-per-tenant,d1,transaction,exam-burst,lms,single,1,500,4,500,0,0.0000,118.37,2743.12,4044.89,4120.48,,2604.17,4210.35,494,,,,,,,,,,,,edge,burst
writes,database-per-tenant,1,explicit-worker-binding,raw,uniform,,,,,,,,,,,,,INSUFFICIENT_SAMPLES|HIGH_ERROR_RATE|WORKER_LIFECYCLE_CHANGED|HIGH_VARIANCE,d1-per-tenant,d1,transaction,exam-burst,lms,single,1,500,5,500,0,0.0000,120.18,2728.23,4101.94,4108.95,,3052.1,4117.54,1369,,,,,,,,,,,,edge,burst
writes,database-per-tenant,1,tenant-database-manifest,raw,uniform,,,,,,,,,0,0.37362637362637363,57,0,INSUFFICIENT_SAMPLES|HIGH_ERROR_RATE|POOL_SATURATED|WORKER_LIFECYCLE_CHANGED|HIGH_VARIANCE,turso-per-tenant,libsql,transaction,exam-burst,lms,single,1,500,1,91,409,0.8180,18.15,2934.2,4095.85,4231.64,,2725.6,4976.49,2405,,,,,,,,,,,,edge,burst
writes,database-per-tenant,1,tenant-database-manifest,raw,uniform,,,,,,,,,0,0.4224137931034483,67,0,INSUFFICIENT_SAMPLES|HIGH_ERROR_RATE|POOL_SATURATED|WORKER_LIFECYCLE_CHANGED|HIGH_VARIANCE,turso-per-tenant,libsql,transaction,exam-burst,lms,single,1,500,2,116,384,0.7680,23.12,2861.48,4617.06,4784.55,,2709.97,4965.45,2397,,,,,,,,,,,,edge,burst
writes,database-per-tenant,1,tenant-database-manifest,raw,uniform,,,,,,,,,0,0.6497175141242938,62,4,INSUFFICIENT_SAMPLES|HIGH_ERROR_RATE|POOL_SATURATED|WORKER_LIFECYCLE_CHANGED|HIGH_VARIANCE,turso-per-tenant,libsql,transaction,exam-burst,lms,single,1,500,3,177,323,0.6460,35.33,2634.49,4453.3,4666.83,,2641.85,4916.57,2093,,,,,,,,,,,,edge,burst
writes,database-per-tenant,1,tenant-database-manifest,raw,uniform,,,,,,,,,0,0.5774647887323944,60,4,INSUFFICIENT_SAMPLES|HIGH_ERROR_RATE|POOL_SATURATED|WORKER_LIFECYCLE_CHANGED|HIGH_VARIANCE,turso-per-tenant,libsql,transaction,exam-burst,lms,single,1,500,4,142,358,0.7160,28.28,2863.69,4645.77,4794.25,,2826.11,4992.32,1656,,,,,,,,,,,,edge,burst
writes,database-per-tenant,1,tenant-database-manifest,raw,uniform,,,,,,,,,0,0.48502994011976047,86,5,INSUFFICIENT_SAMPLES|HIGH_ERROR_RATE|POOL_SATURATED|WORKER_LIFECYCLE_CHANGED|HIGH_VARIANCE,turso-per-tenant,libsql,transaction,exam-burst,lms,single,1,500,5,167,333,0.6660,33.27,2729.36,4584.09,4791.61,,2731.63,4975.83,2125,,,,,,,,,,,,edge,burst
writes,database-per-tenant,1,tenant-database-manifest,raw,uniform,,,,,,,,,0,0.27692307692307694,47,0,INSUFFICIENT_SAMPLES|HIGH_ERROR_RATE|WORKER_LIFECYCLE_CHANGED,tursodb-per-tenant,tursodb,transaction,exam-burst,lms,single,1,500,1,65,435,0.8700,12.97,3147.49,4545.26,4747.2,,3150.44,4947.21,2074,,,,,,,,,,,,edge,burst
writes,database-per-tenant,1,tenant-database-manifest,raw,uniform,,,,,,,,,0,0.140625,55,0,INSUFFICIENT_SAMPLES|HIGH_ERROR_RATE|WORKER_LIFECYCLE_CHANGED,tursodb-per-tenant,tursodb,transaction,exam-burst,lms,single,1,500,2,64,436,0.8720,12.76,3096.09,4519.53,4690.79,,3106.11,4879.82,2143,,,,,,,,,,,,edge,burst
writes,database-per-tenant,1,tenant-database-manifest,raw,uniform,,,,,,,,,0,0.033707865168539325,86,9,INSUFFICIENT_SAMPLES|HIGH_ERROR_RATE|WORKER_LIFECYCLE_CHANGED,tursodb-per-tenant,tursodb,transaction,exam-burst,lms,single,1,500,3,89,411,0.8220,17.77,2736.03,4545.19,4743.92,,2724.72,4940.66,2630,,,,,,,,,,,,edge,burst
writes,database-per-tenant,1,tenant-database-manifest,raw,uniform,,,,,,,,,0,0.1323529411764706,59,6,INSUFFICIENT_SAMPLES|HIGH_ERROR_RATE|WORKER_LIFECYCLE_CHANGED,tursodb-per-tenant,tursodb,transaction,exam-burst,lms,single,1,500,4,68,432,0.8640,13.49,3149.18,4679.86,4830.44,,3201.28,4982.53,1975,,,,,,,,,,,,edge,burst
writes,database-per-tenant,1,tenant-database-manifest,raw,uniform,,,,,,,,,0,0.07042253521126761,66,6,INSUFFICIENT_SAMPLES|HIGH_ERROR_RATE|WORKER_LIFECYCLE_CHANGED,tursodb-per-tenant,tursodb,transaction,exam-burst,lms,single,1,500,5,71,429,0.8580,14.15,3107.27,4568.03,4787.51,,3062.06,4934.17,2268,,,,,,,,,,,,edge,burst
tenant-churn,database-per-tenant,10,explicit-worker-binding,raw,uniform,,,,,,,,,,,,,WORKER_LIFECYCLE_CHANGED|HIGH_VARIANCE,d1-per-tenant,d1,none,tenant-churn,lms,distributed,10,50,1,6417,0,0.0000,213.05,149.82,496.99,558.52,635.95,234.19,1486.1,59,,,,,,,,,,,,edge,closed-loop
tenant-churn,database-per-tenant,10,explicit-worker-binding,raw,uniform,,,,,,,,,,,,,WORKER_LIFECYCLE_CHANGED|HIGH_VARIANCE,d1-per-tenant,d1,none,tenant-churn,lms,distributed,10,50,2,9189,0,0.0000,304.38,140.03,268.21,311.21,362.51,163.91,521.53,60,,,,,,,,,,,,edge,closed-loop
tenant-churn,database-per-tenant,10,explicit-worker-binding,raw,uniform,,,,,,,,,,,,,WORKER_LIFECYCLE_CHANGED|HIGH_VARIANCE,d1-per-tenant,d1,none,tenant-churn,lms,distributed,10,50,3,11774,0,0.0000,390.86,121.19,144.52,158.67,302.06,127.61,1103.6,60,,,,,,,,,,,,edge,closed-loop
tenant-churn,database-per-tenant,10,explicit-worker-binding,raw,uniform,,,,,,,,,,,,,WORKER_LIFECYCLE_CHANGED|HIGH_VARIANCE,d1-per-tenant,d1,none,tenant-churn,lms,distributed,10,50,4,5410,0,0.0000,179.64,276.98,397.28,480.92,958.42,277.79,1662.59,61,,,,,,,,,,,,edge,closed-loop
tenant-churn,database-per-tenant,10,explicit-worker-binding,raw,uniform,,,,,,,,,,,,,WORKER_LIFECYCLE_CHANGED|HIGH_VARIANCE,d1-per-tenant,d1,none,tenant-churn,lms,distributed,10,50,5,10928,0,0.0000,362.64,132.34,165.81,185.39,247.67,137.55,623.82,65,,,,,,,,,,,,edge,closed-loop
tenant-churn,database-per-tenant,10,tenant-database-manifest,raw,uniform,,,,,,,,,0,0.9746847267631947,271,0,WORKER_LIFECYCLE_CHANGED|HIGH_VARIANCE,turso-per-tenant,libsql,none,tenant-churn,lms,distributed,10,50,1,10705,0,0.0000,355.36,131.11,164.4,188.85,313.12,140.41,903.57,71,,,,,,,,,,,,edge,closed-loop
tenant-churn,database-per-tenant,10,tenant-database-manifest,raw,uniform,,,,,,,,,0,0.9402433389804404,388,9,WORKER_LIFECYCLE_CHANGED|HIGH_VARIANCE,turso-per-tenant,libsql,none,tenant-churn,lms,distributed,10,50,2,6493,0,0.0000,215.09,183.43,382.39,479.63,624.93,231.91,1356.46,71,,,,,,,,,,,,edge,closed-loop
tenant-churn,database-per-tenant,10,tenant-database-manifest,raw,uniform,,,,,,,,,0,0.9722034552649358,288,9,WORKER_LIFECYCLE_CHANGED|HIGH_VARIANCE,turso-per-tenant,libsql,none,tenant-churn,lms,distributed,10,50,3,10361,0,0.0000,344.47,134.72,176.5,204.78,311.72,144.92,899.77,72,,,,,,,,,,,,edge,closed-loop
tenant-churn,database-per-tenant,10,tenant-database-manifest,raw,uniform,,,,,,,,,0,0.9739971779883088,258,0,WORKER_LIFECYCLE_CHANGED|HIGH_VARIANCE,turso-per-tenant,libsql,none,tenant-churn,lms,distributed,10,50,4,9922,0,0.0000,328.37,136.93,196.2,231.49,363.83,151.53,839.72,72,,,,,,,,,,,,edge,closed-loop
tenant-churn,database-per-tenant,10,tenant-database-manifest,raw,uniform,,,,,,,,,0,0.9581589958158996,420,1,WORKER_LIFECYCLE_CHANGED|HIGH_VARIANCE,turso-per-tenant,libsql,none,tenant-churn,lms,distributed,10,50,5,10038,0,0.0000,333.11,139.18,172.26,202.86,360.22,149.8,763.08,74,,,,,,,,,,,,edge,closed-loop
tenant-churn,database-per-tenant,10,tenant-database-manifest,raw,uniform,,,,,,,,,0,0.9691689008042895,276,8,WORKER_LIFECYCLE_CHANGED|HIGH_VARIANCE,tursodb-per-tenant,tursodb,none,tenant-churn,lms,distributed,10,50,1,8952,5,0.0006,294.36,131.69,173.89,239.17,464.7,166.01,4914.48,71,,,,,,,,,,,,edge,closed-loop
tenant-churn,database-per-tenant,10,tenant-database-manifest,raw,uniform,,,,,,,,,0,0.9627934445592795,252,1,WORKER_LIFECYCLE_CHANGED|HIGH_VARIANCE,tursodb-per-tenant,tursodb,none,tenant-churn,lms,distributed,10,50,2,6773,0,0.0000,224.78,142.04,335.53,465.36,585.52,222.02,4856.72,72,,,,,,,,,,,,edge,closed-loop
tenant-churn,database-per-tenant,10,tenant-database-manifest,raw,uniform,,,,,,,,,0,0.9679562747829814,299,2,WORKER_LIFECYCLE_CHANGED|HIGH_VARIANCE,tursodb-per-tenant,tursodb,none,tenant-churn,lms,distributed,10,50,3,9331,11,0.0012,309.41,131.49,155.37,182.4,322.34,155.18,4873.55,72,,,,,,,,,,,,edge,closed-loop
tenant-churn,database-per-tenant,10,tenant-database-manifest,raw,uniform,,,,,,,,,0,0.9675040331873703,282,9,WORKER_LIFECYCLE_CHANGED|HIGH_VARIANCE,tursodb-per-tenant,tursodb,none,tenant-churn,lms,distributed,10,50,4,8678,0,0.0000,286.41,136.78,196.94,243.89,346.88,173.04,4917.84,73,,,,,,,,,,,,edge,closed-loop
tenant-churn,database-per-tenant,10,tenant-database-manifest,raw,uniform,,,,,,,,,0,0.9697820714446191,269,4,WORKER_LIFECYCLE_CHANGED|HIGH_VARIANCE,tursodb-per-tenant,tursodb,none,tenant-churn,lms,distributed,10,50,5,8902,0,0.0000,294.93,137.68,170.43,203.31,364.84,168.91,4838.92,74,,,,,,,,,,,,edge,closed-loop
tenant-churn,database-per-tenant,30,explicit-worker-binding,raw,uniform,,,,,,,,,,,,,WORKER_LIFECYCLE_CHANGED|HIGH_VARIANCE,d1-per-tenant,d1,none,tenant-churn,lms,distributed,30,50,1,5692,0,0.0000,186.77,206.46,503.87,541.51,607.6,265.8,1195.52,59,,,,,,,,,,,,edge,closed-loop
tenant-churn,database-per-tenant,30,explicit-worker-binding,raw,uniform,,,,,,,,,,,,,WORKER_LIFECYCLE_CHANGED|HIGH_VARIANCE,d1-per-tenant,d1,none,tenant-churn,lms,distributed,30,50,2,9947,0,0.0000,330.19,129.8,237.55,300.17,364.18,151.08,466.28,59,,,,,,,,,,,,edge,closed-loop
tenant-churn,database-per-tenant,30,explicit-worker-binding,raw,uniform,,,,,,,,,,,,,WORKER_LIFECYCLE_CHANGED|HIGH_VARIANCE,d1-per-tenant,d1,none,tenant-churn,lms,distributed,30,50,3,11970,0,0.0000,397.16,121.62,148.85,168.19,205.03,125.68,595.41,60,,,,,,,,,,,,edge,closed-loop
tenant-churn,database-per-tenant,30,explicit-worker-binding,raw,uniform,,,,,,,,,,,,,WORKER_LIFECYCLE_CHANGED|HIGH_VARIANCE,d1-per-tenant,d1,none,tenant-churn,lms,distributed,30,50,4,10676,0,0.0000,354.43,127.71,188.54,234.61,392.19,140.84,854.12,61,,,,,,,,,,,,edge,closed-loop
tenant-churn,database-per-tenant,30,explicit-worker-binding,raw,uniform,,,,,,,,,,,,,WORKER_LIFECYCLE_CHANGED|HIGH_VARIANCE,d1-per-tenant,d1,none,tenant-churn,lms,distributed,30,50,5,10834,0,0.0000,359.04,132.55,171.63,192.11,245.1,138.77,525.37,65,,,,,,,,,,,,edge,closed-loop
tenant-churn,database-per-tenant,30,tenant-database-manifest,raw,uniform,,,,,,,,,0,0.9474224686794003,512,80,WORKER_LIFECYCLE_CHANGED|HIGH_VARIANCE,turso-per-tenant,libsql,none,tenant-churn,lms,distributed,30,50,1,9738,0,0.0000,322.97,130.84,171.55,300.29,615.82,154.38,1937.93,71,,,,,,,,,,,,edge,closed-loop
tenant-churn,database-per-tenant,30,tenant-database-manifest,raw,uniform,,,,,,,,,0,0.9391938055112731,534,80,WORKER_LIFECYCLE_CHANGED|HIGH_VARIANCE,turso-per-tenant,libsql,none,tenant-churn,lms,distributed,30,50,2,8782,0,0.0000,291.18,140.33,278.49,316.87,389.92,171.29,1042.5,72,,,,,,,,,,,,edge,closed-loop
tenant-churn,database-per-tenant,30,tenant-database-manifest,raw,uniform,,,,,,,,,0,0.9467558917660751,549,80,WORKER_LIFECYCLE_CHANGED|HIGH_VARIANCE,turso-per-tenant,libsql,none,tenant-churn,lms,distributed,30,50,3,10311,0,0.0000,342.66,134.1,173.96,209.35,336.43,145.76,1263.92,73,,,,,,,,,,,,edge,closed-loop
tenant-churn,database-per-tenant,30,tenant-database-manifest,raw,uniform,,,,,,,,,0,0.9310049893086244,484,80,WORKER_LIFECYCLE_CHANGED|HIGH_VARIANCE,turso-per-tenant,libsql,none,tenant-churn,lms,distributed,30,50,4,7015,0,0.0000,231.67,196.15,326.98,415.14,544.4,214.46,1721.16,73,,,,,,,,,,,,edge,closed-loop
tenant-churn,database-per-tenant,30,tenant-database-manifest,raw,uniform,,,,,,,,,0,0.9453592029365495,521,80,WORKER_LIFECYCLE_CHANGED|HIGH_VARIANCE,turso-per-tenant,libsql,none,tenant-churn,lms,distributed,30,50,5,9535,0,0.0000,316.21,139.85,189.15,252.18,484.26,157.71,942.96,74,,,,,,,,,,,,edge,closed-loop
tenant-churn,database-per-tenant,30,tenant-database-manifest,raw,uniform,,,,,,,,,0,0.8363553943789664,361,40,HIGH_ERROR_RATE|WORKER_LIFECYCLE_CHANGED|HIGH_VARIANCE,tursodb-per-tenant,tursodb,none,tenant-churn,lms,distributed,30,50,1,2206,100,0.0434,72.72,366.64,604.09,625.24,3532.09,457.68,4889.74,72,,,,,,,,,,,,edge,closed-loop
tenant-churn,database-per-tenant,30,tenant-database-manifest,raw,uniform,,,,,,,,,0,0.9080373831775701,492,60,HIGH_ERROR_RATE|WORKER_LIFECYCLE_CHANGED|HIGH_VARIANCE,tursodb-per-tenant,tursodb,none,tenant-churn,lms,distributed,30,50,2,5350,100,0.0183,177.2,135.39,214.16,322.94,861.15,188.33,4614,73,,,,,,,,,,,,edge,closed-loop
tenant-churn,database-per-tenant,30,tenant-database-manifest,raw,uniform,,,,,,,,,0,0.880690737833595,456,30,HIGH_ERROR_RATE|WORKER_LIFECYCLE_CHANGED|HIGH_VARIANCE,tursodb-per-tenant,tursodb,none,tenant-churn,lms,distributed,30,50,3,3822,150,0.0378,126.69,134.8,249.83,339.68,2662.24,196.95,3940.34,73,,,,,,,,,,,,edge,closed-loop
tenant-churn,database-per-tenant,30,tenant-database-manifest,raw,uniform,,,,,,,,,0,0.9044660194174757,492,31,HIGH_ERROR_RATE|WORKER_LIFECYCLE_CHANGED|HIGH_VARIANCE,tursodb-per-tenant,tursodb,none,tenant-churn,lms,distributed,30,50,4,5150,103,0.0196,170.84,140.19,220.99,295.38,1101.29,191.6,4837.93,74,,,,,,,,,,,,edge,closed-loop
tenant-churn,database-per-tenant,30,tenant-database-manifest,raw,uniform,,,,,,,,,0,0.9000427167876975,468,40,HIGH_ERROR_RATE|WORKER_LIFECYCLE_CHANGED|HIGH_VARIANCE,tursodb-per-tenant,tursodb,none,tenant-churn,lms,distributed,30,50,5,4682,102,0.0213,155.7,146.57,229.28,357.28,3433.62,211.73,4992.03,76,,,,,,,,,,,,edge,closed-loop
tenant-churn,database-per-tenant,10,explicit-worker-binding,raw,hotset,,,,,,,,,,,,,WORKER_LIFECYCLE_CHANGED|HIGH_VARIANCE,d1-per-tenant,d1,none,tenant-churn,lms,distributed,10,50,1,7123,0,0.0000,233.08,159.46,436.51,512.93,614.18,212.06,1523.29,73,,,,,,,,,,,,edge,closed-loop
tenant-churn,database-per-tenant,10,explicit-worker-binding,raw,hotset,,,,,,,,,,,,,WORKER_LIFECYCLE_CHANGED|HIGH_VARIANCE,d1-per-tenant,d1,none,tenant-churn,lms,distributed,10,50,2,8044,0,0.0000,263.78,163.28,290.79,395.29,526.41,187.19,768.78,76,,,,,,,,,,,,edge,closed-loop
tenant-churn,database-per-tenant,10,explicit-worker-binding,raw,hotset,,,,,,,,,,,,,WORKER_LIFECYCLE_CHANGED|HIGH_VARIANCE,d1-per-tenant,d1,none,tenant-churn,lms,distributed,10,50,3,8876,0,0.0000,293.78,160.21,238.79,273.35,326.91,169.59,581.86,86,,,,,,,,,,,,edge,closed-loop
tenant-churn,database-per-tenant,10,explicit-worker-binding,raw,hotset,,,,,,,,,,,,,WORKER_LIFECYCLE_CHANGED|HIGH_VARIANCE,d1-per-tenant,d1,none,tenant-churn,lms,distributed,10,50,4,8598,0,0.0000,284.92,166.59,240.16,274.12,352.36,174.8,480.06,83,,,,,,,,,,,,edge,closed-loop
tenant-churn,database-per-tenant,10,explicit-worker-binding,raw,hotset,,,,,,,,,,,,,WORKER_LIFECYCLE_CHANGED|HIGH_VARIANCE,d1-per-tenant,d1,none,tenant-churn,lms,distributed,10,50,5,8074,0,0.0000,267.93,177.9,267.57,308.46,383.36,186.2,657.74,103,,,,,,,,,,,,edge,closed-loop
tenant-churn,database-per-tenant,10,tenant-database-manifest,raw,hotset,,,,,,,,,0,0.9751467977604806,182,241,WORKER_LIFECYCLE_CHANGED|HIGH_VARIANCE,turso-per-tenant,libsql,none,tenant-churn,lms,distributed,10,50,1,7323,0,0.0000,240.56,139.01,435.09,515.12,622.97,205.78,1640.8,71,,,,,,,,,,,,edge,closed-loop
tenant-churn,database-per-tenant,10,tenant-database-manifest,raw,hotset,,,,,,,,,0,0.9782076681039505,187,240,WORKER_LIFECYCLE_CHANGED|HIGH_VARIANCE,turso-per-tenant,libsql,none,tenant-churn,lms,distributed,10,50,2,8581,0,0.0000,284.92,138.14,300.03,345.23,443.27,175.06,1515.85,72,,,,,,,,,,,,edge,closed-loop
tenant-churn,database-per-tenant,10,tenant-database-manifest,raw,hotset,,,,,,,,,0,0.9781705785762581,226,241,WORKER_LIFECYCLE_CHANGED|HIGH_VARIANCE,turso-per-tenant,libsql,none,tenant-churn,lms,distributed,10,50,3,10353,0,0.0000,343.13,132.97,167.76,198.82,383.48,145.09,1614.44,72,,,,,,,,,,,,edge,closed-loop
tenant-churn,database-per-tenant,10,tenant-database-manifest,raw,hotset,,,,,,,,,0,0.981117985918498,177,240,WORKER_LIFECYCLE_CHANGED|HIGH_VARIANCE,turso-per-tenant,libsql,none,tenant-churn,lms,distributed,10,50,4,9374,0,0.0000,311.18,139.83,211.32,292.8,436.32,160.34,1523.63,73,,,,,,,,,,,,edge,closed-loop
tenant-churn,database-per-tenant,10,tenant-database-manifest,raw,hotset,,,,,,,,,0,0.9768518518518519,220,280,WORKER_LIFECYCLE_CHANGED|HIGH_VARIANCE,turso-per-tenant,libsql,none,tenant-churn,lms,distributed,10,50,5,9504,0,0.0000,315.48,145.99,193.01,223.3,339.32,158.08,1920.29,78,,,,,,,,,,,,edge,closed-loop
tenant-churn,database-per-tenant,10,tenant-database-manifest,raw,hotset,,,,,,,,,0,0.9777060721619243,228,252,WORKER_LIFECYCLE_CHANGED|HIGH_VARIANCE,tursodb-per-tenant,tursodb,none,tenant-churn,lms,distributed,10,50,1,10227,0,0.0000,338.6,131.61,177.79,212.14,519.78,147.26,1337.37,71,,,,,,,,,,,,edge,closed-loop
tenant-churn,database-per-tenant,10,tenant-database-manifest,raw,hotset,,,,,,,,,0,0.9777440566514921,176,240,WORKER_LIFECYCLE_CHANGED|HIGH_VARIANCE,tursodb-per-tenant,tursodb,none,tenant-churn,lms,distributed,10,50,2,7908,0,0.0000,262.37,153.15,316.52,360.82,412.88,190.15,1474.64,72,,,,,,,,,,,,edge,closed-loop
tenant-churn,database-per-tenant,10,tenant-database-manifest,raw,hotset,,,,,,,,,0,0.9798682972718721,214,255,WORKER_LIFECYCLE_CHANGED|HIGH_VARIANCE,tursodb-per-tenant,tursodb,none,tenant-churn,lms,distributed,10,50,3,10630,0,0.0000,350.54,131.96,169.32,195.39,300.04,141.3,1467.3,72,,,,,,,,,,,,edge,closed-loop
tenant-churn,database-per-tenant,10,tenant-database-manifest,raw,hotset,,,,,,,,,0,0.9805427547363031,190,250,WORKER_LIFECYCLE_CHANGED|HIGH_VARIANCE,tursodb-per-tenant,tursodb,none,tenant-churn,lms,distributed,10,50,4,9765,0,0.0000,322.72,137.94,198.43,244.12,364.08,153.96,1317.93,73,,,,,,,,,,,,edge,closed-loop
tenant-churn,database-per-tenant,10,tenant-database-manifest,raw,hotset,,,,,,,,,0,0.9765392890072738,229,243,WORKER_LIFECYCLE_CHANGED|HIGH_VARIANCE,tursodb-per-tenant,tursodb,none,tenant-churn,lms,distributed,10,50,5,9761,0,0.0000,323.75,143.67,187.59,209.51,339.02,154,1751.22,76,,,,,,,,,,,,edge,closed-loop
tenant-churn,database-per-tenant,30,explicit-worker-binding,raw,hotset,,,,,,,,,,,,,WORKER_LIFECYCLE_CHANGED|HIGH_VARIANCE,d1-per-tenant,d1,none,tenant-churn,lms,distributed,30,50,1,7169,0,0.0000,237.89,124.59,504.37,564.23,618.05,209.75,1407.76,60,,,,,,,,,,,,edge,closed-loop
tenant-churn,database-per-tenant,30,explicit-worker-binding,raw,hotset,,,,,,,,,,,,,WORKER_LIFECYCLE_CHANGED|HIGH_VARIANCE,d1-per-tenant,d1,none,tenant-churn,lms,distributed,30,50,2,11361,0,0.0000,376.87,122.42,158.59,191.23,341.89,132.46,552.1,60,,,,,,,,,,,,edge,closed-loop
tenant-churn,database-per-tenant,30,explicit-worker-binding,raw,hotset,,,,,,,,,,,,,WORKER_LIFECYCLE_CHANGED|HIGH_VARIANCE,d1-per-tenant,d1,none,tenant-churn,lms,distributed,30,50,3,11356,0,0.0000,375.65,123.77,163.81,200.42,261.3,132.63,429.13,61,,,,,,,,,,,,edge,closed-loop
tenant-churn,database-per-tenant,30,explicit-worker-binding,raw,hotset,,,,,,,,,,,,,WORKER_LIFECYCLE_CHANGED|HIGH_VARIANCE,d1-per-tenant,d1,none,tenant-churn,lms,distributed,30,50,4,10995,0,0.0000,364.04,126.59,154.48,174.88,320.38,136.6,1155.61,62,,,,,,,,,,,,edge,closed-loop
tenant-churn,database-per-tenant,30,explicit-worker-binding,raw,hotset,,,,,,,,,,,,,WORKER_LIFECYCLE_CHANGED|HIGH_VARIANCE,d1-per-tenant,d1,none,tenant-churn,lms,distributed,30,50,5,10454,0,0.0000,346.72,130,171.66,211.03,368.32,143.81,1098.24,65,,,,,,,,,,,,edge,closed-loop
tenant-churn,database-per-tenant,30,tenant-database-manifest,raw,hotset,,,,,,,,,0,0.9474576271186441,372,80,WORKER_LIFECYCLE_CHANGED|HIGH_VARIANCE,turso-per-tenant,libsql,none,tenant-churn,lms,distributed,30,50,1,7080,0,0.0000,232.44,142,453.51,509.8,617.86,213.33,1505.08,71,,,,,,,,,,,,edge,closed-loop
tenant-churn,database-per-tenant,30,tenant-database-manifest,raw,hotset,,,,,,,,,0,0.9595689996045867,409,90,WORKER_LIFECYCLE_CHANGED|HIGH_VARIANCE,turso-per-tenant,libsql,none,tenant-churn,lms,distributed,30,50,2,10116,0,0.0000,333.54,134.34,193.72,240.14,337.94,148.7,894.4,72,,,,,,,,,,,,edge,closed-loop
tenant-churn,database-per-tenant,30,tenant-database-manifest,raw,hotset,,,,,,,,,0,0.9584670947030498,414,90,WORKER_LIFECYCLE_CHANGED|HIGH_VARIANCE,turso-per-tenant,libsql,none,tenant-churn,lms,distributed,30,50,3,9968,0,0.0000,331.34,134.38,184.81,251.63,407.98,150.81,1063.13,72,,,,,,,,,,,,edge,closed-loop
tenant-churn,database-per-tenant,30,tenant-database-manifest,raw,hotset,,,,,,,,,0,0.9540331275115163,469,83,WORKER_LIFECYCLE_CHANGED|HIGH_VARIANCE,turso-per-tenant,libsql,none,tenant-churn,lms,distributed,30,50,4,10203,0,0.0000,338.67,137.11,177.36,208.64,330.71,147.23,907.35,73,,,,,,,,,,,,edge,closed-loop
tenant-churn,database-per-tenant,30,tenant-database-manifest,raw,hotset,,,,,,,,,0,0.9506913379422529,485,108,WORKER_LIFECYCLE_CHANGED|HIGH_VARIANCE,turso-per-tenant,libsql,none,tenant-churn,lms,distributed,30,50,5,9836,0,0.0000,324.86,140.92,178.91,213.26,399.14,153,793.29,75,,,,,,,,,,,,edge,closed-loop
tenant-churn,database-per-tenant,30,tenant-database-manifest,raw,hotset,,,,,,,,,0,0.9417269247128881,411,90,WORKER_LIFECYCLE_CHANGED|HIGH_VARIANCE,tursodb-per-tenant,tursodb,none,tenant-churn,lms,distributed,30,50,1,7053,0,0.0000,230.72,137.3,484.59,559.53,603.72,214.6,1308.38,72,,,,,,,,,,,,edge,closed-loop
tenant-churn,database-per-tenant,30,tenant-database-manifest,raw,hotset,,,,,,,,,0,0.9447021943573668,441,93,WORKER_LIFECYCLE_CHANGED|HIGH_VARIANCE,tursodb-per-tenant,tursodb,none,tenant-churn,lms,distributed,30,50,2,7975,0,0.0000,263.66,139.42,335.2,441.75,591.04,188.49,1566.83,72,,,,,,,,,,,,edge,closed-loop
tenant-churn,database-per-tenant,30,tenant-database-manifest,raw,hotset,,,,,,,,,0,0.9546404058490003,456,83,WORKER_LIFECYCLE_CHANGED|HIGH_VARIANCE,tursodb-per-tenant,tursodb,none,tenant-churn,lms,distributed,30,50,3,10053,0,0.0000,334.46,134.59,183.4,211.13,413.18,149.29,1351.27,72,,,,,,,,,,,,edge,closed-loop
tenant-churn,database-per-tenant,30,tenant-database-manifest,raw,hotset,,,,,,,,,0,0.9526262626262626,469,112,WORKER_LIFECYCLE_CHANGED|HIGH_VARIANCE,tursodb-per-tenant,tursodb,none,tenant-churn,lms,distributed,30,50,4,9900,0,0.0000,328.67,135.21,169.44,206.48,556.03,151.76,1904.43,72,,,,,,,,,,,,edge,closed-loop
tenant-churn,database-per-tenant,30,tenant-database-manifest,raw,hotset,,,,,,,,,0,0.9482407972340858,509,101,WORKER_LIFECYCLE_CHANGED|HIGH_VARIANCE,tursodb-per-tenant,tursodb,none,tenant-churn,lms,distributed,30,50,5,9834,0,0.0000,325.3,138.86,178.17,212.52,436.86,152.91,1568.31,74,,,,,,,,,,,,edge,closed-loop
tenant-churn,database-per-tenant,10,explicit-worker-binding,raw,zipf,,,,,,,,,,,,,WORKER_LIFECYCLE_CHANGED,d1-per-tenant,d1,none,tenant-churn,lms,distributed,10,50,1,11427,0,0.0000,379.47,122.19,159.68,187.94,285.27,131.5,1096.87,60,,,,,,,,,,,,edge,closed-loop
tenant-churn,database-per-tenant,10,explicit-worker-binding,raw,zipf,,,,,,,,,,,,,WORKER_LIFECYCLE_CHANGED,d1-per-tenant,d1,none,tenant-churn,lms,distributed,10,50,2,10028,0,0.0000,332.78,128.92,226.27,288.21,407.08,149.93,515.01,61,,,,,,,,,,,,edge,closed-loop
tenant-churn,database-per-tenant,10,explicit-worker-binding,raw,zipf,,,,,,,,,,,,,WORKER_LIFECYCLE_CHANGED,d1-per-tenant,d1,none,tenant-churn,lms,distributed,10,50,3,11550,0,0.0000,383.68,123.09,155.1,181.23,265.4,130.17,379.19,61,,,,,,,,,,,,edge,closed-loop
tenant-churn,database-per-tenant,10,explicit-worker-binding,raw,zipf,,,,,,,,,,,,,WORKER_LIFECYCLE_CHANGED,d1-per-tenant,d1,none,tenant-churn,lms,distributed,10,50,4,10494,0,0.0000,348.44,128.22,181.79,229.98,368.05,143.33,1185.11,62,,,,,,,,,,,,edge,closed-loop
tenant-churn,database-per-tenant,10,explicit-worker-binding,raw,zipf,,,,,,,,,,,,,WORKER_LIFECYCLE_CHANGED,d1-per-tenant,d1,none,tenant-churn,lms,distributed,10,50,5,10642,0,0.0000,353.01,133.21,165.81,191.39,309.14,141.2,993.63,66,,,,,,,,,,,,edge,closed-loop
tenant-churn,database-per-tenant,10,tenant-database-manifest,raw,zipf,,,,,,,,,0,0.9655387494152503,221,238,WORKER_LIFECYCLE_CHANGED|HIGH_VARIANCE,turso-per-tenant,libsql,none,tenant-churn,lms,distributed,10,50,1,6413,0,0.0000,212.65,151.4,475.83,551.44,700.55,234.34,1339.39,70,,,,,,,,,,,,edge,closed-loop
tenant-churn,database-per-tenant,10,tenant-database-manifest,raw,zipf,,,,,,,,,0,0.9732603092783505,249,235,WORKER_LIFECYCLE_CHANGED|HIGH_VARIANCE,turso-per-tenant,libsql,none,tenant-churn,lms,distributed,10,50,2,9312,0,0.0000,308.9,137.94,226.6,314.99,393.04,161.44,1455.63,74,,,,,,,,,,,,edge,closed-loop
tenant-churn,database-per-tenant,10,tenant-database-manifest,raw,zipf,,,,,,,,,0,0.9707486832204665,311,248,WORKER_LIFECYCLE_CHANGED|HIGH_VARIANCE,turso-per-tenant,libsql,none,tenant-churn,lms,distributed,10,50,3,10632,0,0.0000,352.98,132.03,168.21,192.28,308.81,141.32,1359.76,71,,,,,,,,,,,,edge,closed-loop
tenant-churn,database-per-tenant,10,tenant-database-manifest,raw,zipf,,,,,,,,,0,0.9740311230052533,262,240,WORKER_LIFECYCLE_CHANGED|HIGH_VARIANCE,turso-per-tenant,libsql,none,tenant-churn,lms,distributed,10,50,4,10089,0,0.0000,334.81,137.28,174.81,227.88,348.24,148.95,1327.71,74,,,,,,,,,,,,edge,closed-loop
tenant-churn,database-per-tenant,10,tenant-database-manifest,raw,zipf,,,,,,,,,0,0.9744743276283618,261,250,WORKER_LIFECYCLE_CHANGED|HIGH_VARIANCE,turso-per-tenant,libsql,none,tenant-churn,lms,distributed,10,50,5,10225,0,0.0000,339.26,137.87,169.26,196.88,338.36,147.04,1271.71,74,,,,,,,,,,,,edge,closed-loop
tenant-churn,database-per-tenant,10,tenant-database-manifest,raw,zipf,,,,,,,,,0,0.9712580145920849,260,266,WORKER_LIFECYCLE_CHANGED,tursodb-per-tenant,tursodb,none,tenant-churn,lms,distributed,10,50,1,9046,0,0.0000,296.54,134.65,272.29,344.35,471.75,167.49,1192.22,71,,,,,,,,,,,,edge,closed-loop
tenant-churn,database-per-tenant,10,tenant-database-manifest,raw,zipf,,,,,,,,,0,0.9730720751690157,235,237,WORKER_LIFECYCLE_CHANGED,tursodb-per-tenant,tursodb,none,tenant-churn,lms,distributed,10,50,2,8727,0,0.0000,289.9,139.45,294.87,327.57,388.91,172.28,1226.81,72,,,,,,,,,,,,edge,closed-loop
tenant-churn,database-per-tenant,10,tenant-database-manifest,raw,zipf,,,,,,,,,0,0.9767262192177691,241,238,WORKER_LIFECYCLE_CHANGED,tursodb-per-tenant,tursodb,none,tenant-churn,lms,distributed,10,50,3,10355,0,0.0000,343.11,133.44,177.24,217.67,356.45,145.2,1335.65,72,,,,,,,,,,,,edge,closed-loop
tenant-churn,database-per-tenant,10,tenant-database-manifest,raw,zipf,,,,,,,,,0,0.9747552807831015,245,238,WORKER_LIFECYCLE_CHANGED,tursodb-per-tenant,tursodb,none,tenant-churn,lms,distributed,10,50,4,9705,0,0.0000,322.2,137.67,182.25,230.67,593.66,154.68,1254.02,73,,,,,,,,,,,,edge,closed-loop
tenant-churn,database-per-tenant,10,tenant-database-manifest,raw,zipf,,,,,,,,,0,0.972336606482948,262,258,WORKER_LIFECYCLE_CHANGED,tursodb-per-tenant,tursodb,none,tenant-churn,lms,distributed,10,50,5,9471,0,0.0000,314.48,139.06,197.17,287.71,468.06,158.66,1296.38,74,,,,,,,,,,,,edge,closed-loop
tenant-churn,database-per-tenant,30,explicit-worker-binding,raw,zipf,,,,,,,,,,,,,WORKER_LIFECYCLE_CHANGED|HIGH_VARIANCE,d1-per-tenant,d1,none,tenant-churn,lms,distributed,30,50,1,9608,0,0.0000,318.98,123.43,231.48,437.99,558.43,156.42,1378.21,59,,,,,,,,,,,,edge,closed-loop
tenant-churn,database-per-tenant,30,explicit-worker-binding,raw,zipf,,,,,,,,,,,,,WORKER_LIFECYCLE_CHANGED|HIGH_VARIANCE,d1-per-tenant,d1,none,tenant-churn,lms,distributed,30,50,2,11014,0,0.0000,365.97,124.54,187.11,210.51,294.6,136.38,900.54,60,,,,,,,,,,,,edge,closed-loop
tenant-churn,database-per-tenant,30,explicit-worker-binding,raw,zipf,,,,,,,,,,,,,WORKER_LIFECYCLE_CHANGED|HIGH_VARIANCE,d1-per-tenant,d1,none,tenant-churn,lms,distributed,30,50,3,10832,0,0.0000,359.19,125.52,184.01,219.34,336.32,138.85,493.9,61,,,,,,,,,,,,edge,closed-loop
tenant-churn,database-per-tenant,30,explicit-worker-binding,raw,zipf,,,,,,,,,,,,,WORKER_LIFECYCLE_CHANGED|HIGH_VARIANCE,d1-per-tenant,d1,none,tenant-churn,lms,distributed,30,50,4,10638,0,0.0000,353.16,130.61,179.88,211.72,312.42,141.22,1076.46,63,,,,,,,,,,,,edge,closed-loop
tenant-churn,database-per-tenant,30,explicit-worker-binding,raw,zipf,,,,,,,,,,,,,WORKER_LIFECYCLE_CHANGED|HIGH_VARIANCE,d1-per-tenant,d1,none,tenant-churn,lms,distributed,30,50,5,10933,0,0.0000,362.74,131.76,167.38,186.63,229.44,137.47,326.41,64,,,,,,,,,,,,edge,closed-loop
tenant-churn,database-per-tenant,30,tenant-database-manifest,raw,zipf,,,,,,,,,0,0.9362130360736957,412,80,WORKER_LIFECYCLE_CHANGED|HIGH_VARIANCE,turso-per-tenant,libsql,none,tenant-churn,lms,distributed,30,50,1,6459,0,0.0000,214.45,143.18,531.34,577.83,644.87,232.54,1529.86,71,,,,,,,,,,,,edge,closed-loop
tenant-churn,database-per-tenant,30,tenant-database-manifest,raw,zipf,,,,,,,,,0,0.9353623625131837,429,80,WORKER_LIFECYCLE_CHANGED|HIGH_VARIANCE,turso-per-tenant,libsql,none,tenant-churn,lms,distributed,30,50,2,6637,0,0.0000,220.34,203.86,344.45,371.71,755.29,226.45,2244.42,73,,,,,,,,,,,,edge,closed-loop
tenant-churn,database-per-tenant,30,tenant-database-manifest,raw,zipf,,,,,,,,,0,0.9445024191253202,585,120,WORKER_LIFECYCLE_CHANGED|HIGH_VARIANCE,turso-per-tenant,libsql,none,tenant-churn,lms,distributed,30,50,3,10541,0,0.0000,348.84,131.54,164.71,195.95,392.04,142.76,1049.06,71,,,,,,,,,,,,edge,closed-loop
tenant-churn,database-per-tenant,30,tenant-database-manifest,raw,zipf,,,,,,,,,0,0.9431640421316091,545,82,WORKER_LIFECYCLE_CHANGED|HIGH_VARIANCE,turso-per-tenant,libsql,none,tenant-churn,lms,distributed,30,50,4,9589,0,0.0000,315.59,137.75,183.73,213.05,587.27,156.65,1093.01,72,,,,,,,,,,,,edge,closed-loop
tenant-churn,database-per-tenant,30,tenant-database-manifest,raw,zipf,,,,,,,,,0,0.9459329221279876,561,110,WORKER_LIFECYCLE_CHANGED|HIGH_VARIANCE,turso-per-tenant,libsql,none,tenant-churn,lms,distributed,30,50,5,10376,0,0.0000,344.34,138.22,163.02,180.11,328.56,144.9,1008.34,75,,,,,,,,,,,,edge,closed-loop
tenant-churn,database-per-tenant,30,tenant-database-manifest,raw,zipf,,,,,,,,,0,0.9423533825184445,461,90,WORKER_LIFECYCLE_CHANGED|HIGH_VARIANCE,tursodb-per-tenant,tursodb,none,tenant-churn,lms,distributed,30,50,1,7997,0,0.0000,251.8,133.39,391.5,483.94,603.51,189.07,2026.06,72,,,,,,,,,,,,edge,closed-loop
tenant-churn,database-per-tenant,30,tenant-database-manifest,raw,zipf,,,,,,,,,0,0.9469279661016949,501,101,WORKER_LIFECYCLE_CHANGED|HIGH_VARIANCE,tursodb-per-tenant,tursodb,none,tenant-churn,lms,distributed,30,50,2,9440,0,0.0000,311.28,135.41,215.12,257.52,597.73,159.27,1789.55,72,,,,,,,,,,,,edge,closed-loop
tenant-churn,database-per-tenant,30,tenant-database-manifest,raw,zipf,,,,,,,,,0,0.9479553903345725,518,83,WORKER_LIFECYCLE_CHANGED|HIGH_VARIANCE,tursodb-per-tenant,tursodb,none,tenant-churn,lms,distributed,30,50,3,9953,0,0.0000,330.54,133.21,184.67,234.95,421.59,151.02,1922.1,72,,,,,,,,,,,,edge,closed-loop
tenant-churn,database-per-tenant,30,tenant-database-manifest,raw,zipf,,,,,,,,,0,0.9504750353749747,490,90,WORKER_LIFECYCLE_CHANGED|HIGH_VARIANCE,tursodb-per-tenant,tursodb,none,tenant-churn,lms,distributed,30,50,4,9894,0,0.0000,322.52,137.2,181.88,214.72,432.87,152.5,1731.47,74,,,,,,,,,,,,edge,closed-loop
tenant-churn,database-per-tenant,30,tenant-database-manifest,raw,zipf,,,,,,,,,0,0.9426629857719261,540,92,WORKER_LIFECYCLE_CHANGED|HIGH_VARIANCE,tursodb-per-tenant,tursodb,none,tenant-churn,lms,distributed,30,50,5,9418,0,0.0000,312.63,143.66,188.19,229.8,423.18,159.52,1722.53,75,,,,,,,,,,,,edge,closed-loop
saturation,database-per-tenant,1,explicit-worker-binding,raw,uniform,10,300,300,300,0,24,2.5167419998906553,8,,,,,INSUFFICIENT_SAMPLES|OFFERED_LOAD_NOT_ACHIEVED|WORKER_LIFECYCLE_CHANGED,d1-per-tenant,d1,transaction,lms-balanced,lms,single,1,1000,1,300,0,0.0000,9.93,290.93,341.4,484.94,,278.96,815.67,222,,,,,,,,,,,,edge,arrival-rate
saturation,database-per-tenant,1,explicit-worker-binding,raw,uniform,10,300,300,300,0,10,0.5986000001430511,5,,,,,INSUFFICIENT_SAMPLES|OFFERED_LOAD_NOT_ACHIEVED|WORKER_LIFECYCLE_CHANGED,d1-per-tenant,d1,transaction,lms-balanced,lms,single,1,1000,2,300,0,0.0000,9.94,289.41,318.44,343.09,,262.04,480.24,226,,,,,,,,,,,,edge,arrival-rate
saturation,database-per-tenant,1,explicit-worker-binding,raw,uniform,10,300,300,300,0,4,0.36188000068068504,9,,,,,INSUFFICIENT_SAMPLES|OFFERED_LOAD_NOT_ACHIEVED|WORKER_LIFECYCLE_CHANGED,d1-per-tenant,d1,transaction,lms-balanced,lms,single,1,1000,3,300,0,0.0000,9.9,295,337.28,474.66,,282.82,954.24,228,,,,,,,,,,,,edge,arrival-rate
saturation,database-per-tenant,1,explicit-worker-binding,raw,uniform,10,300,300,300,0,25,1.5515359994024038,6,,,,,INSUFFICIENT_SAMPLES|OFFERED_LOAD_NOT_ACHIEVED|WORKER_LIFECYCLE_CHANGED,d1-per-tenant,d1,transaction,lms-balanced,lms,single,1,1000,4,300,0,0.0000,9.91,301.18,348.74,397.16,,283.07,693.64,231,,,,,,,,,,,,edge,arrival-rate
saturation,database-per-tenant,1,explicit-worker-binding,raw,uniform,10,300,300,300,0,18,1.315081998705864,4,,,,,INSUFFICIENT_SAMPLES|OFFERED_LOAD_NOT_ACHIEVED|WORKER_LIFECYCLE_CHANGED,d1-per-tenant,d1,transaction,lms-balanced,lms,single,1,1000,5,300,0,0.0000,9.91,308.62,337.26,351.24,,277.68,487.09,234,,,,,,,,,,,,edge,arrival-rate
saturation,database-per-tenant,1,tenant-database-manifest,raw,uniform,10,300,300,300,0,49,4.546274999622256,11,0,0.96,12,210,INSUFFICIENT_SAMPLES|OFFERED_LOAD_NOT_ACHIEVED|WORKER_LIFECYCLE_CHANGED|HIGH_VARIANCE,turso-per-tenant,libsql,transaction,lms-balanced,lms,single,1,1000,1,300,0,0.0000,9.92,425.71,783.83,811.77,,507.16,2961,275,,,,,,,,,,,,edge,arrival-rate
saturation,database-per-tenant,1,tenant-database-manifest,raw,uniform,10,300,300,300,0,17,1.2631999999284744,8,0,0.9733333333333334,8,154,INSUFFICIENT_SAMPLES|OFFERED_LOAD_NOT_ACHIEVED|WORKER_LIFECYCLE_CHANGED|HIGH_VARIANCE,turso-per-tenant,libsql,transaction,lms-balanced,lms,single,1,1000,2,300,0,0.0000,9.9,357.33,400.03,441.83,,337.09,1452.17,295,,,,,,,,,,,,edge,arrival-rate
saturation,database-per-tenant,1,tenant-database-manifest,raw,uniform,10,300,300,300,0,5,0.3907610010355711,10,0,0.97,9,180,INSUFFICIENT_SAMPLES|OFFERED_LOAD_NOT_ACHIEVED|WORKER_LIFECYCLE_CHANGED|HIGH_VARIANCE,turso-per-tenant,libsql,transaction,lms-balanced,lms,single,1,1000,3,300,0,0.0000,9.88,335.51,404.21,437.47,,330.21,1819.04,278,,,,,,,,,,,,edge,arrival-rate
saturation,database-per-tenant,1,tenant-database-manifest,raw,uniform,10,300,300,300,0,30,2.773838000372052,8,0,0.9766666666666667,7,90,INSUFFICIENT_SAMPLES|OFFERED_LOAD_NOT_ACHIEVED|WORKER_LIFECYCLE_CHANGED|HIGH_VARIANCE,turso-per-tenant,libsql,transaction,lms-balanced,lms,single,1,1000,4,300,0,0.0000,9.89,347.53,429.22,481.59,,333.01,1295.9,284,,,,,,,,,,,,edge,arrival-rate
saturation,database-per-tenant,1,tenant-database-manifest,raw,uniform,10,300,300,300,0,8,0.4090210013091564,7,0,0.98,6,90,INSUFFICIENT_SAMPLES|OFFERED_LOAD_NOT_ACHIEVED|WORKER_LIFECYCLE_CHANGED|HIGH_VARIANCE,turso-per-tenant,libsql,transaction,lms-balanced,lms,single,1,1000,5,300,0,0.0000,9.91,349.88,390.81,430.63,,325.15,1367.92,285,,,,,,,,,,,,edge,arrival-rate
saturation,database-per-tenant,1,tenant-database-manifest,raw,uniform,10,300,300,300,0,92,8.931059000082314,10,0,0.9466666666666667,16,179,INSUFFICIENT_SAMPLES|HIGH_ERROR_RATE|OFFERED_LOAD_NOT_ACHIEVED|WORKER_LIFECYCLE_CHANGED|HIGH_VARIANCE,tursodb-per-tenant,tursodb,transaction,lms-balanced,lms,single,1,1000,1,296,4,0.0133,9.78,410.63,751.59,818.26,,485.49,2638.78,281,,,,,,,,,,,,edge,arrival-rate
saturation,database-per-tenant,1,tenant-database-manifest,raw,uniform,10,300,300,300,0,31,1.945469000376761,9,0,0.9666666666666667,10,150,INSUFFICIENT_SAMPLES|HIGH_ERROR_RATE|OFFERED_LOAD_NOT_ACHIEVED|WORKER_LIFECYCLE_CHANGED|HIGH_VARIANCE,tursodb-per-tenant,tursodb,transaction,lms-balanced,lms,single,1,1000,2,297,3,0.0100,9.82,339.7,419.02,540.21,,342.57,1588.82,282,,,,,,,,,,,,edge,arrival-rate
saturation,database-per-tenant,1,tenant-database-manifest,raw,uniform,10,300,300,300,0,4,0.11523399874567986,10,0,0.9566666666666667,13,210,INSUFFICIENT_SAMPLES|HIGH_ERROR_RATE|OFFERED_LOAD_NOT_ACHIEVED|WORKER_LIFECYCLE_CHANGED|HIGH_VARIANCE,tursodb-per-tenant,tursodb,transaction,lms-balanced,lms,single,1,1000,3,297,3,0.0100,9.8,341.77,387.27,431.6,,337.07,1802.36,283,,,,,,,,,,,,edge,arrival-rate
saturation,database-per-tenant,1,tenant-database-manifest,raw,uniform,10,300,300,300,0,22,1.3656629994511604,7,0,0.9733333333333334,8,90,INSUFFICIENT_SAMPLES|HIGH_ERROR_RATE|OFFERED_LOAD_NOT_ACHIEVED|WORKER_LIFECYCLE_CHANGED|HIGH_VARIANCE,tursodb-per-tenant,tursodb,transaction,lms-balanced,lms,single,1,1000,4,297,3,0.0100,9.81,351.25,391.06,442.24,,335.13,1979.33,287,,,,,,,,,,,,edge,arrival-rate
saturation,database-per-tenant,1,tenant-database-manifest,raw,uniform,10,300,300,300,0,28,2.521278999745846,7,0,0.9733333333333334,8,90,INSUFFICIENT_SAMPLES|HIGH_ERROR_RATE|OFFERED_LOAD_NOT_ACHIEVED|WORKER_LIFECYCLE_CHANGED|HIGH_VARIANCE,tursodb-per-tenant,tursodb,transaction,lms-balanced,lms,single,1,1000,5,297,3,0.0100,9.81,352.61,387.01,410.66,,330.9,1444.19,290,,,,,,,,,,,,edge,arrival-rate
saturation,database-per-tenant,1,explicit-worker-binding,raw,uniform,25,750,750,750,0,205,6.118402000050992,13,,,,,INSUFFICIENT_SAMPLES|OFFERED_LOAD_NOT_ACHIEVED|WORKER_LIFECYCLE_CHANGED,d1-per-tenant,d1,transaction,lms-balanced,lms,single,1,1000,1,750,0,0.0000,24.79,289.91,321.34,350.68,,264.9,885.42,223,,,,,,,,,,,,edge,arrival-rate
saturation,database-per-tenant,1,explicit-worker-binding,raw,uniform,25,750,750,750,0,12,0.06858900003135204,33,,,,,INSUFFICIENT_SAMPLES|OFFERED_LOAD_NOT_ACHIEVED|WORKER_LIFECYCLE_CHANGED,d1-per-tenant,d1,transaction,lms-balanced,lms,single,1,1000,2,750,0,0.0000,24.79,295.83,373.63,449.51,,301.92,1539.7,228,,,,,,,,,,,,edge,arrival-rate
saturation,database-per-tenant,1,explicit-worker-binding,raw,uniform,25,750,750,750,0,2,0.07395099848508835,18,,,,,INSUFFICIENT_SAMPLES|OFFERED_LOAD_NOT_ACHIEVED|WORKER_LIFECYCLE_CHANGED,d1-per-tenant,d1,transaction,lms-balanced,lms,single,1,1000,3,750,0,0.0000,24.79,296.32,367.22,590.18,,291.21,753.85,228,,,,,,,,,,,,edge,arrival-rate
saturation,database-per-tenant,1,explicit-worker-binding,raw,uniform,25,750,750,750,0,56,2.127727000042796,15,,,,,INSUFFICIENT_SAMPLES|OFFERED_LOAD_NOT_ACHIEVED|WORKER_LIFECYCLE_CHANGED,d1-per-tenant,d1,transaction,lms-balanced,lms,single,1,1000,4,750,0,0.0000,24.71,301.9,355.6,395.06,,281.09,747.43,234,,,,,,,,,,,,edge,arrival-rate
saturation,database-per-tenant,1,explicit-worker-binding,raw,uniform,25,750,750,750,0,28,0.3775949999690056,14,,,,,INSUFFICIENT_SAMPLES|OFFERED_LOAD_NOT_ACHIEVED|WORKER_LIFECYCLE_CHANGED,d1-per-tenant,d1,transaction,lms-balanced,lms,single,1,1000,5,750,0,0.0000,24.74,313.86,360.62,393.79,,288.4,625.39,241,,,,,,,,,,,,edge,arrival-rate
saturation,database-per-tenant,1,tenant-database-manifest,raw,uniform,25,750,750,750,0,262,8.220931000076234,27,0,0.9693333333333334,23,8,INSUFFICIENT_SAMPLES|OFFERED_LOAD_NOT_ACHIEVED|WORKER_LIFECYCLE_CHANGED|HIGH_VARIANCE,turso-per-tenant,libsql,transaction,lms-balanced,lms,single,1,1000,1,750,0,0.0000,24.56,409.4,770.78,827.14,,480.36,2436.82,279,,,,,,,,,,,,edge,arrival-rate
saturation,database-per-tenant,1,tenant-database-manifest,raw,uniform,25,750,750,750,0,13,0.07910799980163574,16,0,0.9813333333333333,14,5,INSUFFICIENT_SAMPLES|OFFERED_LOAD_NOT_ACHIEVED|WORKER_LIFECYCLE_CHANGED|HIGH_VARIANCE,turso-per-tenant,libsql,transaction,lms-balanced,lms,single,1,1000,2,750,0,0.0000,24.75,339.19,403.78,434.03,,312.37,739.46,281,,,,,,,,,,,,edge,arrival-rate
saturation,database-per-tenant,1,tenant-database-manifest,raw,uniform,25,750,750,750,0,4,0.059800999239087105,29,0,0.9666666666666667,25,66,INSUFFICIENT_SAMPLES|OFFERED_LOAD_NOT_ACHIEVED|WORKER_LIFECYCLE_CHANGED|HIGH_VARIANCE,turso-per-tenant,libsql,transaction,lms-balanced,lms,single,1,1000,3,750,0,0.0000,24.48,745.23,881.91,921.74,,728.17,2522.86,282,,,,,,,,,,,,edge,arrival-rate
saturation,database-per-tenant,1,tenant-database-manifest,raw,uniform,25,750,750,750,0,44,1.425084000453353,16,0,0.98,15,64,INSUFFICIENT_SAMPLES|OFFERED_LOAD_NOT_ACHIEVED|WORKER_LIFECYCLE_CHANGED|HIGH_VARIANCE,turso-per-tenant,libsql,transaction,lms-balanced,lms,single,1,1000,4,750,0,0.0000,24.7,346,405.14,450.89,,325.09,3251.59,286,,,,,,,,,,,,edge,arrival-rate
saturation,database-per-tenant,1,tenant-database-manifest,raw,uniform,25,750,750,750,0,21,0.16274800151586533,18,0,0.98,15,63,INSUFFICIENT_SAMPLES|OFFERED_LOAD_NOT_ACHIEVED|WORKER_LIFECYCLE_CHANGED|HIGH_VARIANCE,turso-per-tenant,libsql,transaction,lms-balanced,lms,single,1,1000,5,750,0,0.0000,24.75,351.72,405.07,440.75,,331.35,2731.81,288,,,,,,,,,,,,edge,arrival-rate
saturation,database-per-tenant,1,tenant-database-manifest,raw,uniform,25,750,750,750,0,223,6.511497000232339,26,0,0.9626666666666667,28,66,INSUFFICIENT_SAMPLES|HIGH_ERROR_RATE|OFFERED_LOAD_NOT_ACHIEVED|WORKER_LIFECYCLE_CHANGED|HIGH_VARIANCE,tursodb-per-tenant,tursodb,transaction,lms-balanced,lms,single,1,1000,1,740,10,0.0133,24.39,344.38,762.86,823.69,,408.43,2396.77,280,,,,,,,,,,,,edge,arrival-rate
saturation,database-per-tenant,1,tenant-database-manifest,raw,uniform,25,750,750,750,0,12,0.09616700001060963,12,0,0.9773333333333334,17,4,INSUFFICIENT_SAMPLES|HIGH_ERROR_RATE|OFFERED_LOAD_NOT_ACHIEVED|WORKER_LIFECYCLE_CHANGED|HIGH_VARIANCE,tursodb-per-tenant,tursodb,transaction,lms-balanced,lms,single,1,1000,2,743,7,0.0093,24.5,337.58,369.83,393.77,,307.84,589.55,282,,,,,,,,,,,,edge,arrival-rate
saturation,database-per-tenant,1,tenant-database-manifest,raw,uniform,25,750,750,750,0,15,0.11758200079202652,23,0,0.9653333333333334,26,66,INSUFFICIENT_SAMPLES|HIGH_ERROR_RATE|OFFERED_LOAD_NOT_ACHIEVED|WORKER_LIFECYCLE_CHANGED|HIGH_VARIANCE,tursodb-per-tenant,tursodb,transaction,lms-balanced,lms,single,1,1000,3,743,7,0.0093,23.47,345.76,382.78,621.74,,341.06,2981.08,288,,,,,,,,,,,,edge,arrival-rate
saturation,database-per-tenant,1,tenant-database-manifest,raw,uniform,25,750,750,750,0,43,1.437745999544859,14,0,0.9746666666666667,19,93,INSUFFICIENT_SAMPLES|HIGH_ERROR_RATE|OFFERED_LOAD_NOT_ACHIEVED|WORKER_LIFECYCLE_CHANGED|HIGH_VARIANCE,tursodb-per-tenant,tursodb,transaction,lms-balanced,lms,single,1,1000,4,743,7,0.0093,24.44,350.39,439.71,482.22,,338.35,2576.92,288,,,,,,,,,,,,edge,arrival-rate
saturation,database-per-tenant,1,tenant-database-manifest,raw,uniform,25,750,750,750,0,32,0.49278800189495087,12,0,0.9746666666666667,19,63,INSUFFICIENT_SAMPLES|HIGH_ERROR_RATE|OFFERED_LOAD_NOT_ACHIEVED|WORKER_LIFECYCLE_CHANGED|HIGH_VARIANCE,tursodb-per-tenant,tursodb,transaction,lms-balanced,lms,single,1,1000,5,743,7,0.0093,24.49,352.84,387.49,412.05,,324.8,2816.32,291,,,,,,,,,,,,edge,arrival-rate
saturation,database-per-tenant,1,explicit-worker-binding,raw,uniform,50,1500,1500,1500,0,315,5.2921600001864135,50,,,,,OFFERED_LOAD_NOT_ACHIEVED|WORKER_LIFECYCLE_CHANGED|HIGH_VARIANCE,d1-per-tenant,d1,transaction,lms-balanced,lms,single,1,1000,1,1500,0,0.0000,49.57,402.57,729,809.61,1389.22,461.83,2121.41,242,,,,,,,,,,,,edge,arrival-rate
saturation,database-per-tenant,1,explicit-worker-binding,raw,uniform,50,1500,1500,1500,0,22,0.07499700039625168,22,,,,,OFFERED_LOAD_NOT_ACHIEVED|WORKER_LIFECYCLE_CHANGED|HIGH_VARIANCE,d1-per-tenant,d1,transaction,lms-balanced,lms,single,1,1000,2,1500,0,0.0000,49.58,309.24,371.42,404.28,450.49,288.15,490.4,242,,,,,,,,,,,,edge,arrival-rate
saturation,database-per-tenant,1,explicit-worker-binding,raw,uniform,50,1500,1500,1500,0,6,0.03761900030076504,43,,,,,OFFERED_LOAD_NOT_ACHIEVED|WORKER_LIFECYCLE_CHANGED|HIGH_VARIANCE,d1-per-tenant,d1,transaction,lms-balanced,lms,single,1,1000,3,1500,0,0.0000,49.45,427.01,573.03,660.18,787.34,422.96,1001.89,250,,,,,,,,,,,,edge,arrival-rate
saturation,database-per-tenant,1,explicit-worker-binding,raw,uniform,50,1500,1500,1500,0,104,1.5317490007728338,36,,,,,OFFERED_LOAD_NOT_ACHIEVED|WORKER_LIFECYCLE_CHANGED|HIGH_VARIANCE,d1-per-tenant,d1,transaction,lms-balanced,lms,single,1,1000,4,1500,0,0.0000,49.53,331.99,457.15,503.45,614.4,327.15,726.61,256,,,,,,,,,,,,edge,arrival-rate
saturation,database-per-tenant,1,explicit-worker-binding,raw,uniform,50,1500,1500,1500,0,66,0.8463350012898445,28,,,,,OFFERED_LOAD_NOT_ACHIEVED|WORKER_LIFECYCLE_CHANGED|HIGH_VARIANCE,d1-per-tenant,d1,transaction,lms-balanced,lms,single,1,1000,5,1500,0,0.0000,49.53,343.22,441.11,492.68,585.49,326.89,707,272,,,,,,,,,,,,edge,arrival-rate
saturation,database-per-tenant,1,tenant-database-manifest,raw,uniform,50,1500,1500,1500,0,59,0.5176540003158152,45,0,0.9746666666666667,38,8,OFFERED_LOAD_NOT_ACHIEVED|WORKER_LIFECYCLE_CHANGED|HIGH_VARIANCE,turso-per-tenant,libsql,transaction,lms-balanced,lms,single,1,1000,1,1500,0,0.0000,49.49,390.82,760.11,834,866.8,463.27,1616.73,280,,,,,,,,,,,,edge,arrival-rate
saturation,database-per-tenant,1,tenant-database-manifest,raw,uniform,50,1500,1500,1500,0,135,1.5542119992896914,28,0,0.9833333333333333,25,35,OFFERED_LOAD_NOT_ACHIEVED|WORKER_LIFECYCLE_CHANGED|HIGH_VARIANCE,turso-per-tenant,libsql,transaction,lms-balanced,lms,single,1,1000,2,1500,0,0.0000,49.51,336.39,395.19,434.51,533.8,310.49,3323.22,281,,,,,,,,,,,,edge,arrival-rate
saturation,database-per-tenant,1,tenant-database-manifest,raw,uniform,50,1500,1500,1500,0,8,0.06031299941241741,26,0,0.9833333333333333,25,8,OFFERED_LOAD_NOT_ACHIEVED|WORKER_LIFECYCLE_CHANGED|HIGH_VARIANCE,turso-per-tenant,libsql,transaction,lms-balanced,lms,single,1,1000,3,1500,0,0.0000,49.48,333.08,358.95,378.36,470.47,295.41,730.29,279,,,,,,,,,,,,edge,arrival-rate
saturation,database-per-tenant,1,tenant-database-manifest,raw,uniform,50,1500,1500,1500,0,81,1.2319249995052814,43,0,0.9766666666666667,35,35,OFFERED_LOAD_NOT_ACHIEVED|WORKER_LIFECYCLE_CHANGED|HIGH_VARIANCE,turso-per-tenant,libsql,transaction,lms-balanced,lms,single,1,1000,4,1500,0,0.0000,49.45,344.51,419.68,567.06,842.46,334.23,2279.5,284,,,,,,,,,,,,edge,arrival-rate
saturation,database-per-tenant,1,tenant-database-manifest,raw,uniform,50,1500,1500,1500,0,61,0.6073700003325939,27,0,0.9826666666666667,26,94,OFFERED_LOAD_NOT_ACHIEVED|WORKER_LIFECYCLE_CHANGED|HIGH_VARIANCE,turso-per-tenant,libsql,transaction,lms-balanced,lms,single,1,1000,5,1500,0,0.0000,49.43,347.75,396.71,420.26,520.28,318.76,2546.57,288,,,,,,,,,,,,edge,arrival-rate
saturation,database-per-tenant,1,tenant-database-manifest,raw,uniform,50,1500,1500,1500,0,75,0.9797880002297461,47,0,0.9613333333333334,58,8,HIGH_ERROR_RATE|OFFERED_LOAD_NOT_ACHIEVED|WORKER_LIFECYCLE_CHANGED|HIGH_VARIANCE,tursodb-per-tenant,tursodb,transaction,lms-balanced,lms,single,1,1000,1,1481,19,0.0127,48.89,370.62,773.8,819.65,865.81,464.54,1685.76,283,,,,,,,,,,,,edge,arrival-rate
saturation,database-per-tenant,1,tenant-database-manifest,raw,uniform,50,1500,1500,1500,0,23,0.07016399968415499,25,0,0.976,36,35,HIGH_ERROR_RATE|OFFERED_LOAD_NOT_ACHIEVED|WORKER_LIFECYCLE_CHANGED|HIGH_VARIANCE,tursodb-per-tenant,tursodb,transaction,lms-balanced,lms,single,1,1000,2,1485,15,0.0100,48.97,342.77,409.98,448.59,526.4,321.74,3687.72,285,,,,,,,,,,,,edge,arrival-rate
saturation,database-per-tenant,1,tenant-database-manifest,raw,uniform,50,1500,1500,1500,0,4,0.05661099962890148,76,0,0.9626666666666667,56,8,HIGH_ERROR_RATE|OFFERED_LOAD_NOT_ACHIEVED|WORKER_LIFECYCLE_CHANGED|HIGH_VARIANCE,tursodb-per-tenant,tursodb,transaction,lms-balanced,lms,single,1,1000,3,1485,15,0.0100,48.44,497.78,743.59,1097.08,1759.36,563.97,2035.81,284,,,,,,,,,,,,edge,arrival-rate
saturation,database-per-tenant,1,tenant-database-manifest,raw,uniform,50,1500,1500,1500,0,126,1.953973000869155,49,0,0.9666666666666667,50,36,HIGH_ERROR_RATE|OFFERED_LOAD_NOT_ACHIEVED|WORKER_LIFECYCLE_CHANGED|HIGH_VARIANCE,tursodb-per-tenant,tursodb,transaction,lms-balanced,lms,single,1,1000,4,1486,14,0.0093,49.02,347.79,416.65,501.02,854.5,338.11,1905.41,289,,,,,,,,,,,,edge,arrival-rate
saturation,database-per-tenant,1,tenant-database-manifest,raw,uniform,50,1500,1500,1500,0,36,0.11097300052642822,32,0,0.9733333333333334,40,64,HIGH_ERROR_RATE|OFFERED_LOAD_NOT_ACHIEVED|WORKER_LIFECYCLE_CHANGED|HIGH_VARIANCE,tursodb-per-tenant,tursodb,transaction,lms-balanced,lms,single,1,1000,5,1486,14,0.0093,49.02,356.09,419.6,474.83,617.47,337.86,1307.21,292,,,,,,,,,,,,edge,arrival-rate
saturation,database-per-tenant,1,explicit-worker-binding,raw,uniform,100,3000,3000,3000,0,130,0.7106010001152754,130,,,,,OFFERED_LOAD_NOT_ACHIEVED|WORKER_LIFECYCLE_CHANGED|HIGH_VARIANCE,d1-per-tenant,d1,transaction,lms-balanced,lms,single,1,1000,1,3000,0,0.0000,98.73,441.3,807.3,1106.6,1432.67,490.68,1714.31,365,,,,,,,,,,,,edge,arrival-rate
saturation,database-per-tenant,1,explicit-worker-binding,raw,uniform,100,3000,3000,3000,0,35,0.05404900014400482,78,,,,,OFFERED_LOAD_NOT_ACHIEVED|WORKER_LIFECYCLE_CHANGED|HIGH_VARIANCE,d1-per-tenant,d1,transaction,lms-balanced,lms,single,1,1000,2,2998,2,0.0007,98.75,438.27,623.17,691.37,877.06,443.06,3737.49,361,,,,,,,,,,,,edge,arrival-rate
saturation,database-per-tenant,1,explicit-worker-binding,raw,uniform,100,3000,3000,3000,0,5,0.05271800048649311,109,,,,,OFFERED_LOAD_NOT_ACHIEVED|WORKER_LIFECYCLE_CHANGED|HIGH_VARIANCE,d1-per-tenant,d1,transaction,lms-balanced,lms,single,1,1000,3,3000,0,0.0000,98.67,470.84,687.09,822.56,1142.05,475.89,1425.56,398,,,,,,,,,,,,edge,arrival-rate
saturation,database-per-tenant,1,explicit-worker-binding,raw,uniform,100,3000,3000,3000,0,304,2.291713999584317,116,,,,,OFFERED_LOAD_NOT_ACHIEVED|WORKER_LIFECYCLE_CHANGED|HIGH_VARIANCE,d1-per-tenant,d1,transaction,lms-balanced,lms,single,1,1000,4,3000,0,0.0000,98.4,503.74,839.58,989.29,1301.67,531.01,1677.09,431,,,,,,,,,,,,edge,arrival-rate
saturation,database-per-tenant,1,explicit-worker-binding,raw,uniform,100,3000,3000,3000,0,70,0.15744299814105034,118,,,,,OFFERED_LOAD_NOT_ACHIEVED|WORKER_LIFECYCLE_CHANGED|HIGH_VARIANCE,d1-per-tenant,d1,transaction,lms-balanced,lms,single,1,1000,5,3000,0,0.0000,98.03,700.38,1033.77,1184.47,1382.33,698.69,2020.24,614,,,,,,,,,,,,edge,arrival-rate
saturation,database-per-tenant,1,tenant-database-manifest,raw,uniform,100,3000,3000,3000,0,107,0.5427910001017153,63,0,0.9826666666666667,52,8,OFFERED_LOAD_NOT_ACHIEVED|WORKER_LIFECYCLE_CHANGED|HIGH_VARIANCE,turso-per-tenant,libsql,transaction,lms-balanced,lms,single,1,1000,1,3000,0,0.0000,97.8,333.91,487.23,567.11,674.69,325.35,764.28,278,,,,,,,,,,,,edge,arrival-rate
saturation,database-per-tenant,1,tenant-database-manifest,raw,uniform,100,3000,3000,3000,0,137,0.7614430002868176,111,0,0.977,69,36,OFFERED_LOAD_NOT_ACHIEVED|WORKER_LIFECYCLE_CHANGED|HIGH_VARIANCE,turso-per-tenant,libsql,transaction,lms-balanced,lms,single,1,1000,2,3000,0,0.0000,98.97,335.63,417.9,541.59,1017.15,329.2,2819.98,280,,,,,,,,,,,,edge,arrival-rate
saturation,database-per-tenant,1,tenant-database-manifest,raw,uniform,100,3000,3000,3000,0,5,0.04756399989128113,52,0,0.9846666666666667,46,8,OFFERED_LOAD_NOT_ACHIEVED|WORKER_LIFECYCLE_CHANGED|HIGH_VARIANCE,turso-per-tenant,libsql,transaction,lms-balanced,lms,single,1,1000,3,3000,0,0.0000,98.76,335,361.36,382.76,438.93,296.19,601.05,283,,,,,,,,,,,,edge,arrival-rate
saturation,database-per-tenant,1,tenant-database-manifest,raw,uniform,100,3000,3000,3000,0,143,0.9451550003141165,51,0,0.985,45,34,OFFERED_LOAD_NOT_ACHIEVED|WORKER_LIFECYCLE_CHANGED|HIGH_VARIANCE,turso-per-tenant,libsql,transaction,lms-balanced,lms,single,1,1000,4,3000,0,0.0000,98.78,341.13,377.12,405.24,511.98,305.59,2087.97,285,,,,,,,,,,,,edge,arrival-rate
saturation,database-per-tenant,1,tenant-database-manifest,raw,uniform,100,3000,3000,3000,0,80,0.22603200003504753,63,0,0.981,57,8,OFFERED_LOAD_NOT_ACHIEVED|WORKER_LIFECYCLE_CHANGED|HIGH_VARIANCE,turso-per-tenant,libsql,transaction,lms-balanced,lms,single,1,1000,5,3000,0,0.0000,98.24,350.46,408.87,469.74,637.19,325.41,1054.06,291,,,,,,,,,,,,edge,arrival-rate
saturation,database-per-tenant,1,tenant-database-manifest,raw,uniform,100,3000,3000,3000,0,294,2.37888399977237,131,0,0.9656666666666667,103,8,HIGH_ERROR_RATE|OFFERED_LOAD_NOT_ACHIEVED|WORKER_LIFECYCLE_CHANGED|HIGH_VARIANCE,tursodb-per-tenant,tursodb,transaction,lms-balanced,lms,single,1,1000,1,2955,45,0.0150,96.02,517.55,852.39,943.91,1882.97,571.93,2269.1,288,,,,,,,,,,,,edge,arrival-rate
saturation,database-per-tenant,1,tenant-database-manifest,raw,uniform,100,3000,3000,3000,0,55,0.07176300045102835,98,0,0.9666666666666667,100,17,HIGH_ERROR_RATE|OFFERED_LOAD_NOT_ACHIEVED|WORKER_LIFECYCLE_CHANGED|HIGH_VARIANCE,tursodb-per-tenant,tursodb,transaction,lms-balanced,lms,single,1,1000,2,2965,35,0.0117,96.32,352.5,468.77,563.07,854.87,357.72,1624.15,292,,,,,,,,,,,,edge,arrival-rate
saturation,database-per-tenant,1,tenant-database-manifest,raw,uniform,100,3000,3000,3000,0,5,0.04954899847507477,71,0,0.9693333333333334,92,8,HIGH_ERROR_RATE|OFFERED_LOAD_NOT_ACHIEVED|WORKER_LIFECYCLE_CHANGED|HIGH_VARIANCE,tursodb-per-tenant,tursodb,transaction,lms-balanced,lms,single,1,1000,3,2965,35,0.0117,97.22,344.49,424.64,488.86,649.39,333.94,929.13,289,,,,,,,,,,,,edge,arrival-rate
saturation,database-per-tenant,1,tenant-database-manifest,raw,uniform,100,3000,3000,3000,0,295,2.3840159997344017,56,0,0.9733333333333334,80,8,HIGH_ERROR_RATE|OFFERED_LOAD_NOT_ACHIEVED|WORKER_LIFECYCLE_CHANGED|HIGH_VARIANCE,tursodb-per-tenant,tursodb,transaction,lms-balanced,lms,single,1,1000,4,2966,34,0.0113,97.54,356.62,437.27,467.89,589.7,341.48,757.06,297,,,,,,,,,,,,edge,arrival-rate
saturation,database-per-tenant,1,tenant-database-manifest,raw,uniform,100,3000,3000,3000,0,103,0.3823619969189167,64,0,0.9726666666666667,82,8,HIGH_ERROR_RATE|OFFERED_LOAD_NOT_ACHIEVED|WORKER_LIFECYCLE_CHANGED|HIGH_VARIANCE,tursodb-per-tenant,tursodb,transaction,lms-balanced,lms,single,1,1000,5,2966,34,0.0113,97.6,365.82,451.05,490.21,602.83,353.89,793.24,302,,,,,,,,,,,,edge,arrival-rate
saturation,database-per-tenant,1,explicit-worker-binding,raw,uniform,200,6000,5989,5989,11,844,3.04615299962461,1000,,,,,HIGH_ERROR_RATE|OFFERED_LOAD_NOT_ACHIEVED|WORKER_LIFECYCLE_CHANGED|INSUFFICIENT_SAMPLES|HIGH_VARIANCE,d1-per-tenant,d1,transaction,lms-balanced,lms,single,1,1000,1,1958,4031,0.6731,55.95,3153.59,4614.26,4801.02,4964.19,3027.02,5000.27,1673,,,,,,,,,,,,edge,arrival-rate
saturation,database-per-tenant,1,explicit-worker-binding,raw,uniform,200,6000,5996,5996,4,77,0.06707200035452843,1000,,,,,HIGH_ERROR_RATE|OFFERED_LOAD_NOT_ACHIEVED|WORKER_LIFECYCLE_CHANGED|INSUFFICIENT_SAMPLES|HIGH_VARIANCE,d1-per-tenant,d1,transaction,lms-balanced,lms,single,1,1000,2,2138,3858,0.6434,61.09,3149.82,4691.91,4829.99,4968.34,2954.8,4998.39,1422,,,,,,,,,,,,edge,arrival-rate
saturation,database-per-tenant,1,explicit-worker-binding,raw,uniform,200,6000,5995,5995,5,24,0.05829799920320511,1000,,,,,HIGH_ERROR_RATE|OFFERED_LOAD_NOT_ACHIEVED|WORKER_LIFECYCLE_CHANGED|INSUFFICIENT_SAMPLES|HIGH_VARIANCE,d1-per-tenant,d1,transaction,lms-balanced,lms,single,1,1000,3,1372,4623,0.7711,39.21,3149.79,4729.96,4859.1,4974.21,3052.97,4999.33,1719,,,,,,,,,,,,edge,arrival-rate
saturation,database-per-tenant,1,explicit-worker-binding,raw,uniform,200,6000,5984,5984,16,526,2.402139998972416,1000,,,,,HIGH_ERROR_RATE|OFFERED_LOAD_NOT_ACHIEVED|WORKER_LIFECYCLE_CHANGED|INSUFFICIENT_SAMPLES|HIGH_VARIANCE,d1-per-tenant,d1,transaction,lms-balanced,lms,single,1,1000,4,1262,4722,0.7891,36.06,2921.06,4587.59,4806.17,4946.85,2828.63,4996.8,1608,,,,,,,,,,,,edge,arrival-rate
saturation,database-per-tenant,1,explicit-worker-binding,raw,uniform,200,6000,5989,5989,11,124,0.35645099729299545,1000,,,,,HIGH_ERROR_RATE|OFFERED_LOAD_NOT_ACHIEVED|WORKER_LIFECYCLE_CHANGED|INSUFFICIENT_SAMPLES|HIGH_VARIANCE,d1-per-tenant,d1,transaction,lms-balanced,lms,single,1,1000,5,937,5052,0.8435,26.78,2799.52,4584.28,4789.36,,2791.22,4999.7,1914,,,,,,,,,,,,edge,arrival-rate
saturation,database-per-tenant,1,tenant-database-manifest,raw,uniform,200,6000,6000,6000,0,208,0.41310099977999926,356,0,0.9736666666666667,158,26,OFFERED_LOAD_NOT_ACHIEVED|POOL_SATURATED|WORKER_LIFECYCLE_CHANGED|HIGH_VARIANCE,turso-per-tenant,libsql,transaction,lms-balanced,lms,single,1,1000,1,6000,0,0.0000,197.31,422.93,838.82,1290.55,1876.28,546.63,4413.41,283,,,,,,,,,,,,edge,arrival-rate
saturation,database-per-tenant,1,tenant-database-manifest,raw,uniform,200,6000,6000,6000,0,82,0.06714500021189451,126,0,0.9881666666666666,71,8,OFFERED_LOAD_NOT_ACHIEVED|POOL_SATURATED|WORKER_LIFECYCLE_CHANGED|HIGH_VARIANCE,turso-per-tenant,libsql,transaction,lms-balanced,lms,single,1,1000,2,6000,0,0.0000,197.78,336.82,428.98,493.51,612.98,322.48,852.59,283,,,,,,,,,,,,edge,arrival-rate
saturation,database-per-tenant,1,tenant-database-manifest,raw,uniform,200,6000,6000,6000,0,7,0.0524200014770031,115,0,0.9746666666666667,152,169,OFFERED_LOAD_NOT_ACHIEVED|POOL_SATURATED|WORKER_LIFECYCLE_CHANGED|HIGH_VARIANCE,turso-per-tenant,libsql,transaction,lms-balanced,lms,single,1,1000,3,6000,0,0.0000,197.09,336.12,389.82,433.14,556.56,311.4,1910.86,284,,,,,,,,,,,,edge,arrival-rate
saturation,database-per-tenant,1,tenant-database-manifest,raw,uniform,200,6000,6000,6000,0,64,0.07954699918627739,127,0,0.967,198,147,OFFERED_LOAD_NOT_ACHIEVED|POOL_SATURATED|WORKER_LIFECYCLE_CHANGED|HIGH_VARIANCE,turso-per-tenant,libsql,transaction,lms-balanced,lms,single,1,1000,4,6000,0,0.0000,197.59,350.24,429.87,475.42,643.67,333.28,1566.98,292,,,,,,,,,,,,edge,arrival-rate
saturation,database-per-tenant,1,tenant-database-manifest,raw,uniform,200,6000,6000,6000,0,178,0.2441750019788742,117,0,0.9873333333333333,76,34,OFFERED_LOAD_NOT_ACHIEVED|POOL_SATURATED|WORKER_LIFECYCLE_CHANGED|HIGH_VARIANCE,turso-per-tenant,libsql,transaction,lms-balanced,lms,single,1,1000,5,6000,0,0.0000,197.44,362.6,499.15,564.88,663.53,362.34,2527.99,297,,,,,,,,,,,,edge,arrival-rate
saturation,database-per-tenant,1,tenant-database-manifest,raw,uniform,200,6000,6000,6000,0,405,1.451357000041753,908,87,0.8401215805471125,789,69,HIGH_ERROR_RATE|OFFERED_LOAD_NOT_ACHIEVED|POOL_SATURATED|WORKER_LIFECYCLE_CHANGED,tursodb-per-tenant,tursodb,transaction,lms-balanced,lms,single,1,1000,1,4817,1183,0.1972,137.73,3434.85,4289.88,4569.72,4884.29,3058.72,4995.99,675,,,,,,,,,,,,edge,arrival-rate
saturation,database-per-tenant,1,tenant-database-manifest,raw,uniform,200,6000,6000,6000,0,120,0.09966100007295609,841,63,0.8519117944568076,732,85,HIGH_ERROR_RATE|OFFERED_LOAD_NOT_ACHIEVED|POOL_SATURATED|WORKER_LIFECYCLE_CHANGED,tursodb-per-tenant,tursodb,transaction,lms-balanced,lms,single,1,1000,2,4938,1062,0.1770,141.19,3136.95,4095.66,4433.09,4836.14,3133.47,4996.38,661,,,,,,,,,,,,edge,arrival-rate
saturation,database-per-tenant,1,tenant-database-manifest,raw,uniform,200,6000,6000,6000,0,9,0.05203100107610226,714,128,0.8470062208398134,787,110,HIGH_ERROR_RATE|OFFERED_LOAD_NOT_ACHIEVED|POOL_SATURATED|WORKER_LIFECYCLE_CHANGED,tursodb-per-tenant,tursodb,transaction,lms-balanced,lms,single,1,1000,3,5136,864,0.1440,146.85,2536.16,3576.79,4014.85,4675.33,2288.82,4980.25,620,,,,,,,,,,,,edge,arrival-rate
saturation,database-per-tenant,1,tenant-database-manifest,raw,uniform,200,6000,6000,6000,0,78,0.1017719991505146,630,0,0.8423284502698535,818,87,HIGH_ERROR_RATE|OFFERED_LOAD_NOT_ACHIEVED|POOL_SATURATED|WORKER_LIFECYCLE_CHANGED,tursodb-per-tenant,tursodb,transaction,lms-balanced,lms,single,1,1000,4,5182,818,0.1363,148.15,2029.63,2854.9,3263.74,4189.48,1872.14,4983.6,598,,,,,,,,,,,,edge,arrival-rate
saturation,database-per-tenant,1,tenant-database-manifest,raw,uniform,200,6000,6000,6000,0,79,0.09434299916028976,840,86,0.8469729836324197,776,104,HIGH_ERROR_RATE|OFFERED_LOAD_NOT_ACHIEVED|POOL_SATURATED|WORKER_LIFECYCLE_CHANGED,tursodb-per-tenant,tursodb,transaction,lms-balanced,lms,single,1,1000,5,5064,936,0.1560,144.79,3037.06,4045.55,4384.14,4823.78,2622.07,4997.62,708,,,,,,,,,,,,edge,arrival-rate
saturation,database-per-tenant,1,explicit-worker-binding,raw,uniform,500,15000,7508,7508,7492,267,0.802434999961406,1000,,,,,HIGH_ERROR_RATE|OFFERED_LOAD_NOT_ACHIEVED|WORKER_LIFECYCLE_CHANGED|INSUFFICIENT_SAMPLES|HIGH_VARIANCE,d1-per-tenant,d1,transaction,lms-balanced,lms,single,1,1000,1,1647,5861,0.7806,47.06,3298.46,4684.3,4829.06,4955.58,3199.05,4996.51,1700,,,,,,,,,,,,edge,arrival-rate
saturation,database-per-tenant,1,explicit-worker-binding,raw,uniform,500,15000,6802,6802,8198,255,0.44167699944227934,1000,,,,,HIGH_ERROR_RATE|OFFERED_LOAD_NOT_ACHIEVED|WORKER_LIFECYCLE_CHANGED|INSUFFICIENT_SAMPLES|HIGH_VARIANCE,d1-per-tenant,d1,transaction,lms-balanced,lms,single,1,1000,2,1019,5783,0.8502,29.17,3347.28,4718.3,4844.2,4957.85,3175.84,4991.24,1589,,,,,,,,,,,,edge,arrival-rate
saturation,database-per-tenant,1,explicit-worker-binding,raw,uniform,500,15000,6686,6686,8314,5,0.06049699895083904,1000,,,,,HIGH_ERROR_RATE|OFFERED_LOAD_NOT_ACHIEVED|WORKER_LIFECYCLE_CHANGED|INSUFFICIENT_SAMPLES|HIGH_VARIANCE,d1-per-tenant,d1,transaction,lms-balanced,lms,single,1,1000,3,741,5945,0.8892,21.17,2959.24,4755.87,4894.31,,3078.37,4992.03,1733,,,,,,,,,,,,edge,arrival-rate
saturation,database-per-tenant,1,explicit-worker-binding,raw,uniform,500,15000,6473,6473,8527,225,0.42302099987864494,1000,,,,,HIGH_ERROR_RATE|OFFERED_LOAD_NOT_ACHIEVED|WORKER_LIFECYCLE_CHANGED|INSUFFICIENT_SAMPLES|HIGH_VARIANCE,d1-per-tenant,d1,transaction,lms-balanced,lms,single,1,1000,4,658,5815,0.8983,18.83,3255.71,4845.16,4905.56,,3128.49,4999.79,1662,,,,,,,,,,,,edge,arrival-rate
saturation,database-per-tenant,1,explicit-worker-binding,raw,uniform,500,15000,6637,6637,8363,164,0.3037340007722378,1000,,,,,HIGH_ERROR_RATE|OFFERED_LOAD_NOT_ACHIEVED|WORKER_LIFECYCLE_CHANGED|INSUFFICIENT_SAMPLES|HIGH_VARIANCE,d1-per-tenant,d1,transaction,lms-balanced,lms,single,1,1000,5,646,5991,0.9027,18.46,3443.3,4844.99,4938.81,,3362.42,4999.85,1973,,,,,,,,,,,,edge,arrival-rate
saturation,database-per-tenant,1,tenant-database-manifest,raw,uniform,500,15000,8029,8029,6971,279,0.7397889997810125,1000,0,0.8966797277789235,501,33,HIGH_ERROR_RATE|OFFERED_LOAD_NOT_ACHIEVED|POOL_SATURATED|WORKER_LIFECYCLE_CHANGED|HIGH_VARIANCE,turso-per-tenant,libsql,transaction,lms-balanced,lms,single,1,1000,1,4849,3180,0.3961,138.65,3090.63,4552.7,4798.39,4963.96,2825.93,4999.97,322,,,,,,,,,,,,edge,arrival-rate
saturation,database-per-tenant,1,tenant-database-manifest,raw,uniform,500,15000,9854,9854,5146,157,0.09105900023132563,1000,0,0.9461502675040707,463,132,HIGH_ERROR_RATE|OFFERED_LOAD_NOT_ACHIEVED|POOL_SATURATED|WORKER_LIFECYCLE_CHANGED|HIGH_VARIANCE,turso-per-tenant,libsql,transaction,lms-balanced,lms,single,1,1000,2,8598,1256,0.1275,246.03,2865.04,3502.34,3878,4635.06,2663.22,4999.44,315,,,,,,,,,,,,edge,arrival-rate
saturation,database-per-tenant,1,tenant-database-manifest,raw,uniform,500,15000,9650,9650,5350,10,0.04728800058364868,1000,0,0.9457280385078219,451,38,HIGH_ERROR_RATE|OFFERED_LOAD_NOT_ACHIEVED|POOL_SATURATED|WORKER_LIFECYCLE_CHANGED|HIGH_VARIANCE,turso-per-tenant,libsql,transaction,lms-balanced,lms,single,1,1000,3,8310,1340,0.1389,237.44,3002.52,3734.58,4108.96,4792.07,2731.77,4999.68,304,,,,,,,,,,,,edge,arrival-rate
saturation,database-per-tenant,1,tenant-database-manifest,raw,uniform,500,15000,9682,9682,5318,198,0.3755689989775419,1000,0,0.9487024743512372,425,43,HIGH_ERROR_RATE|OFFERED_LOAD_NOT_ACHIEVED|POOL_SATURATED|WORKER_LIFECYCLE_CHANGED|HIGH_VARIANCE,turso-per-tenant,libsql,transaction,lms-balanced,lms,single,1,1000,4,8285,1397,0.1443,236.82,2968.71,3647.67,4070.51,4785.38,2749.18,4998.86,305,,,,,,,,,,,,edge,arrival-rate
saturation,database-per-tenant,1,tenant-database-manifest,raw,uniform,500,15000,9192,9192,5808,208,0.40251700207591057,1000,0,0.8888888888888888,861,173,HIGH_ERROR_RATE|OFFERED_LOAD_NOT_ACHIEVED|POOL_SATURATED|WORKER_LIFECYCLE_CHANGED|HIGH_VARIANCE,turso-per-tenant,libsql,transaction,lms-balanced,lms,single,1,1000,5,7749,1443,0.1570,221.56,3143.33,3894.29,4234.52,4785.45,2942.06,4999.1,392,,,,,,,,,,,,edge,arrival-rate
saturation,database-per-tenant,1,tenant-database-manifest,raw,uniform,500,15000,7263,7263,7737,243,0.6554909995757043,1000,0,0.8374256913931248,629,38,HIGH_ERROR_RATE|OFFERED_LOAD_NOT_ACHIEVED|POOL_SATURATED|WORKER_LIFECYCLE_CHANGED,tursodb-per-tenant,tursodb,transaction,lms-balanced,lms,single,1,1000,1,3865,3398,0.4679,110.47,4038.67,4686.54,4848.97,4972.21,3669.31,5000.18,517,,,,,,,,,,,,edge,arrival-rate
saturation,database-per-tenant,1,tenant-database-manifest,raw,uniform,500,15000,7292,7292,7708,583,1.5103329997509718,1000,0,0.8286820126298635,841,39,HIGH_ERROR_RATE|OFFERED_LOAD_NOT_ACHIEVED|POOL_SATURATED|WORKER_LIFECYCLE_CHANGED,tursodb-per-tenant,tursodb,transaction,lms-balanced,lms,single,1,1000,2,4832,2460,0.3374,138.2,4249.55,4795.99,4886.33,4977.91,3892.63,4998.98,763,,,,,,,,,,,,edge,arrival-rate
saturation,database-per-tenant,1,tenant-database-manifest,raw,uniform,500,15000,7296,7296,7704,14,0.05130100063979626,1000,73,0.8536678797165294,764,36,HIGH_ERROR_RATE|OFFERED_LOAD_NOT_ACHIEVED|POOL_SATURATED|WORKER_LIFECYCLE_CHANGED,tursodb-per-tenant,tursodb,transaction,lms-balanced,lms,single,1,1000,3,5217,2079,0.2850,149.27,4178.35,4717.74,4847.11,4966.86,3906.42,4999.61,764,,,,,,,,,,,,edge,arrival-rate
saturation,database-per-tenant,1,tenant-database-manifest,raw,uniform,500,15000,7271,7271,7729,255,0.7637970000505447,1000,0,0.8348165834599522,761,43,HIGH_ERROR_RATE|OFFERED_LOAD_NOT_ACHIEVED|POOL_SATURATED|WORKER_LIFECYCLE_CHANGED,tursodb-per-tenant,tursodb,transaction,lms-balanced,lms,single,1,1000,4,4592,2679,0.3685,131.4,4158.85,4772.82,4891.29,4982.09,3817.34,5000.69,756,,,,,,,,,,,,edge,arrival-rate
saturation,database-per-tenant,1,tenant-database-manifest,raw,uniform,500,15000,7388,7388,7612,182,0.4305090010166168,1000,0,0.8398617511520737,834,38,HIGH_ERROR_RATE|OFFERED_LOAD_NOT_ACHIEVED|POOL_SATURATED|WORKER_LIFECYCLE_CHANGED,tursodb-per-tenant,tursodb,transaction,lms-balanced,lms,single,1,1000,5,5186,2202,0.2981,148.51,4146.53,4714.9,4847.33,4969.49,3807.61,4999.61,753,,,,,,,,,,,,edge,arrival-rate
