Validating topology before measurement: 150 scenarios, runs=10
latency/d1-per-tenant/point-read t=1 c=1 rps=- run=1: 16/1000000 ok=16 err=0
latency/d1-per-tenant/point-read t=1 c=1 rps=- run=1: 28/1000000 ok=28 err=0
latency/d1-per-tenant/point-read t=1 c=1 rps=- run=1: 42/1000000 ok=42 err=0
latency/d1-per-tenant/point-read t=1 c=1 rps=- run=1: 50/1000000 ok=50 err=0
latency/d1-per-tenant/point-read t=1 c=1 rps=- run=1: 59/1000000 ok=59 err=0
latency/d1-per-tenant/point-read t=1 c=1 rps=- run=1: 73/1000000 ok=73 err=0
latency/d1-per-tenant/point-read t=1 c=1 rps=- run=1: 89/1000000 ok=89 err=0
latency/d1-per-tenant/point-read t=1 c=1 rps=- run=1: 104/1000000 ok=104 err=0
latency/d1-per-tenant/point-read t=1 c=1 rps=- run=1: 120/1000000 ok=120 err=0
latency/d1-per-tenant/point-read t=1 c=1 rps=- run=1: 136/1000000 ok=136 err=0
latency/d1-per-tenant/point-read t=1 c=1 rps=- run=1: 151/1000000 ok=151 err=0
latency/d1-per-tenant/point-read t=1 c=1 rps=- run=1: 167/1000000 ok=167 err=0
latency/d1-per-tenant/point-read t=1 c=1 rps=- run=1: 181/1000000 ok=181 err=0
latency/d1-per-tenant/point-read t=1 c=1 rps=- run=1: 196/1000000 ok=196 err=0
latency/d1-per-tenant/point-read t=1 c=1 rps=- run=1: 204/1000000 ok=204 err=0
latency/turso-per-tenant/point-read t=1 c=1 rps=- run=1: 14/1000000 ok=14 err=0
latency/turso-per-tenant/point-read t=1 c=1 rps=- run=1: 27/1000000 ok=27 err=0
latency/turso-per-tenant/point-read t=1 c=1 rps=- run=1: 38/1000000 ok=38 err=0
latency/turso-per-tenant/point-read t=1 c=1 rps=- run=1: 45/1000000 ok=45 err=0
latency/turso-per-tenant/point-read t=1 c=1 rps=- run=1: 57/1000000 ok=57 err=0
latency/turso-per-tenant/point-read t=1 c=1 rps=- run=1: 71/1000000 ok=71 err=0
latency/turso-per-tenant/point-read t=1 c=1 rps=- run=1: 85/1000000 ok=85 err=0
latency/turso-per-tenant/point-read t=1 c=1 rps=- run=1: 100/1000000 ok=100 err=0
latency/turso-per-tenant/point-read t=1 c=1 rps=- run=1: 114/1000000 ok=114 err=0
latency/turso-per-tenant/point-read t=1 c=1 rps=- run=1: 129/1000000 ok=129 err=0
latency/turso-per-tenant/point-read t=1 c=1 rps=- run=1: 144/1000000 ok=144 err=0
latency/turso-per-tenant/point-read t=1 c=1 rps=- run=1: 160/1000000 ok=160 err=0
latency/turso-per-tenant/point-read t=1 c=1 rps=- run=1: 173/1000000 ok=173 err=0
latency/turso-per-tenant/point-read t=1 c=1 rps=- run=1: 187/1000000 ok=187 err=0
latency/turso-per-tenant/point-read t=1 c=1 rps=- run=1: 195/1000000 ok=195 err=0
latency/tursodb-per-tenant/point-read t=1 c=1 rps=- run=1: 14/1000000 ok=14 err=0
latency/tursodb-per-tenant/point-read t=1 c=1 rps=- run=1: 27/1000000 ok=27 err=0
latency/tursodb-per-tenant/point-read t=1 c=1 rps=- run=1: 41/1000000 ok=41 err=0
latency/tursodb-per-tenant/point-read t=1 c=1 rps=- run=1: 50/1000000 ok=50 err=0
latency/tursodb-per-tenant/point-read t=1 c=1 rps=- run=1: 60/1000000 ok=60 err=0
latency/tursodb-per-tenant/point-read t=1 c=1 rps=- run=1: 74/1000000 ok=74 err=0
latency/tursodb-per-tenant/point-read t=1 c=1 rps=- run=1: 87/1000000 ok=87 err=0
latency/tursodb-per-tenant/point-read t=1 c=1 rps=- run=1: 101/1000000 ok=101 err=0
latency/tursodb-per-tenant/point-read t=1 c=1 rps=- run=1: 112/1000000 ok=112 err=0
latency/tursodb-per-tenant/point-read t=1 c=1 rps=- run=1: 126/1000000 ok=126 err=0
latency/tursodb-per-tenant/point-read t=1 c=1 rps=- run=1: 141/1000000 ok=141 err=0
latency/tursodb-per-tenant/point-read t=1 c=1 rps=- run=1: 156/1000000 ok=156 err=0
latency/tursodb-per-tenant/point-read t=1 c=1 rps=- run=1: 170/1000000 ok=170 err=0
latency/tursodb-per-tenant/point-read t=1 c=1 rps=- run=1: 184/1000000 ok=184 err=0
latency/tursodb-per-tenant/point-read t=1 c=1 rps=- run=1: 189/1000000 ok=189 err=0
mixed-lms/d1-per-tenant/lms-balanced t=1 c=1 rps=- run=1: 10/1000000 ok=10 err=0
mixed-lms/d1-per-tenant/lms-balanced t=1 c=1 rps=- run=1: 20/1000000 ok=20 err=0
mixed-lms/d1-per-tenant/lms-balanced t=1 c=1 rps=- run=1: 30/1000000 ok=30 err=0
mixed-lms/d1-per-tenant/lms-balanced t=1 c=1 rps=- run=1: 39/1000000 ok=39 err=0
mixed-lms/d1-per-tenant/lms-balanced t=1 c=1 rps=- run=1: 49/1000000 ok=49 err=0
mixed-lms/d1-per-tenant/lms-balanced t=1 c=1 rps=- run=1: 59/1000000 ok=59 err=0
mixed-lms/d1-per-tenant/lms-balanced t=1 c=1 rps=- run=1: 69/1000000 ok=69 err=0
mixed-lms/d1-per-tenant/lms-balanced t=1 c=1 rps=- run=1: 79/1000000 ok=79 err=0
mixed-lms/d1-per-tenant/lms-balanced t=1 c=1 rps=- run=1: 89/1000000 ok=89 err=0
mixed-lms/d1-per-tenant/lms-balanced t=1 c=1 rps=- run=1: 98/1000000 ok=98 err=0
mixed-lms/d1-per-tenant/lms-balanced t=1 c=1 rps=- run=1: 110/1000000 ok=110 err=0
mixed-lms/d1-per-tenant/lms-balanced t=1 c=1 rps=- run=1: 121/1000000 ok=121 err=0
mixed-lms/d1-per-tenant/lms-balanced t=1 c=1 rps=- run=1: 132/1000000 ok=132 err=0
mixed-lms/d1-per-tenant/lms-balanced t=1 c=1 rps=- run=1: 143/1000000 ok=143 err=0
mixed-lms/d1-per-tenant/lms-balanced t=1 c=1 rps=- run=1: 146/1000000 ok=146 err=0
mixed-lms/turso-per-tenant/lms-balanced t=1 c=1 rps=- run=1: 9/1000000 ok=9 err=0
mixed-lms/turso-per-tenant/lms-balanced t=1 c=1 rps=- run=1: 19/1000000 ok=19 err=0
mixed-lms/turso-per-tenant/lms-balanced t=1 c=1 rps=- run=1: 28/1000000 ok=28 err=0
mixed-lms/turso-per-tenant/lms-balanced t=1 c=1 rps=- run=1: 36/1000000 ok=36 err=0
mixed-lms/turso-per-tenant/lms-balanced t=1 c=1 rps=- run=1: 45/1000000 ok=45 err=0
mixed-lms/turso-per-tenant/lms-balanced t=1 c=1 rps=- run=1: 54/1000000 ok=54 err=0
mixed-lms/turso-per-tenant/lms-balanced t=1 c=1 rps=- run=1: 62/1000000 ok=62 err=0
mixed-lms/turso-per-tenant/lms-balanced t=1 c=1 rps=- run=1: 72/1000000 ok=72 err=0
mixed-lms/turso-per-tenant/lms-balanced t=1 c=1 rps=- run=1: 81/1000000 ok=81 err=0
mixed-lms/turso-per-tenant/lms-balanced t=1 c=1 rps=- run=1: 87/1000000 ok=87 err=0
mixed-lms/turso-per-tenant/lms-balanced t=1 c=1 rps=- run=1: 94/1000000 ok=94 err=0
mixed-lms/turso-per-tenant/lms-balanced t=1 c=1 rps=- run=1: 102/1000000 ok=102 err=0
mixed-lms/turso-per-tenant/lms-balanced t=1 c=1 rps=- run=1: 110/1000000 ok=110 err=0
mixed-lms/turso-per-tenant/lms-balanced t=1 c=1 rps=- run=1: 118/1000000 ok=118 err=0
mixed-lms/turso-per-tenant/lms-balanced t=1 c=1 rps=- run=1: 120/1000000 ok=120 err=0
mixed-lms/tursodb-per-tenant/lms-balanced t=1 c=1 rps=- run=1: 8/1000000 ok=8 err=0
mixed-lms/tursodb-per-tenant/lms-balanced t=1 c=1 rps=- run=1: 16/1000000 ok=16 err=0
mixed-lms/tursodb-per-tenant/lms-balanced t=1 c=1 rps=- run=1: 23/1000000 ok=23 err=0
mixed-lms/tursodb-per-tenant/lms-balanced t=1 c=1 rps=- run=1: 31/1000000 ok=31 err=0
mixed-lms/tursodb-per-tenant/lms-balanced t=1 c=1 rps=- run=1: 39/1000000 ok=39 err=0
mixed-lms/tursodb-per-tenant/lms-balanced t=1 c=1 rps=- run=1: 47/1000000 ok=47 err=0
mixed-lms/tursodb-per-tenant/lms-balanced t=1 c=1 rps=- run=1: 56/1000000 ok=55 err=1
mixed-lms/tursodb-per-tenant/lms-balanced t=1 c=1 rps=- run=1: 65/1000000 ok=64 err=1
mixed-lms/tursodb-per-tenant/lms-balanced t=1 c=1 rps=- run=1: 73/1000000 ok=72 err=1
mixed-lms/tursodb-per-tenant/lms-balanced t=1 c=1 rps=- run=1: 81/1000000 ok=79 err=2
mixed-lms/tursodb-per-tenant/lms-balanced t=1 c=1 rps=- run=1: 90/1000000 ok=87 err=3
mixed-lms/tursodb-per-tenant/lms-balanced t=1 c=1 rps=- run=1: 98/1000000 ok=95 err=3
mixed-lms/tursodb-per-tenant/lms-balanced t=1 c=1 rps=- run=1: 105/1000000 ok=102 err=3
mixed-lms/tursodb-per-tenant/lms-balanced t=1 c=1 rps=- run=1: 114/1000000 ok=111 err=3
mixed-lms/tursodb-per-tenant/lms-balanced t=1 c=1 rps=- run=1: 117/1000000 ok=114 err=3
mixed-lms/d1-per-tenant/lms-balanced t=1 c=10 rps=- run=1: 71/1000000 ok=71 err=0
mixed-lms/d1-per-tenant/lms-balanced t=1 c=10 rps=- run=1: 165/1000000 ok=165 err=0
mixed-lms/d1-per-tenant/lms-balanced t=1 c=10 rps=- run=1: 253/1000000 ok=253 err=0
mixed-lms/d1-per-tenant/lms-balanced t=1 c=10 rps=- run=1: 342/1000000 ok=342 err=0
mixed-lms/d1-per-tenant/lms-balanced t=1 c=10 rps=- run=1: 436/1000000 ok=436 err=0
mixed-lms/d1-per-tenant/lms-balanced t=1 c=10 rps=- run=1: 528/1000000 ok=528 err=0
mixed-lms/d1-per-tenant/lms-balanced t=1 c=10 rps=- run=1: 622/1000000 ok=622 err=0
mixed-lms/d1-per-tenant/lms-balanced t=1 c=10 rps=- run=1: 700/1000000 ok=700 err=0
mixed-lms/d1-per-tenant/lms-balanced t=1 c=10 rps=- run=1: 791/1000000 ok=791 err=0
mixed-lms/d1-per-tenant/lms-balanced t=1 c=10 rps=- run=1: 880/1000000 ok=880 err=0
mixed-lms/d1-per-tenant/lms-balanced t=1 c=10 rps=- run=1: 968/1000000 ok=968 err=0
mixed-lms/d1-per-tenant/lms-balanced t=1 c=10 rps=- run=1: 1066/1000000 ok=1066 err=0
mixed-lms/d1-per-tenant/lms-balanced t=1 c=10 rps=- run=1: 1161/1000000 ok=1161 err=0
mixed-lms/d1-per-tenant/lms-balanced t=1 c=10 rps=- run=1: 1246/1000000 ok=1246 err=0
mixed-lms/d1-per-tenant/lms-balanced t=1 c=10 rps=- run=1: 1332/1000000 ok=1332 err=0
mixed-lms/turso-per-tenant/lms-balanced t=1 c=10 rps=- run=1: 74/1000000 ok=74 err=0
mixed-lms/turso-per-tenant/lms-balanced t=1 c=10 rps=- run=1: 158/1000000 ok=158 err=0
mixed-lms/turso-per-tenant/lms-balanced t=1 c=10 rps=- run=1: 247/1000000 ok=247 err=0
mixed-lms/turso-per-tenant/lms-balanced t=1 c=10 rps=- run=1: 334/1000000 ok=334 err=0
mixed-lms/turso-per-tenant/lms-balanced t=1 c=10 rps=- run=1: 421/1000000 ok=421 err=0
mixed-lms/turso-per-tenant/lms-balanced t=1 c=10 rps=- run=1: 507/1000000 ok=507 err=0
mixed-lms/turso-per-tenant/lms-balanced t=1 c=10 rps=- run=1: 584/1000000 ok=584 err=0
mixed-lms/turso-per-tenant/lms-balanced t=1 c=10 rps=- run=1: 665/1000000 ok=665 err=0
mixed-lms/turso-per-tenant/lms-balanced t=1 c=10 rps=- run=1: 749/1000000 ok=749 err=0
mixed-lms/turso-per-tenant/lms-balanced t=1 c=10 rps=- run=1: 835/1000000 ok=835 err=0
mixed-lms/turso-per-tenant/lms-balanced t=1 c=10 rps=- run=1: 925/1000000 ok=925 err=0
mixed-lms/turso-per-tenant/lms-balanced t=1 c=10 rps=- run=1: 1011/1000000 ok=1011 err=0
mixed-lms/turso-per-tenant/lms-balanced t=1 c=10 rps=- run=1: 1096/1000000 ok=1096 err=0
mixed-lms/turso-per-tenant/lms-balanced t=1 c=10 rps=- run=1: 1180/1000000 ok=1180 err=0
mixed-lms/turso-per-tenant/lms-balanced t=1 c=10 rps=- run=1: 1255/1000000 ok=1255 err=0
mixed-lms/tursodb-per-tenant/lms-balanced t=1 c=10 rps=- run=1: 72/1000000 ok=71 err=1
mixed-lms/tursodb-per-tenant/lms-balanced t=1 c=10 rps=- run=1: 155/1000000 ok=152 err=3
mixed-lms/tursodb-per-tenant/lms-balanced t=1 c=10 rps=- run=1: 242/1000000 ok=237 err=5
mixed-lms/tursodb-per-tenant/lms-balanced t=1 c=10 rps=- run=1: 324/1000000 ok=319 err=5
mixed-lms/tursodb-per-tenant/lms-balanced t=1 c=10 rps=- run=1: 398/1000000 ok=393 err=5
mixed-lms/tursodb-per-tenant/lms-balanced t=1 c=10 rps=- run=1: 480/1000000 ok=474 err=6
mixed-lms/tursodb-per-tenant/lms-balanced t=1 c=10 rps=- run=1: 563/1000000 ok=556 err=7
mixed-lms/tursodb-per-tenant/lms-balanced t=1 c=10 rps=- run=1: 642/1000000 ok=631 err=11
mixed-lms/tursodb-per-tenant/lms-balanced t=1 c=10 rps=- run=1: 720/1000000 ok=707 err=13
mixed-lms/tursodb-per-tenant/lms-balanced t=1 c=10 rps=- run=1: 798/1000000 ok=783 err=15
mixed-lms/tursodb-per-tenant/lms-balanced t=1 c=10 rps=- run=1: 880/1000000 ok=863 err=17
mixed-lms/tursodb-per-tenant/lms-balanced t=1 c=10 rps=- run=1: 964/1000000 ok=946 err=18
mixed-lms/tursodb-per-tenant/lms-balanced t=1 c=10 rps=- run=1: 1046/1000000 ok=1027 err=19
mixed-lms/tursodb-per-tenant/lms-balanced t=1 c=10 rps=- run=1: 1129/1000000 ok=1109 err=20
mixed-lms/tursodb-per-tenant/lms-balanced t=1 c=10 rps=- run=1: 1208/1000000 ok=1186 err=22
mixed-lms/d1-per-tenant/lms-balanced t=1 c=25 rps=- run=1: 157/1000000 ok=157 err=0
mixed-lms/d1-per-tenant/lms-balanced t=1 c=25 rps=- run=1: 340/1000000 ok=340 err=0
mixed-lms/d1-per-tenant/lms-balanced t=1 c=25 rps=- run=1: 509/1000000 ok=509 err=0
mixed-lms/d1-per-tenant/lms-balanced t=1 c=25 rps=- run=1: 682/1000000 ok=682 err=0
mixed-lms/d1-per-tenant/lms-balanced t=1 c=25 rps=- run=1: 860/1000000 ok=860 err=0
mixed-lms/d1-per-tenant/lms-balanced t=1 c=25 rps=- run=1: 1048/1000000 ok=1048 err=0
mixed-lms/d1-per-tenant/lms-balanced t=1 c=25 rps=- run=1: 1226/1000000 ok=1226 err=0
mixed-lms/d1-per-tenant/lms-balanced t=1 c=25 rps=- run=1: 1415/1000000 ok=1415 err=0
mixed-lms/d1-per-tenant/lms-balanced t=1 c=25 rps=- run=1: 1589/1000000 ok=1589 err=0
mixed-lms/d1-per-tenant/lms-balanced t=1 c=25 rps=- run=1: 1746/1000000 ok=1746 err=0
mixed-lms/d1-per-tenant/lms-balanced t=1 c=25 rps=- run=1: 1888/1000000 ok=1888 err=0
mixed-lms/d1-per-tenant/lms-balanced t=1 c=25 rps=- run=1: 2003/1000000 ok=2003 err=0
mixed-lms/d1-per-tenant/lms-balanced t=1 c=25 rps=- run=1: 2181/1000000 ok=2181 err=0
mixed-lms/d1-per-tenant/lms-balanced t=1 c=25 rps=- run=1: 2356/1000000 ok=2356 err=0
mixed-lms/d1-per-tenant/lms-balanced t=1 c=25 rps=- run=1: 2519/1000000 ok=2519 err=0
mixed-lms/turso-per-tenant/lms-balanced t=1 c=25 rps=- run=1: 174/1000000 ok=174 err=0
mixed-lms/turso-per-tenant/lms-balanced t=1 c=25 rps=- run=1: 333/1000000 ok=333 err=0
mixed-lms/turso-per-tenant/lms-balanced t=1 c=25 rps=- run=1: 473/1000000 ok=473 err=0
mixed-lms/turso-per-tenant/lms-balanced t=1 c=25 rps=- run=1: 674/1000000 ok=674 err=0
mixed-lms/turso-per-tenant/lms-balanced t=1 c=25 rps=- run=1: 862/1000000 ok=862 err=0
mixed-lms/turso-per-tenant/lms-balanced t=1 c=25 rps=- run=1: 1009/1000000 ok=1009 err=0
mixed-lms/turso-per-tenant/lms-balanced t=1 c=25 rps=- run=1: 1156/1000000 ok=1156 err=0
mixed-lms/turso-per-tenant/lms-balanced t=1 c=25 rps=- run=1: 1359/1000000 ok=1359 err=0
mixed-lms/turso-per-tenant/lms-balanced t=1 c=25 rps=- run=1: 1539/1000000 ok=1539 err=0
mixed-lms/turso-per-tenant/lms-balanced t=1 c=25 rps=- run=1: 1741/1000000 ok=1741 err=0
mixed-lms/turso-per-tenant/lms-balanced t=1 c=25 rps=- run=1: 1945/1000000 ok=1945 err=0
mixed-lms/turso-per-tenant/lms-balanced t=1 c=25 rps=- run=1: 2129/1000000 ok=2129 err=0
mixed-lms/turso-per-tenant/lms-balanced t=1 c=25 rps=- run=1: 2280/1000000 ok=2280 err=0
mixed-lms/turso-per-tenant/lms-balanced t=1 c=25 rps=- run=1: 2473/1000000 ok=2473 err=0
mixed-lms/turso-per-tenant/lms-balanced t=1 c=25 rps=- run=1: 2618/1000000 ok=2618 err=0
mixed-lms/tursodb-per-tenant/lms-balanced t=1 c=25 rps=- run=1: 160/1000000 ok=157 err=3
mixed-lms/tursodb-per-tenant/lms-balanced t=1 c=25 rps=- run=1: 360/1000000 ok=355 err=5
mixed-lms/tursodb-per-tenant/lms-balanced t=1 c=25 rps=- run=1: 559/1000000 ok=552 err=7
mixed-lms/tursodb-per-tenant/lms-balanced t=1 c=25 rps=- run=1: 748/1000000 ok=735 err=13
mixed-lms/tursodb-per-tenant/lms-balanced t=1 c=25 rps=- run=1: 949/1000000 ok=931 err=18
mixed-lms/tursodb-per-tenant/lms-balanced t=1 c=25 rps=- run=1: 1128/1000000 ok=1108 err=20
mixed-lms/tursodb-per-tenant/lms-balanced t=1 c=25 rps=- run=1: 1321/1000000 ok=1299 err=22
mixed-lms/tursodb-per-tenant/lms-balanced t=1 c=25 rps=- run=1: 1502/1000000 ok=1476 err=26
mixed-lms/tursodb-per-tenant/lms-balanced t=1 c=25 rps=- run=1: 1665/1000000 ok=1633 err=32
mixed-lms/tursodb-per-tenant/lms-balanced t=1 c=25 rps=- run=1: 1843/1000000 ok=1809 err=34
mixed-lms/tursodb-per-tenant/lms-balanced t=1 c=25 rps=- run=1: 2038/1000000 ok=2001 err=37
mixed-lms/tursodb-per-tenant/lms-balanced t=1 c=25 rps=- run=1: 2242/1000000 ok=2198 err=44
mixed-lms/tursodb-per-tenant/lms-balanced t=1 c=25 rps=- run=1: 2420/1000000 ok=2373 err=47
mixed-lms/tursodb-per-tenant/lms-balanced t=1 c=25 rps=- run=1: 2601/1000000 ok=2548 err=53
mixed-lms/tursodb-per-tenant/lms-balanced t=1 c=25 rps=- run=1: 2803/1000000 ok=2747 err=56
mixed-lms/tursodb-per-tenant/lms-balanced t=1 c=25 rps=- run=1: 2809/1000000 ok=2753 err=56
mixed-lms/d1-per-tenant/lms-balanced t=1 c=50 rps=- run=1: 219/1000000 ok=219 err=0
mixed-lms/d1-per-tenant/lms-balanced t=1 c=50 rps=- run=1: 468/1000000 ok=468 err=0
mixed-lms/d1-per-tenant/lms-balanced t=1 c=50 rps=- run=1: 720/1000000 ok=720 err=0
mixed-lms/d1-per-tenant/lms-balanced t=1 c=50 rps=- run=1: 966/1000000 ok=966 err=0
mixed-lms/d1-per-tenant/lms-balanced t=1 c=50 rps=- run=1: 1204/1000000 ok=1204 err=0
mixed-lms/d1-per-tenant/lms-balanced t=1 c=50 rps=- run=1: 1457/1000000 ok=1457 err=0
mixed-lms/d1-per-tenant/lms-balanced t=1 c=50 rps=- run=1: 1682/1000000 ok=1682 err=0
mixed-lms/d1-per-tenant/lms-balanced t=1 c=50 rps=- run=1: 1918/1000000 ok=1918 err=0
mixed-lms/d1-per-tenant/lms-balanced t=1 c=50 rps=- run=1: 2148/1000000 ok=2148 err=0
mixed-lms/d1-per-tenant/lms-balanced t=1 c=50 rps=- run=1: 2365/1000000 ok=2365 err=0
mixed-lms/d1-per-tenant/lms-balanced t=1 c=50 rps=- run=1: 2616/1000000 ok=2616 err=0
mixed-lms/d1-per-tenant/lms-balanced t=1 c=50 rps=- run=1: 2834/1000000 ok=2834 err=0
mixed-lms/d1-per-tenant/lms-balanced t=1 c=50 rps=- run=1: 3067/1000000 ok=3067 err=0
mixed-lms/d1-per-tenant/lms-balanced t=1 c=50 rps=- run=1: 3292/1000000 ok=3292 err=0
mixed-lms/d1-per-tenant/lms-balanced t=1 c=50 rps=- run=1: 3494/1000000 ok=3494 err=0
mixed-lms/d1-per-tenant/lms-balanced t=1 c=50 rps=- run=1: 3523/1000000 ok=3523 err=0
mixed-lms/turso-per-tenant/lms-balanced t=1 c=50 rps=- run=1: 308/1000000 ok=308 err=0
mixed-lms/turso-per-tenant/lms-balanced t=1 c=50 rps=- run=1: 693/1000000 ok=693 err=0
mixed-lms/turso-per-tenant/lms-balanced t=1 c=50 rps=- run=1: 1051/1000000 ok=1051 err=0
mixed-lms/turso-per-tenant/lms-balanced t=1 c=50 rps=- run=1: 1434/1000000 ok=1434 err=0
mixed-lms/turso-per-tenant/lms-balanced t=1 c=50 rps=- run=1: 1814/1000000 ok=1814 err=0
mixed-lms/turso-per-tenant/lms-balanced t=1 c=50 rps=- run=1: 2198/1000000 ok=2198 err=0
mixed-lms/turso-per-tenant/lms-balanced t=1 c=50 rps=- run=1: 2564/1000000 ok=2564 err=0
mixed-lms/turso-per-tenant/lms-balanced t=1 c=50 rps=- run=1: 2932/1000000 ok=2932 err=0
mixed-lms/turso-per-tenant/lms-balanced t=1 c=50 rps=- run=1: 3222/1000000 ok=3222 err=0
mixed-lms/turso-per-tenant/lms-balanced t=1 c=50 rps=- run=1: 3524/1000000 ok=3524 err=0
mixed-lms/turso-per-tenant/lms-balanced t=1 c=50 rps=- run=1: 3866/1000000 ok=3866 err=0
mixed-lms/turso-per-tenant/lms-balanced t=1 c=50 rps=- run=1: 4207/1000000 ok=4207 err=0
mixed-lms/turso-per-tenant/lms-balanced t=1 c=50 rps=- run=1: 4474/1000000 ok=4474 err=0
mixed-lms/turso-per-tenant/lms-balanced t=1 c=50 rps=- run=1: 4732/1000000 ok=4732 err=0
mixed-lms/turso-per-tenant/lms-balanced t=1 c=50 rps=- run=1: 5119/1000000 ok=5119 err=0
mixed-lms/turso-per-tenant/lms-balanced t=1 c=50 rps=- run=1: 5135/1000000 ok=5135 err=0
mixed-lms/tursodb-per-tenant/lms-balanced t=1 c=50 rps=- run=1: 193/1000000 ok=190 err=3
mixed-lms/tursodb-per-tenant/lms-balanced t=1 c=50 rps=- run=1: 450/1000000 ok=445 err=5
mixed-lms/tursodb-per-tenant/lms-balanced t=1 c=50 rps=- run=1: 668/1000000 ok=658 err=10
mixed-lms/tursodb-per-tenant/lms-balanced t=1 c=50 rps=- run=1: 900/1000000 ok=885 err=15
mixed-lms/tursodb-per-tenant/lms-balanced t=1 c=50 rps=- run=1: 1130/1000000 ok=1112 err=18
mixed-lms/tursodb-per-tenant/lms-balanced t=1 c=50 rps=- run=1: 1358/1000000 ok=1338 err=20
mixed-lms/tursodb-per-tenant/lms-balanced t=1 c=50 rps=- run=1: 1595/1000000 ok=1571 err=24
mixed-lms/tursodb-per-tenant/lms-balanced t=1 c=50 rps=- run=1: 1852/1000000 ok=1820 err=32
mixed-lms/tursodb-per-tenant/lms-balanced t=1 c=50 rps=- run=1: 2103/1000000 ok=2068 err=35
mixed-lms/tursodb-per-tenant/lms-balanced t=1 c=50 rps=- run=1: 2322/1000000 ok=2279 err=43
mixed-lms/tursodb-per-tenant/lms-balanced t=1 c=50 rps=- run=1: 2587/1000000 ok=2540 err=47
mixed-lms/tursodb-per-tenant/lms-balanced t=1 c=50 rps=- run=1: 2824/1000000 ok=2772 err=52
mixed-lms/tursodb-per-tenant/lms-balanced t=1 c=50 rps=- run=1: 3053/1000000 ok=2996 err=57
mixed-lms/tursodb-per-tenant/lms-balanced t=1 c=50 rps=- run=1: 3255/1000000 ok=3194 err=61
mixed-lms/tursodb-per-tenant/lms-balanced t=1 c=50 rps=- run=1: 3489/1000000 ok=3423 err=66
mixed-lms/tursodb-per-tenant/lms-balanced t=1 c=50 rps=- run=1: 3496/1000000 ok=3430 err=66
mixed-lms/d1-per-tenant/lms-balanced t=1 c=100 rps=- run=1: 222/1000000 ok=222 err=0
mixed-lms/d1-per-tenant/lms-balanced t=1 c=100 rps=- run=1: 495/1000000 ok=495 err=0
mixed-lms/d1-per-tenant/lms-balanced t=1 c=100 rps=- run=1: 790/1000000 ok=790 err=0
mixed-lms/d1-per-tenant/lms-balanced t=1 c=100 rps=- run=1: 1078/1000000 ok=1078 err=0
mixed-lms/d1-per-tenant/lms-balanced t=1 c=100 rps=- run=1: 1331/1000000 ok=1331 err=0
mixed-lms/d1-per-tenant/lms-balanced t=1 c=100 rps=- run=1: 1601/1000000 ok=1601 err=0
mixed-lms/d1-per-tenant/lms-balanced t=1 c=100 rps=- run=1: 1907/1000000 ok=1907 err=0
mixed-lms/d1-per-tenant/lms-balanced t=1 c=100 rps=- run=1: 2200/1000000 ok=2200 err=0
mixed-lms/d1-per-tenant/lms-balanced t=1 c=100 rps=- run=1: 2542/1000000 ok=2542 err=0
mixed-lms/d1-per-tenant/lms-balanced t=1 c=100 rps=- run=1: 2814/1000000 ok=2814 err=0
mixed-lms/d1-per-tenant/lms-balanced t=1 c=100 rps=- run=1: 3113/1000000 ok=3113 err=0
mixed-lms/d1-per-tenant/lms-balanced t=1 c=100 rps=- run=1: 3398/1000000 ok=3398 err=0
mixed-lms/d1-per-tenant/lms-balanced t=1 c=100 rps=- run=1: 3667/1000000 ok=3666 err=1
mixed-lms/d1-per-tenant/lms-balanced t=1 c=100 rps=- run=1: 3957/1000000 ok=3956 err=1
mixed-lms/d1-per-tenant/lms-balanced t=1 c=100 rps=- run=1: 4266/1000000 ok=4265 err=1
mixed-lms/turso-per-tenant/lms-balanced t=1 c=100 rps=- run=1: 534/1000000 ok=534 err=0
mixed-lms/turso-per-tenant/lms-balanced t=1 c=100 rps=- run=1: 970/1000000 ok=970 err=0
mixed-lms/turso-per-tenant/lms-balanced t=1 c=100 rps=- run=1: 1367/1000000 ok=1367 err=0
mixed-lms/turso-per-tenant/lms-balanced t=1 c=100 rps=- run=1: 1866/1000000 ok=1866 err=0
mixed-lms/turso-per-tenant/lms-balanced t=1 c=100 rps=- run=1: 2339/1000000 ok=2339 err=0
mixed-lms/turso-per-tenant/lms-balanced t=1 c=100 rps=- run=1: 2815/1000000 ok=2815 err=0
mixed-lms/turso-per-tenant/lms-balanced t=1 c=100 rps=- run=1: 3280/1000000 ok=3280 err=0
mixed-lms/turso-per-tenant/lms-balanced t=1 c=100 rps=- run=1: 3751/1000000 ok=3751 err=0
mixed-lms/turso-per-tenant/lms-balanced t=1 c=100 rps=- run=1: 4199/1000000 ok=4199 err=0
mixed-lms/turso-per-tenant/lms-balanced t=1 c=100 rps=- run=1: 4630/1000000 ok=4630 err=0
mixed-lms/turso-per-tenant/lms-balanced t=1 c=100 rps=- run=1: 5044/1000000 ok=5044 err=0
mixed-lms/turso-per-tenant/lms-balanced t=1 c=100 rps=- run=1: 5538/1000000 ok=5538 err=0
mixed-lms/turso-per-tenant/lms-balanced t=1 c=100 rps=- run=1: 6007/1000000 ok=6007 err=0
mixed-lms/turso-per-tenant/lms-balanced t=1 c=100 rps=- run=1: 6373/1000000 ok=6373 err=0
mixed-lms/turso-per-tenant/lms-balanced t=1 c=100 rps=- run=1: 6787/1000000 ok=6787 err=0
mixed-lms/turso-per-tenant/lms-balanced t=1 c=100 rps=- run=1: 6851/1000000 ok=6851 err=0
mixed-lms/tursodb-per-tenant/lms-balanced t=1 c=100 rps=- run=1: 293/1000000 ok=291 err=2
mixed-lms/tursodb-per-tenant/lms-balanced t=1 c=100 rps=- run=1: 615/1000000 ok=610 err=5
mixed-lms/tursodb-per-tenant/lms-balanced t=1 c=100 rps=- run=1: 838/1000000 ok=832 err=6
mixed-lms/tursodb-per-tenant/lms-balanced t=1 c=100 rps=- run=1: 1063/1000000 ok=1052 err=11
mixed-lms/tursodb-per-tenant/lms-balanced t=1 c=100 rps=- run=1: 1272/1000000 ok=1256 err=16
mixed-lms/tursodb-per-tenant/lms-balanced t=1 c=100 rps=- run=1: 1478/1000000 ok=1460 err=18
mixed-lms/tursodb-per-tenant/lms-balanced t=1 c=100 rps=- run=1: 1666/1000000 ok=1637 err=29
mixed-lms/tursodb-per-tenant/lms-balanced t=1 c=100 rps=- run=1: 1853/1000000 ok=1799 err=54
mixed-lms/tursodb-per-tenant/lms-balanced t=1 c=100 rps=- run=1: 2020/1000000 ok=1937 err=83
mixed-lms/tursodb-per-tenant/lms-balanced t=1 c=100 rps=- run=1: 2241/1000000 ok=2156 err=85
mixed-lms/tursodb-per-tenant/lms-balanced t=1 c=100 rps=- run=1: 2452/1000000 ok=2362 err=90
mixed-lms/tursodb-per-tenant/lms-balanced t=1 c=100 rps=- run=1: 2654/1000000 ok=2557 err=97
mixed-lms/tursodb-per-tenant/lms-balanced t=1 c=100 rps=- run=1: 2832/1000000 ok=2723 err=109
mixed-lms/tursodb-per-tenant/lms-balanced t=1 c=100 rps=- run=1: 3009/1000000 ok=2872 err=137
mixed-lms/tursodb-per-tenant/lms-balanced t=1 c=100 rps=- run=1: 3197/1000000 ok=3029 err=168
mixed-lms/tursodb-per-tenant/lms-balanced t=1 c=100 rps=- run=1: 3232/1000000 ok=3039 err=193
mixed-lms/tursodb-per-tenant/lms-balanced t=1 c=100 rps=- run=1: 3260/1000000 ok=3039 err=221
mixed-lms/tursodb-per-tenant/lms-balanced t=1 c=100 rps=- run=1: 3269/1000000 ok=3039 err=230
mixed-lms/d1-per-tenant/lms-balanced t=1 c=200 rps=- run=1: 116/1000000 ok=116 err=0
mixed-lms/d1-per-tenant/lms-balanced t=1 c=200 rps=- run=1: 381/1000000 ok=381 err=0
mixed-lms/d1-per-tenant/lms-balanced t=1 c=200 rps=- run=1: 639/1000000 ok=639 err=0
mixed-lms/d1-per-tenant/lms-balanced t=1 c=200 rps=- run=1: 918/1000000 ok=918 err=0
mixed-lms/d1-per-tenant/lms-balanced t=1 c=200 rps=- run=1: 1221/1000000 ok=1221 err=0
mixed-lms/d1-per-tenant/lms-balanced t=1 c=200 rps=- run=1: 1521/1000000 ok=1521 err=0
mixed-lms/d1-per-tenant/lms-balanced t=1 c=200 rps=- run=1: 1778/1000000 ok=1778 err=0
mixed-lms/d1-per-tenant/lms-balanced t=1 c=200 rps=- run=1: 2068/1000000 ok=2068 err=0
mixed-lms/d1-per-tenant/lms-balanced t=1 c=200 rps=- run=1: 2344/1000000 ok=2344 err=0
mixed-lms/d1-per-tenant/lms-balanced t=1 c=200 rps=- run=1: 2655/1000000 ok=2655 err=0
mixed-lms/d1-per-tenant/lms-balanced t=1 c=200 rps=- run=1: 2988/1000000 ok=2988 err=0
mixed-lms/d1-per-tenant/lms-balanced t=1 c=200 rps=- run=1: 3339/1000000 ok=3339 err=0
mixed-lms/d1-per-tenant/lms-balanced t=1 c=200 rps=- run=1: 3672/1000000 ok=3672 err=0
mixed-lms/d1-per-tenant/lms-balanced t=1 c=200 rps=- run=1: 4001/1000000 ok=4001 err=0
mixed-lms/d1-per-tenant/lms-balanced t=1 c=200 rps=- run=1: 4276/1000000 ok=4276 err=0
mixed-lms/turso-per-tenant/lms-balanced t=1 c=200 rps=- run=1: 547/1000000 ok=547 err=0
mixed-lms/turso-per-tenant/lms-balanced t=1 c=200 rps=- run=1: 1232/1000000 ok=1232 err=0
mixed-lms/turso-per-tenant/lms-balanced t=1 c=200 rps=- run=1: 1961/1000000 ok=1961 err=0
mixed-lms/turso-per-tenant/lms-balanced t=1 c=200 rps=- run=1: 2473/1000000 ok=2473 err=0
mixed-lms/turso-per-tenant/lms-balanced t=1 c=200 rps=- run=1: 2991/1000000 ok=2991 err=0
mixed-lms/turso-per-tenant/lms-balanced t=1 c=200 rps=- run=1: 3431/1000000 ok=3431 err=0
mixed-lms/turso-per-tenant/lms-balanced t=1 c=200 rps=- run=1: 3850/1000000 ok=3850 err=0
mixed-lms/turso-per-tenant/lms-balanced t=1 c=200 rps=- run=1: 4239/1000000 ok=4239 err=0
mixed-lms/turso-per-tenant/lms-balanced t=1 c=200 rps=- run=1: 4968/1000000 ok=4968 err=0
mixed-lms/turso-per-tenant/lms-balanced t=1 c=200 rps=- run=1: 5514/1000000 ok=5514 err=0
mixed-lms/turso-per-tenant/lms-balanced t=1 c=200 rps=- run=1: 6052/1000000 ok=6052 err=0
mixed-lms/turso-per-tenant/lms-balanced t=1 c=200 rps=- run=1: 6575/1000000 ok=6575 err=0
mixed-lms/turso-per-tenant/lms-balanced t=1 c=200 rps=- run=1: 7086/1000000 ok=7086 err=0
mixed-lms/turso-per-tenant/lms-balanced t=1 c=200 rps=- run=1: 7621/1000000 ok=7621 err=0
mixed-lms/turso-per-tenant/lms-balanced t=1 c=200 rps=- run=1: 8116/1000000 ok=8115 err=1
mixed-lms/turso-per-tenant/lms-balanced t=1 c=200 rps=- run=1: 8214/1000000 ok=8209 err=5
mixed-lms/turso-per-tenant/lms-balanced t=1 c=200 rps=- run=1: 8284/1000000 ok=8278 err=6
mixed-lms/turso-per-tenant/lms-balanced t=1 c=200 rps=- run=1: 8296/1000000 ok=8290 err=6
mixed-lms/tursodb-per-tenant/lms-balanced t=1 c=200 rps=- run=1: 276/1000000 ok=275 err=1
mixed-lms/tursodb-per-tenant/lms-balanced t=1 c=200 rps=- run=1: 710/1000000 ok=707 err=3
mixed-lms/tursodb-per-tenant/lms-balanced t=1 c=200 rps=- run=1: 1034/1000000 ok=1024 err=10
mixed-lms/tursodb-per-tenant/lms-balanced t=1 c=200 rps=- run=1: 1363/1000000 ok=1289 err=74
mixed-lms/tursodb-per-tenant/lms-balanced t=1 c=200 rps=- run=1: 1736/1000000 ok=1611 err=125
mixed-lms/tursodb-per-tenant/lms-balanced t=1 c=200 rps=- run=1: 2073/1000000 ok=1901 err=172
mixed-lms/tursodb-per-tenant/lms-balanced t=1 c=200 rps=- run=1: 2418/1000000 ok=2191 err=227
mixed-lms/tursodb-per-tenant/lms-balanced t=1 c=200 rps=- run=1: 2776/1000000 ok=2495 err=281
mixed-lms/tursodb-per-tenant/lms-balanced t=1 c=200 rps=- run=1: 3121/1000000 ok=2793 err=328
mixed-lms/tursodb-per-tenant/lms-balanced t=1 c=200 rps=- run=1: 3480/1000000 ok=3096 err=384
mixed-lms/tursodb-per-tenant/lms-balanced t=1 c=200 rps=- run=1: 3819/1000000 ok=3380 err=439
mixed-lms/tursodb-per-tenant/lms-balanced t=1 c=200 rps=- run=1: 4172/1000000 ok=3683 err=489
mixed-lms/tursodb-per-tenant/lms-balanced t=1 c=200 rps=- run=1: 4497/1000000 ok=3957 err=540
mixed-lms/tursodb-per-tenant/lms-balanced t=1 c=200 rps=- run=1: 4866/1000000 ok=4273 err=593
mixed-lms/tursodb-per-tenant/lms-balanced t=1 c=200 rps=- run=1: 5210/1000000 ok=4569 err=641
mixed-lms/tursodb-per-tenant/lms-balanced t=1 c=200 rps=- run=1: 5288/1000000 ok=4591 err=697
mixed-lms/tursodb-per-tenant/lms-balanced t=1 c=200 rps=- run=1: 5344/1000000 ok=4591 err=753
mixed-lms/tursodb-per-tenant/lms-balanced t=1 c=200 rps=- run=1: 5357/1000000 ok=4591 err=766
writes/d1-per-tenant/update-progress t=1 c=1 rps=- run=1: 14/1000000 ok=14 err=0
writes/d1-per-tenant/update-progress t=1 c=1 rps=- run=1: 27/1000000 ok=27 err=0
writes/d1-per-tenant/update-progress t=1 c=1 rps=- run=1: 41/1000000 ok=41 err=0
writes/d1-per-tenant/update-progress t=1 c=1 rps=- run=1: 54/1000000 ok=54 err=0
writes/d1-per-tenant/update-progress t=1 c=1 rps=- run=1: 68/1000000 ok=68 err=0
writes/d1-per-tenant/update-progress t=1 c=1 rps=- run=1: 80/1000000 ok=80 err=0
writes/d1-per-tenant/update-progress t=1 c=1 rps=- run=1: 94/1000000 ok=94 err=0
writes/d1-per-tenant/update-progress t=1 c=1 rps=- run=1: 108/1000000 ok=108 err=0
writes/d1-per-tenant/update-progress t=1 c=1 rps=- run=1: 121/1000000 ok=121 err=0
writes/d1-per-tenant/update-progress t=1 c=1 rps=- run=1: 136/1000000 ok=136 err=0
writes/d1-per-tenant/update-progress t=1 c=1 rps=- run=1: 150/1000000 ok=150 err=0
writes/d1-per-tenant/update-progress t=1 c=1 rps=- run=1: 164/1000000 ok=164 err=0
writes/d1-per-tenant/update-progress t=1 c=1 rps=- run=1: 178/1000000 ok=178 err=0
writes/d1-per-tenant/update-progress t=1 c=1 rps=- run=1: 192/1000000 ok=192 err=0
writes/d1-per-tenant/update-progress t=1 c=1 rps=- run=1: 199/1000000 ok=199 err=0
writes/turso-per-tenant/update-progress t=1 c=1 rps=- run=1: 12/1000000 ok=12 err=0
writes/turso-per-tenant/update-progress t=1 c=1 rps=- run=1: 25/1000000 ok=25 err=0
writes/turso-per-tenant/update-progress t=1 c=1 rps=- run=1: 37/1000000 ok=37 err=0
writes/turso-per-tenant/update-progress t=1 c=1 rps=- run=1: 50/1000000 ok=50 err=0
writes/turso-per-tenant/update-progress t=1 c=1 rps=- run=1: 62/1000000 ok=62 err=0
writes/turso-per-tenant/update-progress t=1 c=1 rps=- run=1: 72/1000000 ok=72 err=0
writes/turso-per-tenant/update-progress t=1 c=1 rps=- run=1: 83/1000000 ok=83 err=0
writes/turso-per-tenant/update-progress t=1 c=1 rps=- run=1: 96/1000000 ok=96 err=0
writes/turso-per-tenant/update-progress t=1 c=1 rps=- run=1: 108/1000000 ok=108 err=0
writes/turso-per-tenant/update-progress t=1 c=1 rps=- run=1: 121/1000000 ok=121 err=0
writes/turso-per-tenant/update-progress t=1 c=1 rps=- run=1: 134/1000000 ok=134 err=0
writes/turso-per-tenant/update-progress t=1 c=1 rps=- run=1: 147/1000000 ok=147 err=0
writes/turso-per-tenant/update-progress t=1 c=1 rps=- run=1: 161/1000000 ok=161 err=0
writes/turso-per-tenant/update-progress t=1 c=1 rps=- run=1: 174/1000000 ok=174 err=0
writes/turso-per-tenant/update-progress t=1 c=1 rps=- run=1: 181/1000000 ok=181 err=0
writes/tursodb-per-tenant/update-progress t=1 c=1 rps=- run=1: 9/1000000 ok=6 err=3
writes/tursodb-per-tenant/update-progress t=1 c=1 rps=- run=1: 18/1000000 ok=12 err=6
writes/tursodb-per-tenant/update-progress t=1 c=1 rps=- run=1: 27/1000000 ok=19 err=8
writes/tursodb-per-tenant/update-progress t=1 c=1 rps=- run=1: 36/1000000 ok=25 err=11
writes/tursodb-per-tenant/update-progress t=1 c=1 rps=- run=1: 45/1000000 ok=32 err=13
writes/tursodb-per-tenant/update-progress t=1 c=1 rps=- run=1: 53/1000000 ok=39 err=14
writes/tursodb-per-tenant/update-progress t=1 c=1 rps=- run=1: 61/1000000 ok=46 err=15
writes/tursodb-per-tenant/update-progress t=1 c=1 rps=- run=1: 69/1000000 ok=53 err=16
writes/tursodb-per-tenant/update-progress t=1 c=1 rps=- run=1: 77/1000000 ok=60 err=17
writes/tursodb-per-tenant/update-progress t=1 c=1 rps=- run=1: 85/1000000 ok=66 err=19
writes/tursodb-per-tenant/update-progress t=1 c=1 rps=- run=1: 93/1000000 ok=71 err=22
writes/tursodb-per-tenant/update-progress t=1 c=1 rps=- run=1: 101/1000000 ok=78 err=23
writes/tursodb-per-tenant/update-progress t=1 c=1 rps=- run=1: 110/1000000 ok=85 err=25
writes/tursodb-per-tenant/update-progress t=1 c=1 rps=- run=1: 118/1000000 ok=92 err=26
writes/tursodb-per-tenant/update-progress t=1 c=1 rps=- run=1: 119/1000000 ok=93 err=26
writes/d1-per-tenant/update-progress t=1 c=10 rps=- run=1: 119/1000000 ok=119 err=0
writes/d1-per-tenant/update-progress t=1 c=10 rps=- run=1: 238/1000000 ok=238 err=0
writes/d1-per-tenant/update-progress t=1 c=10 rps=- run=1: 359/1000000 ok=359 err=0
writes/d1-per-tenant/update-progress t=1 c=10 rps=- run=1: 485/1000000 ok=485 err=0
writes/d1-per-tenant/update-progress t=1 c=10 rps=- run=1: 586/1000000 ok=586 err=0
writes/d1-per-tenant/update-progress t=1 c=10 rps=- run=1: 709/1000000 ok=709 err=0
writes/d1-per-tenant/update-progress t=1 c=10 rps=- run=1: 821/1000000 ok=821 err=0
writes/d1-per-tenant/update-progress t=1 c=10 rps=- run=1: 936/1000000 ok=936 err=0
writes/d1-per-tenant/update-progress t=1 c=10 rps=- run=1: 1056/1000000 ok=1056 err=0
writes/d1-per-tenant/update-progress t=1 c=10 rps=- run=1: 1168/1000000 ok=1168 err=0
writes/d1-per-tenant/update-progress t=1 c=10 rps=- run=1: 1282/1000000 ok=1282 err=0
writes/d1-per-tenant/update-progress t=1 c=10 rps=- run=1: 1399/1000000 ok=1399 err=0
writes/d1-per-tenant/update-progress t=1 c=10 rps=- run=1: 1526/1000000 ok=1526 err=0
writes/d1-per-tenant/update-progress t=1 c=10 rps=- run=1: 1646/1000000 ok=1646 err=0
writes/d1-per-tenant/update-progress t=1 c=10 rps=- run=1: 1749/1000000 ok=1749 err=0
writes/turso-per-tenant/update-progress t=1 c=10 rps=- run=1: 78/1000000 ok=78 err=0
writes/turso-per-tenant/update-progress t=1 c=10 rps=- run=1: 173/1000000 ok=173 err=0
writes/turso-per-tenant/update-progress t=1 c=10 rps=- run=1: 262/1000000 ok=262 err=0
writes/turso-per-tenant/update-progress t=1 c=10 rps=- run=1: 345/1000000 ok=345 err=0
writes/turso-per-tenant/update-progress t=1 c=10 rps=- run=1: 404/1000000 ok=404 err=0
writes/turso-per-tenant/update-progress t=1 c=10 rps=- run=1: 460/1000000 ok=460 err=0
writes/turso-per-tenant/update-progress t=1 c=10 rps=- run=1: 521/1000000 ok=521 err=0
writes/turso-per-tenant/update-progress t=1 c=10 rps=- run=1: 606/1000000 ok=606 err=0
writes/turso-per-tenant/update-progress t=1 c=10 rps=- run=1: 686/1000000 ok=686 err=0
writes/turso-per-tenant/update-progress t=1 c=10 rps=- run=1: 751/1000000 ok=751 err=0
writes/turso-per-tenant/update-progress t=1 c=10 rps=- run=1: 830/1000000 ok=830 err=0
writes/turso-per-tenant/update-progress t=1 c=10 rps=- run=1: 913/1000000 ok=913 err=0
writes/turso-per-tenant/update-progress t=1 c=10 rps=- run=1: 999/1000000 ok=999 err=0
writes/turso-per-tenant/update-progress t=1 c=10 rps=- run=1: 1083/1000000 ok=1083 err=0
writes/turso-per-tenant/update-progress t=1 c=10 rps=- run=1: 1156/1000000 ok=1156 err=0
writes/tursodb-per-tenant/update-progress t=1 c=10 rps=- run=1: 46/1000000 ok=33 err=13
writes/tursodb-per-tenant/update-progress t=1 c=10 rps=- run=1: 97/1000000 ok=75 err=22
writes/tursodb-per-tenant/update-progress t=1 c=10 rps=- run=1: 144/1000000 ok=113 err=31
writes/tursodb-per-tenant/update-progress t=1 c=10 rps=- run=1: 190/1000000 ok=148 err=42
writes/tursodb-per-tenant/update-progress t=1 c=10 rps=- run=1: 243/1000000 ok=188 err=55
writes/tursodb-per-tenant/update-progress t=1 c=10 rps=- run=1: 290/1000000 ok=226 err=64
writes/tursodb-per-tenant/update-progress t=1 c=10 rps=- run=1: 341/1000000 ok=267 err=74
writes/tursodb-per-tenant/update-progress t=1 c=10 rps=- run=1: 392/1000000 ok=307 err=85
writes/tursodb-per-tenant/update-progress t=1 c=10 rps=- run=1: 439/1000000 ok=345 err=94
writes/tursodb-per-tenant/update-progress t=1 c=10 rps=- run=1: 487/1000000 ok=385 err=102
writes/tursodb-per-tenant/update-progress t=1 c=10 rps=- run=1: 540/1000000 ok=424 err=116
writes/tursodb-per-tenant/update-progress t=1 c=10 rps=- run=1: 593/1000000 ok=463 err=130
writes/tursodb-per-tenant/update-progress t=1 c=10 rps=- run=1: 641/1000000 ok=502 err=139
writes/tursodb-per-tenant/update-progress t=1 c=10 rps=- run=1: 689/1000000 ok=538 err=151
writes/tursodb-per-tenant/update-progress t=1 c=10 rps=- run=1: 729/1000000 ok=573 err=156
writes/tursodb-per-tenant/update-progress t=1 c=10 rps=- run=1: 730/1000000 ok=574 err=156
writes/d1-per-tenant/update-progress t=1 c=50 rps=- run=1: 494/1000000 ok=494 err=0
writes/d1-per-tenant/update-progress t=1 c=50 rps=- run=1: 768/1000000 ok=768 err=0
writes/d1-per-tenant/update-progress t=1 c=50 rps=- run=1: 958/1000000 ok=958 err=0
writes/d1-per-tenant/update-progress t=1 c=50 rps=- run=1: 1166/1000000 ok=1166 err=0
writes/d1-per-tenant/update-progress t=1 c=50 rps=- run=1: 1411/1000000 ok=1411 err=0
writes/d1-per-tenant/update-progress t=1 c=50 rps=- run=1: 1803/1000000 ok=1803 err=0
writes/d1-per-tenant/update-progress t=1 c=50 rps=- run=1: 2188/1000000 ok=2188 err=0
writes/d1-per-tenant/update-progress t=1 c=50 rps=- run=1: 2561/1000000 ok=2561 err=0
writes/d1-per-tenant/update-progress t=1 c=50 rps=- run=1: 3020/1000000 ok=3020 err=0
writes/d1-per-tenant/update-progress t=1 c=50 rps=- run=1: 3499/1000000 ok=3499 err=0
writes/d1-per-tenant/update-progress t=1 c=50 rps=- run=1: 3995/1000000 ok=3995 err=0
writes/d1-per-tenant/update-progress t=1 c=50 rps=- run=1: 4468/1000000 ok=4468 err=0
writes/d1-per-tenant/update-progress t=1 c=50 rps=- run=1: 4965/1000000 ok=4965 err=0
writes/d1-per-tenant/update-progress t=1 c=50 rps=- run=1: 5465/1000000 ok=5465 err=0
writes/d1-per-tenant/update-progress t=1 c=50 rps=- run=1: 5819/1000000 ok=5819 err=0
writes/turso-per-tenant/update-progress t=1 c=50 rps=- run=1: 42/1000000 ok=42 err=0
writes/turso-per-tenant/update-progress t=1 c=50 rps=- run=1: 118/1000000 ok=118 err=0
writes/turso-per-tenant/update-progress t=1 c=50 rps=- run=1: 204/1000000 ok=204 err=0
writes/turso-per-tenant/update-progress t=1 c=50 rps=- run=1: 278/1000000 ok=278 err=0
writes/turso-per-tenant/update-progress t=1 c=50 rps=- run=1: 386/1000000 ok=386 err=0
writes/turso-per-tenant/update-progress t=1 c=50 rps=- run=1: 476/1000000 ok=476 err=0
writes/turso-per-tenant/update-progress t=1 c=50 rps=- run=1: 544/1000000 ok=544 err=0
writes/turso-per-tenant/update-progress t=1 c=50 rps=- run=1: 626/1000000 ok=626 err=0
writes/turso-per-tenant/update-progress t=1 c=50 rps=- run=1: 716/1000000 ok=716 err=0
writes/turso-per-tenant/update-progress t=1 c=50 rps=- run=1: 797/1000000 ok=797 err=0
writes/turso-per-tenant/update-progress t=1 c=50 rps=- run=1: 867/1000000 ok=867 err=0
writes/turso-per-tenant/update-progress t=1 c=50 rps=- run=1: 896/1000000 ok=896 err=0
writes/turso-per-tenant/update-progress t=1 c=50 rps=- run=1: 1034/1000000 ok=1034 err=0
writes/turso-per-tenant/update-progress t=1 c=50 rps=- run=1: 1120/1000000 ok=1120 err=0
writes/turso-per-tenant/update-progress t=1 c=50 rps=- run=1: 1209/1000000 ok=1209 err=0
writes/turso-per-tenant/update-progress t=1 c=50 rps=- run=1: 1215/1000000 ok=1215 err=0
writes/tursodb-per-tenant/update-progress t=1 c=50 rps=- run=1: 39/1000000 ok=30 err=9
writes/tursodb-per-tenant/update-progress t=1 c=50 rps=- run=1: 89/1000000 ok=69 err=20
writes/tursodb-per-tenant/update-progress t=1 c=50 rps=- run=1: 135/1000000 ok=108 err=27
writes/tursodb-per-tenant/update-progress t=1 c=50 rps=- run=1: 165/1000000 ok=133 err=32
writes/tursodb-per-tenant/update-progress t=1 c=50 rps=- run=1: 198/1000000 ok=157 err=41
writes/tursodb-per-tenant/update-progress t=1 c=50 rps=- run=1: 239/1000000 ok=189 err=50
writes/tursodb-per-tenant/update-progress t=1 c=50 rps=- run=1: 273/1000000 ok=214 err=59
writes/tursodb-per-tenant/update-progress t=1 c=50 rps=- run=1: 295/1000000 ok=234 err=61
writes/tursodb-per-tenant/update-progress t=1 c=50 rps=- run=1: 338/1000000 ok=268 err=70
writes/tursodb-per-tenant/update-progress t=1 c=50 rps=- run=1: 376/1000000 ok=297 err=79
writes/tursodb-per-tenant/update-progress t=1 c=50 rps=- run=1: 408/1000000 ok=324 err=84
writes/tursodb-per-tenant/update-progress t=1 c=50 rps=- run=1: 444/1000000 ok=354 err=90
writes/tursodb-per-tenant/update-progress t=1 c=50 rps=- run=1: 478/1000000 ok=382 err=96
writes/tursodb-per-tenant/update-progress t=1 c=50 rps=- run=1: 509/1000000 ok=407 err=102
writes/tursodb-per-tenant/update-progress t=1 c=50 rps=- run=1: 552/1000000 ok=439 err=113
writes/tursodb-per-tenant/update-progress t=1 c=50 rps=- run=1: 576/1000000 ok=459 err=117
writes/tursodb-per-tenant/update-progress t=1 c=50 rps=- run=1: 590/1000000 ok=466 err=124
writes/d1-per-tenant/update-progress t=1 c=100 rps=- run=1: 551/1000000 ok=551 err=0
writes/d1-per-tenant/update-progress t=1 c=100 rps=- run=1: 963/1000000 ok=963 err=0
writes/d1-per-tenant/update-progress t=1 c=100 rps=- run=1: 1679/1000000 ok=1679 err=0
writes/d1-per-tenant/update-progress t=1 c=100 rps=- run=1: 2310/1000000 ok=2310 err=0
writes/d1-per-tenant/update-progress t=1 c=100 rps=- run=1: 3004/1000000 ok=3004 err=0
writes/d1-per-tenant/update-progress t=1 c=100 rps=- run=1: 3713/1000000 ok=3713 err=0
writes/d1-per-tenant/update-progress t=1 c=100 rps=- run=1: 4285/1000000 ok=4285 err=0
writes/d1-per-tenant/update-progress t=1 c=100 rps=- run=1: 4937/1000000 ok=4937 err=0
writes/d1-per-tenant/update-progress t=1 c=100 rps=- run=1: 5588/1000000 ok=5588 err=0
writes/d1-per-tenant/update-progress t=1 c=100 rps=- run=1: 6190/1000000 ok=6190 err=0
writes/d1-per-tenant/update-progress t=1 c=100 rps=- run=1: 6875/1000000 ok=6875 err=0
writes/d1-per-tenant/update-progress t=1 c=100 rps=- run=1: 7438/1000000 ok=7438 err=0
writes/d1-per-tenant/update-progress t=1 c=100 rps=- run=1: 8133/1000000 ok=8133 err=0
writes/d1-per-tenant/update-progress t=1 c=100 rps=- run=1: 8785/1000000 ok=8785 err=0
writes/d1-per-tenant/update-progress t=1 c=100 rps=- run=1: 9309/1000000 ok=9309 err=0
writes/turso-per-tenant/update-progress t=1 c=100 rps=- run=1: 70/1000000 ok=70 err=0
writes/turso-per-tenant/update-progress t=1 c=100 rps=- run=1: 155/1000000 ok=155 err=0
writes/turso-per-tenant/update-progress t=1 c=100 rps=- run=1: 240/1000000 ok=240 err=0
writes/turso-per-tenant/update-progress t=1 c=100 rps=- run=1: 331/1000000 ok=331 err=0
writes/turso-per-tenant/update-progress t=1 c=100 rps=- run=1: 428/1000000 ok=428 err=0
writes/turso-per-tenant/update-progress t=1 c=100 rps=- run=1: 521/1000000 ok=521 err=0
writes/turso-per-tenant/update-progress t=1 c=100 rps=- run=1: 619/1000000 ok=619 err=0
writes/turso-per-tenant/update-progress t=1 c=100 rps=- run=1: 708/1000000 ok=708 err=0
writes/turso-per-tenant/update-progress t=1 c=100 rps=- run=1: 795/1000000 ok=795 err=0
writes/turso-per-tenant/update-progress t=1 c=100 rps=- run=1: 891/1000000 ok=891 err=0
writes/turso-per-tenant/update-progress t=1 c=100 rps=- run=1: 985/1000000 ok=985 err=0
writes/turso-per-tenant/update-progress t=1 c=100 rps=- run=1: 1076/1000000 ok=1076 err=0
writes/turso-per-tenant/update-progress t=1 c=100 rps=- run=1: 1173/1000000 ok=1173 err=0
writes/turso-per-tenant/update-progress t=1 c=100 rps=- run=1: 1257/1000000 ok=1257 err=0
writes/turso-per-tenant/update-progress t=1 c=100 rps=- run=1: 1335/1000000 ok=1335 err=0
writes/turso-per-tenant/update-progress t=1 c=100 rps=- run=1: 1421/1000000 ok=1421 err=0
writes/turso-per-tenant/update-progress t=1 c=100 rps=- run=1: 1421/1000000 ok=1421 err=0
writes/tursodb-per-tenant/update-progress t=1 c=100 rps=- run=1: 43/1000000 ok=34 err=9
writes/tursodb-per-tenant/update-progress t=1 c=100 rps=- run=1: 92/1000000 ok=73 err=19
writes/tursodb-per-tenant/update-progress t=1 c=100 rps=- run=1: 142/1000000 ok=112 err=30
writes/tursodb-per-tenant/update-progress t=1 c=100 rps=- run=1: 190/1000000 ok=145 err=45
writes/tursodb-per-tenant/update-progress t=1 c=100 rps=- run=1: 242/1000000 ok=182 err=60
writes/tursodb-per-tenant/update-progress t=1 c=100 rps=- run=1: 291/1000000 ok=222 err=69
writes/tursodb-per-tenant/update-progress t=1 c=100 rps=- run=1: 342/1000000 ok=261 err=81
writes/tursodb-per-tenant/update-progress t=1 c=100 rps=- run=1: 396/1000000 ok=301 err=95
writes/tursodb-per-tenant/update-progress t=1 c=100 rps=- run=1: 443/1000000 ok=338 err=105
writes/tursodb-per-tenant/update-progress t=1 c=100 rps=- run=1: 492/1000000 ok=377 err=115
writes/tursodb-per-tenant/update-progress t=1 c=100 rps=- run=1: 543/1000000 ok=416 err=127
writes/tursodb-per-tenant/update-progress t=1 c=100 rps=- run=1: 596/1000000 ok=456 err=140
writes/tursodb-per-tenant/update-progress t=1 c=100 rps=- run=1: 644/1000000 ok=495 err=149
writes/tursodb-per-tenant/update-progress t=1 c=100 rps=- run=1: 694/1000000 ok=533 err=161
writes/tursodb-per-tenant/update-progress t=1 c=100 rps=- run=1: 738/1000000 ok=573 err=165
writes/tursodb-per-tenant/update-progress t=1 c=100 rps=- run=1: 778/1000000 ok=602 err=176
writes/tursodb-per-tenant/update-progress t=1 c=100 rps=- run=1: 818/1000000 ok=608 err=210
writes/tursodb-per-tenant/update-progress t=1 c=100 rps=- run=1: 829/1000000 ok=608 err=221
writes/d1-per-tenant/submit-quiz-answer t=1 c=1 rps=- run=1: 11/1000000 ok=11 err=0
writes/d1-per-tenant/submit-quiz-answer t=1 c=1 rps=- run=1: 23/1000000 ok=23 err=0
writes/d1-per-tenant/submit-quiz-answer t=1 c=1 rps=- run=1: 33/1000000 ok=33 err=0
writes/d1-per-tenant/submit-quiz-answer t=1 c=1 rps=- run=1: 44/1000000 ok=44 err=0
writes/d1-per-tenant/submit-quiz-answer t=1 c=1 rps=- run=1: 56/1000000 ok=56 err=0
writes/d1-per-tenant/submit-quiz-answer t=1 c=1 rps=- run=1: 68/1000000 ok=68 err=0
writes/d1-per-tenant/submit-quiz-answer t=1 c=1 rps=- run=1: 80/1000000 ok=80 err=0
writes/d1-per-tenant/submit-quiz-answer t=1 c=1 rps=- run=1: 92/1000000 ok=92 err=0
writes/d1-per-tenant/submit-quiz-answer t=1 c=1 rps=- run=1: 104/1000000 ok=104 err=0
writes/d1-per-tenant/submit-quiz-answer t=1 c=1 rps=- run=1: 116/1000000 ok=116 err=0
writes/d1-per-tenant/submit-quiz-answer t=1 c=1 rps=- run=1: 127/1000000 ok=127 err=0
writes/d1-per-tenant/submit-quiz-answer t=1 c=1 rps=- run=1: 139/1000000 ok=139 err=0
writes/d1-per-tenant/submit-quiz-answer t=1 c=1 rps=- run=1: 150/1000000 ok=150 err=0
writes/d1-per-tenant/submit-quiz-answer t=1 c=1 rps=- run=1: 162/1000000 ok=162 err=0
writes/d1-per-tenant/submit-quiz-answer t=1 c=1 rps=- run=1: 168/1000000 ok=168 err=0
writes/turso-per-tenant/submit-quiz-answer t=1 c=1 rps=- run=1: 10/1000000 ok=10 err=0
writes/turso-per-tenant/submit-quiz-answer t=1 c=1 rps=- run=1: 20/1000000 ok=20 err=0
writes/turso-per-tenant/submit-quiz-answer t=1 c=1 rps=- run=1: 30/1000000 ok=30 err=0
writes/turso-per-tenant/submit-quiz-answer t=1 c=1 rps=- run=1: 40/1000000 ok=40 err=0
writes/turso-per-tenant/submit-quiz-answer t=1 c=1 rps=- run=1: 49/1000000 ok=49 err=0
writes/turso-per-tenant/submit-quiz-answer t=1 c=1 rps=- run=1: 60/1000000 ok=60 err=0
writes/turso-per-tenant/submit-quiz-answer t=1 c=1 rps=- run=1: 70/1000000 ok=70 err=0
writes/turso-per-tenant/submit-quiz-answer t=1 c=1 rps=- run=1: 81/1000000 ok=81 err=0
writes/turso-per-tenant/submit-quiz-answer t=1 c=1 rps=- run=1: 91/1000000 ok=91 err=0
writes/turso-per-tenant/submit-quiz-answer t=1 c=1 rps=- run=1: 100/1000000 ok=100 err=0
writes/turso-per-tenant/submit-quiz-answer t=1 c=1 rps=- run=1: 107/1000000 ok=107 err=0
writes/turso-per-tenant/submit-quiz-answer t=1 c=1 rps=- run=1: 113/1000000 ok=113 err=0
writes/turso-per-tenant/submit-quiz-answer t=1 c=1 rps=- run=1: 123/1000000 ok=123 err=0
writes/turso-per-tenant/submit-quiz-answer t=1 c=1 rps=- run=1: 133/1000000 ok=133 err=0
writes/turso-per-tenant/submit-quiz-answer t=1 c=1 rps=- run=1: 134/1000000 ok=134 err=0
writes/tursodb-per-tenant/submit-quiz-answer t=1 c=1 rps=- run=1: 6/1000000 ok=6 err=0
writes/tursodb-per-tenant/submit-quiz-answer t=1 c=1 rps=- run=1: 12/1000000 ok=12 err=0
writes/tursodb-per-tenant/submit-quiz-answer t=1 c=1 rps=- run=1: 19/1000000 ok=19 err=0
writes/tursodb-per-tenant/submit-quiz-answer t=1 c=1 rps=- run=1: 26/1000000 ok=26 err=0
writes/tursodb-per-tenant/submit-quiz-answer t=1 c=1 rps=- run=1: 33/1000000 ok=33 err=0
writes/tursodb-per-tenant/submit-quiz-answer t=1 c=1 rps=- run=1: 39/1000000 ok=39 err=0
writes/tursodb-per-tenant/submit-quiz-answer t=1 c=1 rps=- run=1: 45/1000000 ok=45 err=0
writes/tursodb-per-tenant/submit-quiz-answer t=1 c=1 rps=- run=1: 51/1000000 ok=51 err=0
writes/tursodb-per-tenant/submit-quiz-answer t=1 c=1 rps=- run=1: 58/1000000 ok=58 err=0
writes/tursodb-per-tenant/submit-quiz-answer t=1 c=1 rps=- run=1: 65/1000000 ok=65 err=0
writes/tursodb-per-tenant/submit-quiz-answer t=1 c=1 rps=- run=1: 72/1000000 ok=72 err=0
writes/tursodb-per-tenant/submit-quiz-answer t=1 c=1 rps=- run=1: 79/1000000 ok=79 err=0
writes/tursodb-per-tenant/submit-quiz-answer t=1 c=1 rps=- run=1: 86/1000000 ok=86 err=0
writes/tursodb-per-tenant/submit-quiz-answer t=1 c=1 rps=- run=1: 93/1000000 ok=93 err=0
writes/tursodb-per-tenant/submit-quiz-answer t=1 c=1 rps=- run=1: 94/1000000 ok=94 err=0
writes/d1-per-tenant/submit-quiz-answer t=1 c=10 rps=- run=1: 95/1000000 ok=95 err=0
writes/d1-per-tenant/submit-quiz-answer t=1 c=10 rps=- run=1: 190/1000000 ok=190 err=0
writes/d1-per-tenant/submit-quiz-answer t=1 c=10 rps=- run=1: 280/1000000 ok=280 err=0
writes/d1-per-tenant/submit-quiz-answer t=1 c=10 rps=- run=1: 368/1000000 ok=368 err=0
writes/d1-per-tenant/submit-quiz-answer t=1 c=10 rps=- run=1: 445/1000000 ok=445 err=0
writes/d1-per-tenant/submit-quiz-answer t=1 c=10 rps=- run=1: 502/1000000 ok=502 err=0
writes/d1-per-tenant/submit-quiz-answer t=1 c=10 rps=- run=1: 577/1000000 ok=577 err=0
writes/d1-per-tenant/submit-quiz-answer t=1 c=10 rps=- run=1: 675/1000000 ok=675 err=0
writes/d1-per-tenant/submit-quiz-answer t=1 c=10 rps=- run=1: 770/1000000 ok=770 err=0
writes/d1-per-tenant/submit-quiz-answer t=1 c=10 rps=- run=1: 865/1000000 ok=865 err=0
writes/d1-per-tenant/submit-quiz-answer t=1 c=10 rps=- run=1: 957/1000000 ok=957 err=0
writes/d1-per-tenant/submit-quiz-answer t=1 c=10 rps=- run=1: 1055/1000000 ok=1055 err=0
writes/d1-per-tenant/submit-quiz-answer t=1 c=10 rps=- run=1: 1148/1000000 ok=1148 err=0
writes/d1-per-tenant/submit-quiz-answer t=1 c=10 rps=- run=1: 1234/1000000 ok=1234 err=0
writes/d1-per-tenant/submit-quiz-answer t=1 c=10 rps=- run=1: 1314/1000000 ok=1314 err=0
writes/turso-per-tenant/submit-quiz-answer t=1 c=10 rps=- run=1: 71/1000000 ok=71 err=0
writes/turso-per-tenant/submit-quiz-answer t=1 c=10 rps=- run=1: 146/1000000 ok=146 err=0
writes/turso-per-tenant/submit-quiz-answer t=1 c=10 rps=- run=1: 233/1000000 ok=233 err=0
writes/turso-per-tenant/submit-quiz-answer t=1 c=10 rps=- run=1: 312/1000000 ok=312 err=0
writes/turso-per-tenant/submit-quiz-answer t=1 c=10 rps=- run=1: 395/1000000 ok=395 err=0
writes/turso-per-tenant/submit-quiz-answer t=1 c=10 rps=- run=1: 477/1000000 ok=477 err=0
writes/turso-per-tenant/submit-quiz-answer t=1 c=10 rps=- run=1: 552/1000000 ok=552 err=0
writes/turso-per-tenant/submit-quiz-answer t=1 c=10 rps=- run=1: 636/1000000 ok=636 err=0
writes/turso-per-tenant/submit-quiz-answer t=1 c=10 rps=- run=1: 720/1000000 ok=720 err=0
writes/turso-per-tenant/submit-quiz-answer t=1 c=10 rps=- run=1: 803/1000000 ok=803 err=0
writes/turso-per-tenant/submit-quiz-answer t=1 c=10 rps=- run=1: 887/1000000 ok=887 err=0
writes/turso-per-tenant/submit-quiz-answer t=1 c=10 rps=- run=1: 979/1000000 ok=979 err=0
writes/turso-per-tenant/submit-quiz-answer t=1 c=10 rps=- run=1: 1070/1000000 ok=1070 err=0
writes/turso-per-tenant/submit-quiz-answer t=1 c=10 rps=- run=1: 1144/1000000 ok=1144 err=0
writes/turso-per-tenant/submit-quiz-answer t=1 c=10 rps=- run=1: 1213/1000000 ok=1213 err=0
writes/turso-per-tenant/submit-quiz-answer t=1 c=10 rps=- run=1: 1216/1000000 ok=1216 err=0
writes/tursodb-per-tenant/submit-quiz-answer t=1 c=10 rps=- run=1: 38/1000000 ok=38 err=0
writes/tursodb-per-tenant/submit-quiz-answer t=1 c=10 rps=- run=1: 80/1000000 ok=80 err=0
writes/tursodb-per-tenant/submit-quiz-answer t=1 c=10 rps=- run=1: 122/1000000 ok=122 err=0
writes/tursodb-per-tenant/submit-quiz-answer t=1 c=10 rps=- run=1: 167/1000000 ok=167 err=0
writes/tursodb-per-tenant/submit-quiz-answer t=1 c=10 rps=- run=1: 210/1000000 ok=210 err=0
writes/tursodb-per-tenant/submit-quiz-answer t=1 c=10 rps=- run=1: 252/1000000 ok=252 err=0
writes/tursodb-per-tenant/submit-quiz-answer t=1 c=10 rps=- run=1: 295/1000000 ok=295 err=0
writes/tursodb-per-tenant/submit-quiz-answer t=1 c=10 rps=- run=1: 334/1000000 ok=334 err=0
writes/tursodb-per-tenant/submit-quiz-answer t=1 c=10 rps=- run=1: 372/1000000 ok=372 err=0
writes/tursodb-per-tenant/submit-quiz-answer t=1 c=10 rps=- run=1: 407/1000000 ok=407 err=0
writes/tursodb-per-tenant/submit-quiz-answer t=1 c=10 rps=- run=1: 438/1000000 ok=438 err=0
writes/tursodb-per-tenant/submit-quiz-answer t=1 c=10 rps=- run=1: 482/1000000 ok=482 err=0
writes/tursodb-per-tenant/submit-quiz-answer t=1 c=10 rps=- run=1: 524/1000000 ok=524 err=0
writes/tursodb-per-tenant/submit-quiz-answer t=1 c=10 rps=- run=1: 565/1000000 ok=565 err=0
writes/tursodb-per-tenant/submit-quiz-answer t=1 c=10 rps=- run=1: 606/1000000 ok=606 err=0
writes/tursodb-per-tenant/submit-quiz-answer t=1 c=10 rps=- run=1: 608/1000000 ok=608 err=0
writes/d1-per-tenant/submit-quiz-answer t=1 c=50 rps=- run=1: 303/1000000 ok=303 err=0
writes/d1-per-tenant/submit-quiz-answer t=1 c=50 rps=- run=1: 653/1000000 ok=653 err=0
writes/d1-per-tenant/submit-quiz-answer t=1 c=50 rps=- run=1: 948/1000000 ok=948 err=0
writes/d1-per-tenant/submit-quiz-answer t=1 c=50 rps=- run=1: 1284/1000000 ok=1284 err=0
writes/d1-per-tenant/submit-quiz-answer t=1 c=50 rps=- run=1: 1567/1000000 ok=1567 err=0
writes/d1-per-tenant/submit-quiz-answer t=1 c=50 rps=- run=1: 1879/1000000 ok=1879 err=0
writes/d1-per-tenant/submit-quiz-answer t=1 c=50 rps=- run=1: 2184/1000000 ok=2184 err=0
writes/d1-per-tenant/submit-quiz-answer t=1 c=50 rps=- run=1: 2454/1000000 ok=2454 err=0
writes/d1-per-tenant/submit-quiz-answer t=1 c=50 rps=- run=1: 2816/1000000 ok=2816 err=0
writes/d1-per-tenant/submit-quiz-answer t=1 c=50 rps=- run=1: 3141/1000000 ok=3141 err=0
writes/d1-per-tenant/submit-quiz-answer t=1 c=50 rps=- run=1: 3442/1000000 ok=3442 err=0
writes/d1-per-tenant/submit-quiz-answer t=1 c=50 rps=- run=1: 3744/1000000 ok=3744 err=0
writes/d1-per-tenant/submit-quiz-answer t=1 c=50 rps=- run=1: 4040/1000000 ok=4040 err=0
writes/d1-per-tenant/submit-quiz-answer t=1 c=50 rps=- run=1: 4382/1000000 ok=4382 err=0
writes/d1-per-tenant/submit-quiz-answer t=1 c=50 rps=- run=1: 4670/1000000 ok=4670 err=0
writes/turso-per-tenant/submit-quiz-answer t=1 c=50 rps=- run=1: 48/1000000 ok=48 err=0
writes/turso-per-tenant/submit-quiz-answer t=1 c=50 rps=- run=1: 125/1000000 ok=125 err=0
writes/turso-per-tenant/submit-quiz-answer t=1 c=50 rps=- run=1: 206/1000000 ok=206 err=0
writes/turso-per-tenant/submit-quiz-answer t=1 c=50 rps=- run=1: 286/1000000 ok=286 err=0
writes/turso-per-tenant/submit-quiz-answer t=1 c=50 rps=- run=1: 372/1000000 ok=372 err=0
writes/turso-per-tenant/submit-quiz-answer t=1 c=50 rps=- run=1: 447/1000000 ok=447 err=0
writes/turso-per-tenant/submit-quiz-answer t=1 c=50 rps=- run=1: 524/1000000 ok=524 err=0
writes/turso-per-tenant/submit-quiz-answer t=1 c=50 rps=- run=1: 600/1000000 ok=600 err=0
writes/turso-per-tenant/submit-quiz-answer t=1 c=50 rps=- run=1: 666/1000000 ok=666 err=0
writes/turso-per-tenant/submit-quiz-answer t=1 c=50 rps=- run=1: 717/1000000 ok=717 err=0
writes/turso-per-tenant/submit-quiz-answer t=1 c=50 rps=- run=1: 794/1000000 ok=794 err=0
writes/turso-per-tenant/submit-quiz-answer t=1 c=50 rps=- run=1: 879/1000000 ok=879 err=0
writes/turso-per-tenant/submit-quiz-answer t=1 c=50 rps=- run=1: 953/1000000 ok=953 err=0
writes/turso-per-tenant/submit-quiz-answer t=1 c=50 rps=- run=1: 1037/1000000 ok=1037 err=0
writes/turso-per-tenant/submit-quiz-answer t=1 c=50 rps=- run=1: 1125/1000000 ok=1125 err=0
writes/turso-per-tenant/submit-quiz-answer t=1 c=50 rps=- run=1: 1168/1000000 ok=1168 err=0
writes/tursodb-per-tenant/submit-quiz-answer t=1 c=50 rps=- run=1: 35/1000000 ok=35 err=0
writes/tursodb-per-tenant/submit-quiz-answer t=1 c=50 rps=- run=1: 75/1000000 ok=75 err=0
writes/tursodb-per-tenant/submit-quiz-answer t=1 c=50 rps=- run=1: 118/1000000 ok=118 err=0
writes/tursodb-per-tenant/submit-quiz-answer t=1 c=50 rps=- run=1: 163/1000000 ok=163 err=0
writes/tursodb-per-tenant/submit-quiz-answer t=1 c=50 rps=- run=1: 207/1000000 ok=207 err=0
writes/tursodb-per-tenant/submit-quiz-answer t=1 c=50 rps=- run=1: 250/1000000 ok=250 err=0
writes/tursodb-per-tenant/submit-quiz-answer t=1 c=50 rps=- run=1: 295/1000000 ok=295 err=0
writes/tursodb-per-tenant/submit-quiz-answer t=1 c=50 rps=- run=1: 338/1000000 ok=338 err=0
writes/tursodb-per-tenant/submit-quiz-answer t=1 c=50 rps=- run=1: 377/1000000 ok=377 err=0
writes/tursodb-per-tenant/submit-quiz-answer t=1 c=50 rps=- run=1: 419/1000000 ok=419 err=0
writes/tursodb-per-tenant/submit-quiz-answer t=1 c=50 rps=- run=1: 459/1000000 ok=459 err=0
writes/tursodb-per-tenant/submit-quiz-answer t=1 c=50 rps=- run=1: 500/1000000 ok=500 err=0
writes/tursodb-per-tenant/submit-quiz-answer t=1 c=50 rps=- run=1: 541/1000000 ok=541 err=0
writes/tursodb-per-tenant/submit-quiz-answer t=1 c=50 rps=- run=1: 583/1000000 ok=583 err=0
writes/tursodb-per-tenant/submit-quiz-answer t=1 c=50 rps=- run=1: 612/1000000 ok=612 err=0
writes/tursodb-per-tenant/submit-quiz-answer t=1 c=50 rps=- run=1: 627/1000000 ok=627 err=0
writes/tursodb-per-tenant/submit-quiz-answer t=1 c=50 rps=- run=1: 654/1000000 ok=634 err=20
writes/tursodb-per-tenant/submit-quiz-answer t=1 c=50 rps=- run=1: 656/1000000 ok=634 err=22
writes/d1-per-tenant/submit-quiz-answer t=1 c=100 rps=- run=1: 350/1000000 ok=350 err=0
writes/d1-per-tenant/submit-quiz-answer t=1 c=100 rps=- run=1: 729/1000000 ok=729 err=0
writes/d1-per-tenant/submit-quiz-answer t=1 c=100 rps=- run=1: 1194/1000000 ok=1194 err=0
writes/d1-per-tenant/submit-quiz-answer t=1 c=100 rps=- run=1: 1598/1000000 ok=1598 err=0
writes/d1-per-tenant/submit-quiz-answer t=1 c=100 rps=- run=1: 2034/1000000 ok=2034 err=0
writes/d1-per-tenant/submit-quiz-answer t=1 c=100 rps=- run=1: 2353/1000000 ok=2353 err=0
writes/d1-per-tenant/submit-quiz-answer t=1 c=100 rps=- run=1: 2803/1000000 ok=2803 err=0
writes/d1-per-tenant/submit-quiz-answer t=1 c=100 rps=- run=1: 3182/1000000 ok=3182 err=0
writes/d1-per-tenant/submit-quiz-answer t=1 c=100 rps=- run=1: 3476/1000000 ok=3476 err=0
writes/d1-per-tenant/submit-quiz-answer t=1 c=100 rps=- run=1: 3893/1000000 ok=3893 err=0
writes/d1-per-tenant/submit-quiz-answer t=1 c=100 rps=- run=1: 4302/1000000 ok=4302 err=0
writes/d1-per-tenant/submit-quiz-answer t=1 c=100 rps=- run=1: 4674/1000000 ok=4674 err=0
writes/d1-per-tenant/submit-quiz-answer t=1 c=100 rps=- run=1: 5096/1000000 ok=5096 err=0
writes/d1-per-tenant/submit-quiz-answer t=1 c=100 rps=- run=1: 5502/1000000 ok=5502 err=0
writes/d1-per-tenant/submit-quiz-answer t=1 c=100 rps=- run=1: 5819/1000000 ok=5819 err=0
writes/turso-per-tenant/submit-quiz-answer t=1 c=100 rps=- run=1: 64/1000000 ok=64 err=0
writes/turso-per-tenant/submit-quiz-answer t=1 c=100 rps=- run=1: 126/1000000 ok=126 err=0
writes/turso-per-tenant/submit-quiz-answer t=1 c=100 rps=- run=1: 205/1000000 ok=204 err=1
writes/turso-per-tenant/submit-quiz-answer t=1 c=100 rps=- run=1: 285/1000000 ok=284 err=1
writes/turso-per-tenant/submit-quiz-answer t=1 c=100 rps=- run=1: 367/1000000 ok=366 err=1
writes/turso-per-tenant/submit-quiz-answer t=1 c=100 rps=- run=1: 424/1000000 ok=423 err=1
writes/turso-per-tenant/submit-quiz-answer t=1 c=100 rps=- run=1: 494/1000000 ok=493 err=1
writes/turso-per-tenant/submit-quiz-answer t=1 c=100 rps=- run=1: 577/1000000 ok=576 err=1
writes/turso-per-tenant/submit-quiz-answer t=1 c=100 rps=- run=1: 649/1000000 ok=648 err=1
writes/turso-per-tenant/submit-quiz-answer t=1 c=100 rps=- run=1: 734/1000000 ok=733 err=1
writes/turso-per-tenant/submit-quiz-answer t=1 c=100 rps=- run=1: 820/1000000 ok=819 err=1
writes/turso-per-tenant/submit-quiz-answer t=1 c=100 rps=- run=1: 903/1000000 ok=902 err=1
writes/turso-per-tenant/submit-quiz-answer t=1 c=100 rps=- run=1: 975/1000000 ok=974 err=1
writes/turso-per-tenant/submit-quiz-answer t=1 c=100 rps=- run=1: 1046/1000000 ok=1045 err=1
writes/turso-per-tenant/submit-quiz-answer t=1 c=100 rps=- run=1: 1114/1000000 ok=1113 err=1
writes/turso-per-tenant/submit-quiz-answer t=1 c=100 rps=- run=1: 1182/1000000 ok=1181 err=1
writes/turso-per-tenant/submit-quiz-answer t=1 c=100 rps=- run=1: 1202/1000000 ok=1201 err=1
writes/tursodb-per-tenant/submit-quiz-answer t=1 c=100 rps=- run=1: 36/1000000 ok=36 err=0
writes/tursodb-per-tenant/submit-quiz-answer t=1 c=100 rps=- run=1: 76/1000000 ok=76 err=0
writes/tursodb-per-tenant/submit-quiz-answer t=1 c=100 rps=- run=1: 118/1000000 ok=106 err=12
writes/tursodb-per-tenant/submit-quiz-answer t=1 c=100 rps=- run=1: 158/1000000 ok=145 err=13
writes/tursodb-per-tenant/submit-quiz-answer t=1 c=100 rps=- run=1: 205/1000000 ok=175 err=30
writes/tursodb-per-tenant/submit-quiz-answer t=1 c=100 rps=- run=1: 245/1000000 ok=208 err=37
writes/tursodb-per-tenant/submit-quiz-answer t=1 c=100 rps=- run=1: 288/1000000 ok=235 err=53
writes/tursodb-per-tenant/submit-quiz-answer t=1 c=100 rps=- run=1: 332/1000000 ok=262 err=70
writes/tursodb-per-tenant/submit-quiz-answer t=1 c=100 rps=- run=1: 369/1000000 ok=293 err=76
writes/tursodb-per-tenant/submit-quiz-answer t=1 c=100 rps=- run=1: 411/1000000 ok=312 err=99
writes/tursodb-per-tenant/submit-quiz-answer t=1 c=100 rps=- run=1: 455/1000000 ok=312 err=143
writes/tursodb-per-tenant/submit-quiz-answer t=1 c=100 rps=- run=1: 492/1000000 ok=325 err=167
writes/tursodb-per-tenant/submit-quiz-answer t=1 c=100 rps=- run=1: 540/1000000 ok=348 err=192
writes/tursodb-per-tenant/submit-quiz-answer t=1 c=100 rps=- run=1: 585/1000000 ok=371 err=214
writes/tursodb-per-tenant/submit-quiz-answer t=1 c=100 rps=- run=1: 619/1000000 ok=390 err=229
writes/tursodb-per-tenant/submit-quiz-answer t=1 c=100 rps=- run=1: 670/1000000 ok=414 err=256
writes/tursodb-per-tenant/submit-quiz-answer t=1 c=100 rps=- run=1: 706/1000000 ok=414 err=292
writes/tursodb-per-tenant/submit-quiz-answer t=1 c=100 rps=- run=1: 709/1000000 ok=414 err=295
writes/d1-per-tenant/order-event t=1 c=1 rps=- run=1: 14/1000000 ok=14 err=0
writes/d1-per-tenant/order-event t=1 c=1 rps=- run=1: 28/1000000 ok=28 err=0
writes/d1-per-tenant/order-event t=1 c=1 rps=- run=1: 42/1000000 ok=42 err=0
writes/d1-per-tenant/order-event t=1 c=1 rps=- run=1: 55/1000000 ok=55 err=0
writes/d1-per-tenant/order-event t=1 c=1 rps=- run=1: 69/1000000 ok=69 err=0
writes/d1-per-tenant/order-event t=1 c=1 rps=- run=1: 81/1000000 ok=81 err=0
writes/d1-per-tenant/order-event t=1 c=1 rps=- run=1: 95/1000000 ok=95 err=0
writes/d1-per-tenant/order-event t=1 c=1 rps=- run=1: 110/1000000 ok=110 err=0
writes/d1-per-tenant/order-event t=1 c=1 rps=- run=1: 124/1000000 ok=124 err=0
writes/d1-per-tenant/order-event t=1 c=1 rps=- run=1: 139/1000000 ok=139 err=0
writes/d1-per-tenant/order-event t=1 c=1 rps=- run=1: 154/1000000 ok=154 err=0
writes/d1-per-tenant/order-event t=1 c=1 rps=- run=1: 169/1000000 ok=169 err=0
writes/d1-per-tenant/order-event t=1 c=1 rps=- run=1: 183/1000000 ok=183 err=0
writes/d1-per-tenant/order-event t=1 c=1 rps=- run=1: 198/1000000 ok=198 err=0
writes/d1-per-tenant/order-event t=1 c=1 rps=- run=1: 204/1000000 ok=204 err=0
writes/turso-per-tenant/order-event t=1 c=1 rps=- run=1: 12/1000000 ok=12 err=0
writes/turso-per-tenant/order-event t=1 c=1 rps=- run=1: 24/1000000 ok=24 err=0
writes/turso-per-tenant/order-event t=1 c=1 rps=- run=1: 35/1000000 ok=35 err=0
writes/turso-per-tenant/order-event t=1 c=1 rps=- run=1: 45/1000000 ok=45 err=0
writes/turso-per-tenant/order-event t=1 c=1 rps=- run=1: 56/1000000 ok=56 err=0
writes/turso-per-tenant/order-event t=1 c=1 rps=- run=1: 67/1000000 ok=67 err=0
writes/turso-per-tenant/order-event t=1 c=1 rps=- run=1: 77/1000000 ok=77 err=0
writes/turso-per-tenant/order-event t=1 c=1 rps=- run=1: 85/1000000 ok=85 err=0
writes/turso-per-tenant/order-event t=1 c=1 rps=- run=1: 93/1000000 ok=93 err=0
writes/turso-per-tenant/order-event t=1 c=1 rps=- run=1: 98/1000000 ok=98 err=0
writes/turso-per-tenant/order-event t=1 c=1 rps=- run=1: 109/1000000 ok=109 err=0
writes/turso-per-tenant/order-event t=1 c=1 rps=- run=1: 115/1000000 ok=115 err=0
writes/turso-per-tenant/order-event t=1 c=1 rps=- run=1: 126/1000000 ok=126 err=0
writes/turso-per-tenant/order-event t=1 c=1 rps=- run=1: 136/1000000 ok=136 err=0
writes/turso-per-tenant/order-event t=1 c=1 rps=- run=1: 139/1000000 ok=139 err=0
writes/tursodb-per-tenant/order-event t=1 c=1 rps=- run=1: 8/1000000 ok=8 err=0
writes/tursodb-per-tenant/order-event t=1 c=1 rps=- run=1: 16/1000000 ok=16 err=0
writes/tursodb-per-tenant/order-event t=1 c=1 rps=- run=1: 25/1000000 ok=25 err=0
writes/tursodb-per-tenant/order-event t=1 c=1 rps=- run=1: 33/1000000 ok=33 err=0
writes/tursodb-per-tenant/order-event t=1 c=1 rps=- run=1: 42/1000000 ok=42 err=0
writes/tursodb-per-tenant/order-event t=1 c=1 rps=- run=1: 50/1000000 ok=50 err=0
writes/tursodb-per-tenant/order-event t=1 c=1 rps=- run=1: 58/1000000 ok=58 err=0
writes/tursodb-per-tenant/order-event t=1 c=1 rps=- run=1: 66/1000000 ok=66 err=0
writes/tursodb-per-tenant/order-event t=1 c=1 rps=- run=1: 74/1000000 ok=74 err=0
writes/tursodb-per-tenant/order-event t=1 c=1 rps=- run=1: 82/1000000 ok=82 err=0
writes/tursodb-per-tenant/order-event t=1 c=1 rps=- run=1: 89/1000000 ok=89 err=0
writes/tursodb-per-tenant/order-event t=1 c=1 rps=- run=1: 97/1000000 ok=97 err=0
writes/tursodb-per-tenant/order-event t=1 c=1 rps=- run=1: 105/1000000 ok=105 err=0
writes/tursodb-per-tenant/order-event t=1 c=1 rps=- run=1: 113/1000000 ok=113 err=0
writes/tursodb-per-tenant/order-event t=1 c=1 rps=- run=1: 114/1000000 ok=114 err=0
writes/d1-per-tenant/order-event t=1 c=10 rps=- run=1: 121/1000000 ok=121 err=0
writes/d1-per-tenant/order-event t=1 c=10 rps=- run=1: 239/1000000 ok=239 err=0
writes/d1-per-tenant/order-event t=1 c=10 rps=- run=1: 369/1000000 ok=369 err=0
writes/d1-per-tenant/order-event t=1 c=10 rps=- run=1: 489/1000000 ok=489 err=0
writes/d1-per-tenant/order-event t=1 c=10 rps=- run=1: 603/1000000 ok=603 err=0
writes/d1-per-tenant/order-event t=1 c=10 rps=- run=1: 679/1000000 ok=679 err=0
writes/d1-per-tenant/order-event t=1 c=10 rps=- run=1: 748/1000000 ok=748 err=0
writes/d1-per-tenant/order-event t=1 c=10 rps=- run=1: 872/1000000 ok=872 err=0
writes/d1-per-tenant/order-event t=1 c=10 rps=- run=1: 997/1000000 ok=997 err=0
writes/d1-per-tenant/order-event t=1 c=10 rps=- run=1: 1114/1000000 ok=1114 err=0
writes/d1-per-tenant/order-event t=1 c=10 rps=- run=1: 1240/1000000 ok=1240 err=0
writes/d1-per-tenant/order-event t=1 c=10 rps=- run=1: 1352/1000000 ok=1352 err=0
writes/d1-per-tenant/order-event t=1 c=10 rps=- run=1: 1475/1000000 ok=1475 err=0
writes/d1-per-tenant/order-event t=1 c=10 rps=- run=1: 1591/1000000 ok=1591 err=0
writes/d1-per-tenant/order-event t=1 c=10 rps=- run=1: 1695/1000000 ok=1695 err=0
writes/turso-per-tenant/order-event t=1 c=10 rps=- run=1: 46/1000000 ok=46 err=0
writes/turso-per-tenant/order-event t=1 c=10 rps=- run=1: 100/1000000 ok=100 err=0
writes/turso-per-tenant/order-event t=1 c=10 rps=- run=1: 166/1000000 ok=166 err=0
writes/turso-per-tenant/order-event t=1 c=10 rps=- run=1: 231/1000000 ok=231 err=0
writes/turso-per-tenant/order-event t=1 c=10 rps=- run=1: 295/1000000 ok=295 err=0
writes/turso-per-tenant/order-event t=1 c=10 rps=- run=1: 363/1000000 ok=363 err=0
writes/turso-per-tenant/order-event t=1 c=10 rps=- run=1: 433/1000000 ok=433 err=0
writes/turso-per-tenant/order-event t=1 c=10 rps=- run=1: 504/1000000 ok=504 err=0
writes/turso-per-tenant/order-event t=1 c=10 rps=- run=1: 575/1000000 ok=575 err=0
writes/turso-per-tenant/order-event t=1 c=10 rps=- run=1: 641/1000000 ok=641 err=0
writes/turso-per-tenant/order-event t=1 c=10 rps=- run=1: 716/1000000 ok=716 err=0
writes/turso-per-tenant/order-event t=1 c=10 rps=- run=1: 783/1000000 ok=783 err=0
writes/turso-per-tenant/order-event t=1 c=10 rps=- run=1: 854/1000000 ok=854 err=0
writes/turso-per-tenant/order-event t=1 c=10 rps=- run=1: 914/1000000 ok=914 err=0
writes/turso-per-tenant/order-event t=1 c=10 rps=- run=1: 985/1000000 ok=985 err=0
writes/turso-per-tenant/order-event t=1 c=10 rps=- run=1: 986/1000000 ok=986 err=0
writes/tursodb-per-tenant/order-event t=1 c=10 rps=- run=1: 23/1000000 ok=23 err=0
writes/tursodb-per-tenant/order-event t=1 c=10 rps=- run=1: 51/1000000 ok=51 err=0
writes/tursodb-per-tenant/order-event t=1 c=10 rps=- run=1: 72/1000000 ok=72 err=0
writes/tursodb-per-tenant/order-event t=1 c=10 rps=- run=1: 91/1000000 ok=91 err=0
writes/tursodb-per-tenant/order-event t=1 c=10 rps=- run=1: 119/1000000 ok=119 err=0
writes/tursodb-per-tenant/order-event t=1 c=10 rps=- run=1: 144/1000000 ok=144 err=0
writes/tursodb-per-tenant/order-event t=1 c=10 rps=- run=1: 163/1000000 ok=163 err=0
writes/tursodb-per-tenant/order-event t=1 c=10 rps=- run=1: 185/1000000 ok=185 err=0
writes/tursodb-per-tenant/order-event t=1 c=10 rps=- run=1: 202/1000000 ok=202 err=0
writes/tursodb-per-tenant/order-event t=1 c=10 rps=- run=1: 224/1000000 ok=224 err=0
writes/tursodb-per-tenant/order-event t=1 c=10 rps=- run=1: 248/1000000 ok=248 err=0
writes/tursodb-per-tenant/order-event t=1 c=10 rps=- run=1: 284/1000000 ok=284 err=0
writes/tursodb-per-tenant/order-event t=1 c=10 rps=- run=1: 319/1000000 ok=319 err=0
writes/tursodb-per-tenant/order-event t=1 c=10 rps=- run=1: 341/1000000 ok=341 err=0
writes/tursodb-per-tenant/order-event t=1 c=10 rps=- run=1: 361/1000000 ok=361 err=0
writes/tursodb-per-tenant/order-event t=1 c=10 rps=- run=1: 363/1000000 ok=363 err=0
writes/d1-per-tenant/order-event t=1 c=50 rps=- run=1: 443/1000000 ok=443 err=0
writes/d1-per-tenant/order-event t=1 c=50 rps=- run=1: 963/1000000 ok=963 err=0
writes/d1-per-tenant/order-event t=1 c=50 rps=- run=1: 1524/1000000 ok=1524 err=0
writes/d1-per-tenant/order-event t=1 c=50 rps=- run=1: 2017/1000000 ok=2017 err=0
writes/d1-per-tenant/order-event t=1 c=50 rps=- run=1: 2586/1000000 ok=2586 err=0
writes/d1-per-tenant/order-event t=1 c=50 rps=- run=1: 3095/1000000 ok=3095 err=0
writes/d1-per-tenant/order-event t=1 c=50 rps=- run=1: 3634/1000000 ok=3634 err=0
writes/d1-per-tenant/order-event t=1 c=50 rps=- run=1: 4077/1000000 ok=4077 err=0
writes/d1-per-tenant/order-event t=1 c=50 rps=- run=1: 4627/1000000 ok=4627 err=0
writes/d1-per-tenant/order-event t=1 c=50 rps=- run=1: 5132/1000000 ok=5132 err=0
writes/d1-per-tenant/order-event t=1 c=50 rps=- run=1: 5693/1000000 ok=5693 err=0
writes/d1-per-tenant/order-event t=1 c=50 rps=- run=1: 6188/1000000 ok=6188 err=0
writes/d1-per-tenant/order-event t=1 c=50 rps=- run=1: 6683/1000000 ok=6683 err=0
writes/d1-per-tenant/order-event t=1 c=50 rps=- run=1: 7217/1000000 ok=7217 err=0
writes/d1-per-tenant/order-event t=1 c=50 rps=- run=1: 7642/1000000 ok=7642 err=0
writes/d1-per-tenant/order-event t=1 c=50 rps=- run=1: 7686/1000000 ok=7686 err=0
writes/turso-per-tenant/order-event t=1 c=50 rps=- run=1: 45/1000000 ok=45 err=0
writes/turso-per-tenant/order-event t=1 c=50 rps=- run=1: 119/1000000 ok=119 err=0
writes/turso-per-tenant/order-event t=1 c=50 rps=- run=1: 201/1000000 ok=201 err=0
writes/turso-per-tenant/order-event t=1 c=50 rps=- run=1: 282/1000000 ok=282 err=0
writes/turso-per-tenant/order-event t=1 c=50 rps=- run=1: 360/1000000 ok=360 err=0
writes/turso-per-tenant/order-event t=1 c=50 rps=- run=1: 434/1000000 ok=434 err=0
writes/turso-per-tenant/order-event t=1 c=50 rps=- run=1: 507/1000000 ok=507 err=0
writes/turso-per-tenant/order-event t=1 c=50 rps=- run=1: 586/1000000 ok=586 err=0
writes/turso-per-tenant/order-event t=1 c=50 rps=- run=1: 664/1000000 ok=664 err=0
writes/turso-per-tenant/order-event t=1 c=50 rps=- run=1: 751/1000000 ok=751 err=0
writes/turso-per-tenant/order-event t=1 c=50 rps=- run=1: 842/1000000 ok=842 err=0
writes/turso-per-tenant/order-event t=1 c=50 rps=- run=1: 932/1000000 ok=932 err=0
writes/turso-per-tenant/order-event t=1 c=50 rps=- run=1: 1015/1000000 ok=1015 err=0
writes/turso-per-tenant/order-event t=1 c=50 rps=- run=1: 1094/1000000 ok=1094 err=0
writes/turso-per-tenant/order-event t=1 c=50 rps=- run=1: 1180/1000000 ok=1180 err=0
writes/turso-per-tenant/order-event t=1 c=50 rps=- run=1: 1218/1000000 ok=1218 err=0
writes/tursodb-per-tenant/order-event t=1 c=50 rps=- run=1: 26/1000000 ok=26 err=0
writes/tursodb-per-tenant/order-event t=1 c=50 rps=- run=1: 50/1000000 ok=50 err=0
writes/tursodb-per-tenant/order-event t=1 c=50 rps=- run=1: 78/1000000 ok=78 err=0
writes/tursodb-per-tenant/order-event t=1 c=50 rps=- run=1: 105/1000000 ok=105 err=0
writes/tursodb-per-tenant/order-event t=1 c=50 rps=- run=1: 131/1000000 ok=131 err=0
writes/tursodb-per-tenant/order-event t=1 c=50 rps=- run=1: 159/1000000 ok=159 err=0
writes/tursodb-per-tenant/order-event t=1 c=50 rps=- run=1: 185/1000000 ok=185 err=0
writes/tursodb-per-tenant/order-event t=1 c=50 rps=- run=1: 211/1000000 ok=211 err=0
writes/tursodb-per-tenant/order-event t=1 c=50 rps=- run=1: 240/1000000 ok=240 err=0
writes/tursodb-per-tenant/order-event t=1 c=50 rps=- run=1: 265/1000000 ok=265 err=0
writes/tursodb-per-tenant/order-event t=1 c=50 rps=- run=1: 294/1000000 ok=294 err=0
writes/tursodb-per-tenant/order-event t=1 c=50 rps=- run=1: 323/1000000 ok=323 err=0
writes/tursodb-per-tenant/order-event t=1 c=50 rps=- run=1: 343/1000000 ok=343 err=0
writes/tursodb-per-tenant/order-event t=1 c=50 rps=- run=1: 364/1000000 ok=364 err=0
writes/tursodb-per-tenant/order-event t=1 c=50 rps=- run=1: 391/1000000 ok=391 err=0
writes/tursodb-per-tenant/order-event t=1 c=50 rps=- run=1: 410/1000000 ok=410 err=0
writes/tursodb-per-tenant/order-event t=1 c=50 rps=- run=1: 430/1000000 ok=423 err=7
writes/tursodb-per-tenant/order-event t=1 c=50 rps=- run=1: 434/1000000 ok=423 err=11
writes/d1-per-tenant/order-event t=1 c=100 rps=- run=1: 628/1000000 ok=628 err=0
writes/d1-per-tenant/order-event t=1 c=100 rps=- run=1: 1285/1000000 ok=1285 err=0
writes/d1-per-tenant/order-event t=1 c=100 rps=- run=1: 1938/1000000 ok=1938 err=0
writes/d1-per-tenant/order-event t=1 c=100 rps=- run=1: 2552/1000000 ok=2552 err=0
writes/d1-per-tenant/order-event t=1 c=100 rps=- run=1: 3172/1000000 ok=3172 err=0
writes/d1-per-tenant/order-event t=1 c=100 rps=- run=1: 3891/1000000 ok=3891 err=0
writes/d1-per-tenant/order-event t=1 c=100 rps=- run=1: 4649/1000000 ok=4649 err=0
writes/d1-per-tenant/order-event t=1 c=100 rps=- run=1: 5337/1000000 ok=5337 err=0
writes/d1-per-tenant/order-event t=1 c=100 rps=- run=1: 6003/1000000 ok=6003 err=0
writes/d1-per-tenant/order-event t=1 c=100 rps=- run=1: 6755/1000000 ok=6755 err=0
writes/d1-per-tenant/order-event t=1 c=100 rps=- run=1: 7506/1000000 ok=7506 err=0
writes/d1-per-tenant/order-event t=1 c=100 rps=- run=1: 8289/1000000 ok=8289 err=0
writes/d1-per-tenant/order-event t=1 c=100 rps=- run=1: 8998/1000000 ok=8998 err=0
writes/d1-per-tenant/order-event t=1 c=100 rps=- run=1: 9731/1000000 ok=9731 err=0
writes/d1-per-tenant/order-event t=1 c=100 rps=- run=1: 10379/1000000 ok=10379 err=0
writes/turso-per-tenant/order-event t=1 c=100 rps=- run=1: 60/1000000 ok=60 err=0
writes/turso-per-tenant/order-event t=1 c=100 rps=- run=1: 129/1000000 ok=129 err=0
writes/turso-per-tenant/order-event t=1 c=100 rps=- run=1: 208/1000000 ok=208 err=0
writes/turso-per-tenant/order-event t=1 c=100 rps=- run=1: 287/1000000 ok=287 err=0
writes/turso-per-tenant/order-event t=1 c=100 rps=- run=1: 367/1000000 ok=367 err=0
writes/turso-per-tenant/order-event t=1 c=100 rps=- run=1: 439/1000000 ok=439 err=0
writes/turso-per-tenant/order-event t=1 c=100 rps=- run=1: 516/1000000 ok=516 err=0
writes/turso-per-tenant/order-event t=1 c=100 rps=- run=1: 588/1000000 ok=588 err=0
writes/turso-per-tenant/order-event t=1 c=100 rps=- run=1: 673/1000000 ok=673 err=0
writes/turso-per-tenant/order-event t=1 c=100 rps=- run=1: 758/1000000 ok=758 err=0
writes/turso-per-tenant/order-event t=1 c=100 rps=- run=1: 838/1000000 ok=838 err=0
writes/turso-per-tenant/order-event t=1 c=100 rps=- run=1: 915/1000000 ok=915 err=0
writes/turso-per-tenant/order-event t=1 c=100 rps=- run=1: 990/1000000 ok=990 err=0
writes/turso-per-tenant/order-event t=1 c=100 rps=- run=1: 1068/1000000 ok=1068 err=0
writes/turso-per-tenant/order-event t=1 c=100 rps=- run=1: 1151/1000000 ok=1151 err=0
writes/turso-per-tenant/order-event t=1 c=100 rps=- run=1: 1233/1000000 ok=1233 err=0
writes/tursodb-per-tenant/order-event t=1 c=100 rps=- run=1: 38/1000000 ok=38 err=0
writes/tursodb-per-tenant/order-event t=1 c=100 rps=- run=1: 79/1000000 ok=79 err=0
writes/tursodb-per-tenant/order-event t=1 c=100 rps=- run=1: 119/1000000 ok=106 err=13
writes/tursodb-per-tenant/order-event t=1 c=100 rps=- run=1: 160/1000000 ok=107 err=53
writes/tursodb-per-tenant/order-event t=1 c=100 rps=- run=1: 206/1000000 ok=107 err=99
writes/tursodb-per-tenant/order-event t=1 c=100 rps=- run=1: 247/1000000 ok=121 err=126
writes/tursodb-per-tenant/order-event t=1 c=100 rps=- run=1: 293/1000000 ok=147 err=146
writes/tursodb-per-tenant/order-event t=1 c=100 rps=- run=1: 341/1000000 ok=172 err=169
writes/tursodb-per-tenant/order-event t=1 c=100 rps=- run=1: 383/1000000 ok=194 err=189
writes/tursodb-per-tenant/order-event t=1 c=100 rps=- run=1: 425/1000000 ok=220 err=205
writes/tursodb-per-tenant/order-event t=1 c=100 rps=- run=1: 463/1000000 ok=241 err=222
writes/tursodb-per-tenant/order-event t=1 c=100 rps=- run=1: 506/1000000 ok=243 err=263
writes/tursodb-per-tenant/order-event t=1 c=100 rps=- run=1: 545/1000000 ok=243 err=302
writes/tursodb-per-tenant/order-event t=1 c=100 rps=- run=1: 586/1000000 ok=243 err=343
writes/tursodb-per-tenant/order-event t=1 c=100 rps=- run=1: 635/1000000 ok=264 err=371
writes/tursodb-per-tenant/order-event t=1 c=100 rps=- run=1: 675/1000000 ok=279 err=396
writes/tursodb-per-tenant/order-event t=1 c=100 rps=- run=1: 712/1000000 ok=286 err=426
writes/tursodb-per-tenant/order-event t=1 c=100 rps=- run=1: 719/1000000 ok=286 err=433
writes/d1-per-tenant/exam-burst t=1 c=50 rps=- run=1: 50/50 ok=50 err=0
writes/d1-per-tenant/exam-burst t=1 c=50 rps=- run=1: 50/50 ok=50 err=0
writes/turso-per-tenant/exam-burst t=1 c=50 rps=- run=1: 1/50 ok=1 err=0
writes/turso-per-tenant/exam-burst t=1 c=50 rps=- run=1: 50/50 ok=50 err=0
writes/turso-per-tenant/exam-burst t=1 c=50 rps=- run=1: 50/50 ok=50 err=0
writes/tursodb-per-tenant/exam-burst t=1 c=50 rps=- run=1: 1/50 ok=1 err=0
writes/tursodb-per-tenant/exam-burst t=1 c=50 rps=- run=1: 50/50 ok=21 err=29
writes/tursodb-per-tenant/exam-burst t=1 c=50 rps=- run=1: 50/50 ok=21 err=29
writes/d1-per-tenant/exam-burst t=1 c=100 rps=- run=1: 100/100 ok=100 err=0
writes/d1-per-tenant/exam-burst t=1 c=100 rps=- run=1: 100/100 ok=100 err=0
writes/turso-per-tenant/exam-burst t=1 c=100 rps=- run=1: 1/100 ok=1 err=0
writes/turso-per-tenant/exam-burst t=1 c=100 rps=- run=1: 100/100 ok=100 err=0
writes/turso-per-tenant/exam-burst t=1 c=100 rps=- run=1: 100/100 ok=100 err=0
writes/tursodb-per-tenant/exam-burst t=1 c=100 rps=- run=1: 1/100 ok=1 err=0
writes/tursodb-per-tenant/exam-burst t=1 c=100 rps=- run=1: 100/100 ok=51 err=49
writes/tursodb-per-tenant/exam-burst t=1 c=100 rps=- run=1: 100/100 ok=51 err=49
writes/d1-per-tenant/exam-burst t=1 c=250 rps=- run=1: 250/250 ok=250 err=0
writes/d1-per-tenant/exam-burst t=1 c=250 rps=- run=1: 250/250 ok=250 err=0
writes/turso-per-tenant/exam-burst t=1 c=250 rps=- run=1: 1/250 ok=1 err=0
writes/turso-per-tenant/exam-burst t=1 c=250 rps=- run=1: 250/250 ok=76 err=174
writes/turso-per-tenant/exam-burst t=1 c=250 rps=- run=1: 250/250 ok=76 err=174
writes/tursodb-per-tenant/exam-burst t=1 c=250 rps=- run=1: 1/250 ok=1 err=0
writes/tursodb-per-tenant/exam-burst t=1 c=250 rps=- run=1: 250/250 ok=75 err=175
writes/tursodb-per-tenant/exam-burst t=1 c=250 rps=- run=1: 250/250 ok=75 err=175
writes/d1-per-tenant/exam-burst t=1 c=500 rps=- run=1: 1/500 ok=1 err=0
writes/d1-per-tenant/exam-burst t=1 c=500 rps=- run=1: 500/500 ok=500 err=0
writes/d1-per-tenant/exam-burst t=1 c=500 rps=- run=1: 500/500 ok=500 err=0
writes/turso-per-tenant/exam-burst t=1 c=500 rps=- run=1: 1/500 ok=1 err=0
writes/turso-per-tenant/exam-burst t=1 c=500 rps=- run=1: 500/500 ok=157 err=343
writes/turso-per-tenant/exam-burst t=1 c=500 rps=- run=1: 500/500 ok=157 err=343
writes/tursodb-per-tenant/exam-burst t=1 c=500 rps=- run=1: 1/500 ok=1 err=0
writes/tursodb-per-tenant/exam-burst t=1 c=500 rps=- run=1: 500/500 ok=63 err=437
writes/tursodb-per-tenant/exam-burst t=1 c=500 rps=- run=1: 500/500 ok=63 err=437
tenant-churn/d1-per-tenant/tenant-churn t=10 c=50 rps=- run=1: 580/1000000 ok=580 err=0
tenant-churn/d1-per-tenant/tenant-churn t=10 c=50 rps=- run=1: 1255/1000000 ok=1255 err=0
tenant-churn/d1-per-tenant/tenant-churn t=10 c=50 rps=- run=1: 1845/1000000 ok=1845 err=0
tenant-churn/d1-per-tenant/tenant-churn t=10 c=50 rps=- run=1: 2568/1000000 ok=2568 err=0
tenant-churn/d1-per-tenant/tenant-churn t=10 c=50 rps=- run=1: 3316/1000000 ok=3316 err=0
tenant-churn/d1-per-tenant/tenant-churn t=10 c=50 rps=- run=1: 4038/1000000 ok=4038 err=0
tenant-churn/d1-per-tenant/tenant-churn t=10 c=50 rps=- run=1: 4658/1000000 ok=4658 err=0
tenant-churn/d1-per-tenant/tenant-churn t=10 c=50 rps=- run=1: 5336/1000000 ok=5336 err=0
tenant-churn/d1-per-tenant/tenant-churn t=10 c=50 rps=- run=1: 5830/1000000 ok=5830 err=0
tenant-churn/d1-per-tenant/tenant-churn t=10 c=50 rps=- run=1: 6600/1000000 ok=6600 err=0
tenant-churn/d1-per-tenant/tenant-churn t=10 c=50 rps=- run=1: 7316/1000000 ok=7316 err=0
tenant-churn/d1-per-tenant/tenant-churn t=10 c=50 rps=- run=1: 8075/1000000 ok=8075 err=0
tenant-churn/d1-per-tenant/tenant-churn t=10 c=50 rps=- run=1: 8819/1000000 ok=8819 err=0
tenant-churn/d1-per-tenant/tenant-churn t=10 c=50 rps=- run=1: 9465/1000000 ok=9465 err=0
tenant-churn/d1-per-tenant/tenant-churn t=10 c=50 rps=- run=1: 10209/1000000 ok=10209 err=0
tenant-churn/d1-per-tenant/tenant-churn t=10 c=50 rps=- run=1: 10236/1000000 ok=10236 err=0
tenant-churn/turso-per-tenant/tenant-churn t=10 c=50 rps=- run=1: 511/1000000 ok=511 err=0
tenant-churn/turso-per-tenant/tenant-churn t=10 c=50 rps=- run=1: 1167/1000000 ok=1167 err=0
tenant-churn/turso-per-tenant/tenant-churn t=10 c=50 rps=- run=1: 1815/1000000 ok=1815 err=0
tenant-churn/turso-per-tenant/tenant-churn t=10 c=50 rps=- run=1: 2284/1000000 ok=2284 err=0
tenant-churn/turso-per-tenant/tenant-churn t=10 c=50 rps=- run=1: 2973/1000000 ok=2973 err=0
tenant-churn/turso-per-tenant/tenant-churn t=10 c=50 rps=- run=1: 3678/1000000 ok=3678 err=0
tenant-churn/turso-per-tenant/tenant-churn t=10 c=50 rps=- run=1: 4321/1000000 ok=4321 err=0
tenant-churn/turso-per-tenant/tenant-churn t=10 c=50 rps=- run=1: 4886/1000000 ok=4886 err=0
tenant-churn/turso-per-tenant/tenant-churn t=10 c=50 rps=- run=1: 5437/1000000 ok=5437 err=0
tenant-churn/turso-per-tenant/tenant-churn t=10 c=50 rps=- run=1: 6140/1000000 ok=6140 err=0
tenant-churn/turso-per-tenant/tenant-churn t=10 c=50 rps=- run=1: 6809/1000000 ok=6809 err=0
tenant-churn/turso-per-tenant/tenant-churn t=10 c=50 rps=- run=1: 7504/1000000 ok=7504 err=0
tenant-churn/turso-per-tenant/tenant-churn t=10 c=50 rps=- run=1: 8103/1000000 ok=8103 err=0
tenant-churn/turso-per-tenant/tenant-churn t=10 c=50 rps=- run=1: 8771/1000000 ok=8771 err=0
tenant-churn/turso-per-tenant/tenant-churn t=10 c=50 rps=- run=1: 9405/1000000 ok=9405 err=0
tenant-churn/tursodb-per-tenant/tenant-churn t=10 c=50 rps=- run=1: 61/1000000 ok=61 err=0
tenant-churn/tursodb-per-tenant/tenant-churn t=10 c=50 rps=- run=1: 690/1000000 ok=690 err=0
tenant-churn/tursodb-per-tenant/tenant-churn t=10 c=50 rps=- run=1: 1358/1000000 ok=1358 err=0
tenant-churn/tursodb-per-tenant/tenant-churn t=10 c=50 rps=- run=1: 1939/1000000 ok=1939 err=0
tenant-churn/tursodb-per-tenant/tenant-churn t=10 c=50 rps=- run=1: 2596/1000000 ok=2596 err=0
tenant-churn/tursodb-per-tenant/tenant-churn t=10 c=50 rps=- run=1: 3236/1000000 ok=3236 err=0
tenant-churn/tursodb-per-tenant/tenant-churn t=10 c=50 rps=- run=1: 3831/1000000 ok=3831 err=0
tenant-churn/tursodb-per-tenant/tenant-churn t=10 c=50 rps=- run=1: 4552/1000000 ok=4552 err=0
tenant-churn/tursodb-per-tenant/tenant-churn t=10 c=50 rps=- run=1: 5206/1000000 ok=5206 err=0
tenant-churn/tursodb-per-tenant/tenant-churn t=10 c=50 rps=- run=1: 5861/1000000 ok=5861 err=0
tenant-churn/tursodb-per-tenant/tenant-churn t=10 c=50 rps=- run=1: 6538/1000000 ok=6538 err=0
tenant-churn/tursodb-per-tenant/tenant-churn t=10 c=50 rps=- run=1: 7035/1000000 ok=7035 err=0
tenant-churn/tursodb-per-tenant/tenant-churn t=10 c=50 rps=- run=1: 7600/1000000 ok=7600 err=0
tenant-churn/tursodb-per-tenant/tenant-churn t=10 c=50 rps=- run=1: 8111/1000000 ok=8111 err=0
tenant-churn/d1-per-tenant/tenant-churn t=50 c=50 rps=- run=1: 674/1000000 ok=674 err=0
tenant-churn/d1-per-tenant/tenant-churn t=50 c=50 rps=- run=1: 1355/1000000 ok=1355 err=0
tenant-churn/d1-per-tenant/tenant-churn t=50 c=50 rps=- run=1: 1943/1000000 ok=1943 err=0
tenant-churn/d1-per-tenant/tenant-churn t=50 c=50 rps=- run=1: 2611/1000000 ok=2611 err=0
tenant-churn/d1-per-tenant/tenant-churn t=50 c=50 rps=- run=1: 3321/1000000 ok=3321 err=0
tenant-churn/d1-per-tenant/tenant-churn t=50 c=50 rps=- run=1: 4071/1000000 ok=4071 err=0
tenant-churn/d1-per-tenant/tenant-churn t=50 c=50 rps=- run=1: 4829/1000000 ok=4829 err=0
tenant-churn/d1-per-tenant/tenant-churn t=50 c=50 rps=- run=1: 5581/1000000 ok=5581 err=0
tenant-churn/d1-per-tenant/tenant-churn t=50 c=50 rps=- run=1: 6326/1000000 ok=6326 err=0
tenant-churn/d1-per-tenant/tenant-churn t=50 c=50 rps=- run=1: 7067/1000000 ok=7067 err=0
tenant-churn/d1-per-tenant/tenant-churn t=50 c=50 rps=- run=1: 7815/1000000 ok=7815 err=0
tenant-churn/d1-per-tenant/tenant-churn t=50 c=50 rps=- run=1: 8552/1000000 ok=8552 err=0
tenant-churn/d1-per-tenant/tenant-churn t=50 c=50 rps=- run=1: 9208/1000000 ok=9208 err=0
tenant-churn/d1-per-tenant/tenant-churn t=50 c=50 rps=- run=1: 9826/1000000 ok=9826 err=0
tenant-churn/d1-per-tenant/tenant-churn t=50 c=50 rps=- run=1: 10458/1000000 ok=10458 err=0
tenant-churn/d1-per-tenant/tenant-churn t=50 c=50 rps=- run=1: 10458/1000000 ok=10458 err=0
tenant-churn/turso-per-tenant/tenant-churn t=50 c=50 rps=- run=1: 283/1000000 ok=283 err=0
tenant-churn/turso-per-tenant/tenant-churn t=50 c=50 rps=- run=1: 880/1000000 ok=880 err=0
tenant-churn/turso-per-tenant/tenant-churn t=50 c=50 rps=- run=1: 1501/1000000 ok=1501 err=0
tenant-churn/turso-per-tenant/tenant-churn t=50 c=50 rps=- run=1: 2147/1000000 ok=2147 err=0
tenant-churn/turso-per-tenant/tenant-churn t=50 c=50 rps=- run=1: 2831/1000000 ok=2831 err=0
tenant-churn/turso-per-tenant/tenant-churn t=50 c=50 rps=- run=1: 3550/1000000 ok=3550 err=0
tenant-churn/turso-per-tenant/tenant-churn t=50 c=50 rps=- run=1: 4261/1000000 ok=4261 err=0
tenant-churn/turso-per-tenant/tenant-churn t=50 c=50 rps=- run=1: 4903/1000000 ok=4903 err=0
tenant-churn/turso-per-tenant/tenant-churn t=50 c=50 rps=- run=1: 5613/1000000 ok=5613 err=0
tenant-churn/turso-per-tenant/tenant-churn t=50 c=50 rps=- run=1: 6256/1000000 ok=6256 err=0
tenant-churn/turso-per-tenant/tenant-churn t=50 c=50 rps=- run=1: 6954/1000000 ok=6954 err=0
tenant-churn/turso-per-tenant/tenant-churn t=50 c=50 rps=- run=1: 7639/1000000 ok=7639 err=0
tenant-churn/turso-per-tenant/tenant-churn t=50 c=50 rps=- run=1: 8330/1000000 ok=8330 err=0
tenant-churn/turso-per-tenant/tenant-churn t=50 c=50 rps=- run=1: 9011/1000000 ok=9011 err=0
tenant-churn/turso-per-tenant/tenant-churn t=50 c=50 rps=- run=1: 9635/1000000 ok=9635 err=0
tenant-churn/turso-per-tenant/tenant-churn t=50 c=50 rps=- run=1: 9666/1000000 ok=9666 err=0
tenant-churn/tursodb-per-tenant/tenant-churn t=50 c=50 rps=- run=1: 23/1000000 ok=22 err=1
tenant-churn/tursodb-per-tenant/tenant-churn t=50 c=50 rps=- run=1: 79/1000000 ok=28 err=51
tenant-churn/tursodb-per-tenant/tenant-churn t=50 c=50 rps=- run=1: 129/1000000 ok=28 err=101
tenant-churn/tursodb-per-tenant/tenant-churn t=50 c=50 rps=- run=1: 179/1000000 ok=28 err=151
tenant-churn/tursodb-per-tenant/tenant-churn t=50 c=50 rps=- run=1: 229/1000000 ok=28 err=201
tenant-churn/tursodb-per-tenant/tenant-churn t=50 c=50 rps=- run=1: 415/1000000 ok=165 err=250
tenant-churn/tursodb-per-tenant/tenant-churn t=50 c=50 rps=- run=1: 590/1000000 ok=340 err=250
tenant-churn/tursodb-per-tenant/tenant-churn t=50 c=50 rps=- run=1: 724/1000000 ok=470 err=254
tenant-churn/tursodb-per-tenant/tenant-churn t=50 c=50 rps=- run=1: 754/1000000 ok=491 err=263
tenant-churn/d1-per-tenant/tenant-churn t=100 c=50 rps=- run=1: 363/1000000 ok=363 err=0
tenant-churn/d1-per-tenant/tenant-churn t=100 c=50 rps=- run=1: 937/1000000 ok=937 err=0
tenant-churn/d1-per-tenant/tenant-churn t=100 c=50 rps=- run=1: 1652/1000000 ok=1652 err=0
tenant-churn/d1-per-tenant/tenant-churn t=100 c=50 rps=- run=1: 2142/1000000 ok=2142 err=0
tenant-churn/d1-per-tenant/tenant-churn t=100 c=50 rps=- run=1: 2731/1000000 ok=2731 err=0
tenant-churn/d1-per-tenant/tenant-churn t=100 c=50 rps=- run=1: 3331/1000000 ok=3331 err=0
tenant-churn/d1-per-tenant/tenant-churn t=100 c=50 rps=- run=1: 3952/1000000 ok=3952 err=0
tenant-churn/d1-per-tenant/tenant-churn t=100 c=50 rps=- run=1: 4590/1000000 ok=4590 err=0
tenant-churn/d1-per-tenant/tenant-churn t=100 c=50 rps=- run=1: 5307/1000000 ok=5307 err=0
tenant-churn/d1-per-tenant/tenant-churn t=100 c=50 rps=- run=1: 6066/1000000 ok=6066 err=0
tenant-churn/d1-per-tenant/tenant-churn t=100 c=50 rps=- run=1: 6727/1000000 ok=6727 err=0
tenant-churn/d1-per-tenant/tenant-churn t=100 c=50 rps=- run=1: 7370/1000000 ok=7370 err=0
tenant-churn/d1-per-tenant/tenant-churn t=100 c=50 rps=- run=1: 8116/1000000 ok=8116 err=0
tenant-churn/d1-per-tenant/tenant-churn t=100 c=50 rps=- run=1: 8790/1000000 ok=8790 err=0
tenant-churn/d1-per-tenant/tenant-churn t=100 c=50 rps=- run=1: 9457/1000000 ok=9457 err=0
tenant-churn/d1-per-tenant/tenant-churn t=100 c=50 rps=- run=1: 9457/1000000 ok=9457 err=0
tenant-churn/turso-per-tenant/tenant-churn t=100 c=50 rps=- run=1: 363/1000000 ok=363 err=0
tenant-churn/turso-per-tenant/tenant-churn t=100 c=50 rps=- run=1: 942/1000000 ok=942 err=0
tenant-churn/turso-per-tenant/tenant-churn t=100 c=50 rps=- run=1: 1575/1000000 ok=1575 err=0
tenant-churn/turso-per-tenant/tenant-churn t=100 c=50 rps=- run=1: 2251/1000000 ok=2251 err=0
tenant-churn/turso-per-tenant/tenant-churn t=100 c=50 rps=- run=1: 2924/1000000 ok=2924 err=0
tenant-churn/turso-per-tenant/tenant-churn t=100 c=50 rps=- run=1: 3585/1000000 ok=3585 err=0
tenant-churn/turso-per-tenant/tenant-churn t=100 c=50 rps=- run=1: 4243/1000000 ok=4243 err=0
tenant-churn/turso-per-tenant/tenant-churn t=100 c=50 rps=- run=1: 4889/1000000 ok=4889 err=0
tenant-churn/turso-per-tenant/tenant-churn t=100 c=50 rps=- run=1: 5556/1000000 ok=5555 err=1
tenant-churn/turso-per-tenant/tenant-churn t=100 c=50 rps=- run=1: 6216/1000000 ok=6215 err=1
tenant-churn/turso-per-tenant/tenant-churn t=100 c=50 rps=- run=1: 6853/1000000 ok=6849 err=4
tenant-churn/turso-per-tenant/tenant-churn t=100 c=50 rps=- run=1: 7480/1000000 ok=7463 err=17
tenant-churn/turso-per-tenant/tenant-churn t=100 c=50 rps=- run=1: 8103/1000000 ok=8059 err=44
tenant-churn/turso-per-tenant/tenant-churn t=100 c=50 rps=- run=1: 8718/1000000 ok=8641 err=77
tenant-churn/turso-per-tenant/tenant-churn t=100 c=50 rps=- run=1: 9414/1000000 ok=9284 err=130
tenant-churn/turso-per-tenant/tenant-churn t=100 c=50 rps=- run=1: 9417/1000000 ok=9286 err=131
tenant-churn/tursodb-per-tenant/tenant-churn t=100 c=50 rps=- run=1: 58/1000000 ok=57 err=1
tenant-churn/tursodb-per-tenant/tenant-churn t=100 c=50 rps=- run=1: 133/1000000 ok=82 err=51
tenant-churn/tursodb-per-tenant/tenant-churn t=100 c=50 rps=- run=1: 183/1000000 ok=82 err=101
tenant-churn/tursodb-per-tenant/tenant-churn t=100 c=50 rps=- run=1: 233/1000000 ok=82 err=151
tenant-churn/tursodb-per-tenant/tenant-churn t=100 c=50 rps=- run=1: 283/1000000 ok=83 err=200
tenant-churn/tursodb-per-tenant/tenant-churn t=100 c=50 rps=- run=1: 333/1000000 ok=132 err=201
tenant-churn/tursodb-per-tenant/tenant-churn t=100 c=50 rps=- run=1: 383/1000000 ok=132 err=251
tenant-churn/tursodb-per-tenant/tenant-churn t=100 c=50 rps=- run=1: 384/1000000 ok=132 err=252
tenant-churn/tursodb-per-tenant/tenant-churn t=100 c=50 rps=- run=1: 433/1000000 ok=132 err=301
tenant-churn/tursodb-per-tenant/tenant-churn t=100 c=50 rps=- run=1: 433/1000000 ok=132 err=301
tenant-churn/d1-per-tenant/tenant-churn t=10 c=50 rps=- run=1: 495/1000000 ok=495 err=0
tenant-churn/d1-per-tenant/tenant-churn t=10 c=50 rps=- run=1: 1154/1000000 ok=1154 err=0
tenant-churn/d1-per-tenant/tenant-churn t=10 c=50 rps=- run=1: 1735/1000000 ok=1735 err=0
tenant-churn/d1-per-tenant/tenant-churn t=10 c=50 rps=- run=1: 2351/1000000 ok=2351 err=0
tenant-churn/d1-per-tenant/tenant-churn t=10 c=50 rps=- run=1: 2903/1000000 ok=2903 err=0
tenant-churn/d1-per-tenant/tenant-churn t=10 c=50 rps=- run=1: 3483/1000000 ok=3483 err=0
tenant-churn/d1-per-tenant/tenant-churn t=10 c=50 rps=- run=1: 4081/1000000 ok=4081 err=0
tenant-churn/d1-per-tenant/tenant-churn t=10 c=50 rps=- run=1: 4754/1000000 ok=4754 err=0
tenant-churn/d1-per-tenant/tenant-churn t=10 c=50 rps=- run=1: 5317/1000000 ok=5317 err=0
tenant-churn/d1-per-tenant/tenant-churn t=10 c=50 rps=- run=1: 6007/1000000 ok=6007 err=0
tenant-churn/d1-per-tenant/tenant-churn t=10 c=50 rps=- run=1: 6588/1000000 ok=6588 err=0
tenant-churn/d1-per-tenant/tenant-churn t=10 c=50 rps=- run=1: 7100/1000000 ok=7100 err=0
tenant-churn/d1-per-tenant/tenant-churn t=10 c=50 rps=- run=1: 7744/1000000 ok=7744 err=0
tenant-churn/d1-per-tenant/tenant-churn t=10 c=50 rps=- run=1: 8315/1000000 ok=8315 err=0
tenant-churn/d1-per-tenant/tenant-churn t=10 c=50 rps=- run=1: 8941/1000000 ok=8941 err=0
tenant-churn/turso-per-tenant/tenant-churn t=10 c=50 rps=- run=1: 445/1000000 ok=445 err=0
tenant-churn/turso-per-tenant/tenant-churn t=10 c=50 rps=- run=1: 1164/1000000 ok=1164 err=0
tenant-churn/turso-per-tenant/tenant-churn t=10 c=50 rps=- run=1: 1734/1000000 ok=1734 err=0
tenant-churn/turso-per-tenant/tenant-churn t=10 c=50 rps=- run=1: 2424/1000000 ok=2424 err=0
tenant-churn/turso-per-tenant/tenant-churn t=10 c=50 rps=- run=1: 3078/1000000 ok=3078 err=0
tenant-churn/turso-per-tenant/tenant-churn t=10 c=50 rps=- run=1: 3751/1000000 ok=3751 err=0
tenant-churn/turso-per-tenant/tenant-churn t=10 c=50 rps=- run=1: 4429/1000000 ok=4429 err=0
tenant-churn/turso-per-tenant/tenant-churn t=10 c=50 rps=- run=1: 5104/1000000 ok=5104 err=0
tenant-churn/turso-per-tenant/tenant-churn t=10 c=50 rps=- run=1: 5564/1000000 ok=5564 err=0
tenant-churn/turso-per-tenant/tenant-churn t=10 c=50 rps=- run=1: 6141/1000000 ok=6141 err=0
tenant-churn/turso-per-tenant/tenant-churn t=10 c=50 rps=- run=1: 6867/1000000 ok=6867 err=0
tenant-churn/turso-per-tenant/tenant-churn t=10 c=50 rps=- run=1: 7567/1000000 ok=7567 err=0
tenant-churn/turso-per-tenant/tenant-churn t=10 c=50 rps=- run=1: 8283/1000000 ok=8283 err=0
tenant-churn/turso-per-tenant/tenant-churn t=10 c=50 rps=- run=1: 8992/1000000 ok=8992 err=0
tenant-churn/turso-per-tenant/tenant-churn t=10 c=50 rps=- run=1: 9666/1000000 ok=9666 err=0
tenant-churn/turso-per-tenant/tenant-churn t=10 c=50 rps=- run=1: 9666/1000000 ok=9666 err=0
tenant-churn/tursodb-per-tenant/tenant-churn t=10 c=50 rps=- run=1: 1/1000000 ok=1 err=0
tenant-churn/tursodb-per-tenant/tenant-churn t=10 c=50 rps=- run=1: 209/1000000 ok=209 err=0
tenant-churn/tursodb-per-tenant/tenant-churn t=10 c=50 rps=- run=1: 258/1000000 ok=249 err=9
tenant-churn/tursodb-per-tenant/tenant-churn t=10 c=50 rps=- run=1: 618/1000000 ok=595 err=23
tenant-churn/tursodb-per-tenant/tenant-churn t=10 c=50 rps=- run=1: 1132/1000000 ok=1107 err=25
tenant-churn/tursodb-per-tenant/tenant-churn t=10 c=50 rps=- run=1: 1827/1000000 ok=1802 err=25
tenant-churn/tursodb-per-tenant/tenant-churn t=10 c=50 rps=- run=1: 2529/1000000 ok=2504 err=25
tenant-churn/tursodb-per-tenant/tenant-churn t=10 c=50 rps=- run=1: 3242/1000000 ok=3217 err=25
tenant-churn/tursodb-per-tenant/tenant-churn t=10 c=50 rps=- run=1: 3849/1000000 ok=3824 err=25
tenant-churn/tursodb-per-tenant/tenant-churn t=10 c=50 rps=- run=1: 4538/1000000 ok=4513 err=25
tenant-churn/tursodb-per-tenant/tenant-churn t=10 c=50 rps=- run=1: 5234/1000000 ok=5209 err=25
tenant-churn/tursodb-per-tenant/tenant-churn t=10 c=50 rps=- run=1: 5885/1000000 ok=5860 err=25
tenant-churn/tursodb-per-tenant/tenant-churn t=10 c=50 rps=- run=1: 6524/1000000 ok=6499 err=25
tenant-churn/tursodb-per-tenant/tenant-churn t=10 c=50 rps=- run=1: 6906/1000000 ok=6881 err=25
tenant-churn/tursodb-per-tenant/tenant-churn t=10 c=50 rps=- run=1: 7459/1000000 ok=7434 err=25
tenant-churn/d1-per-tenant/tenant-churn t=50 c=50 rps=- run=1: 661/1000000 ok=661 err=0
tenant-churn/d1-per-tenant/tenant-churn t=50 c=50 rps=- run=1: 1402/1000000 ok=1402 err=0
tenant-churn/d1-per-tenant/tenant-churn t=50 c=50 rps=- run=1: 2092/1000000 ok=2092 err=0
tenant-churn/d1-per-tenant/tenant-churn t=50 c=50 rps=- run=1: 2799/1000000 ok=2799 err=0
tenant-churn/d1-per-tenant/tenant-churn t=50 c=50 rps=- run=1: 3535/1000000 ok=3535 err=0
tenant-churn/d1-per-tenant/tenant-churn t=50 c=50 rps=- run=1: 4243/1000000 ok=4243 err=0
tenant-churn/d1-per-tenant/tenant-churn t=50 c=50 rps=- run=1: 4952/1000000 ok=4952 err=0
tenant-churn/d1-per-tenant/tenant-churn t=50 c=50 rps=- run=1: 5720/1000000 ok=5720 err=0
tenant-churn/d1-per-tenant/tenant-churn t=50 c=50 rps=- run=1: 6318/1000000 ok=6318 err=0
tenant-churn/d1-per-tenant/tenant-churn t=50 c=50 rps=- run=1: 7063/1000000 ok=7063 err=0
tenant-churn/d1-per-tenant/tenant-churn t=50 c=50 rps=- run=1: 7756/1000000 ok=7756 err=0
tenant-churn/d1-per-tenant/tenant-churn t=50 c=50 rps=- run=1: 8446/1000000 ok=8446 err=0
tenant-churn/d1-per-tenant/tenant-churn t=50 c=50 rps=- run=1: 9159/1000000 ok=9159 err=0
tenant-churn/d1-per-tenant/tenant-churn t=50 c=50 rps=- run=1: 9882/1000000 ok=9882 err=0
tenant-churn/d1-per-tenant/tenant-churn t=50 c=50 rps=- run=1: 10431/1000000 ok=10431 err=0
tenant-churn/turso-per-tenant/tenant-churn t=50 c=50 rps=- run=1: 399/1000000 ok=399 err=0
tenant-churn/turso-per-tenant/tenant-churn t=50 c=50 rps=- run=1: 996/1000000 ok=996 err=0
tenant-churn/turso-per-tenant/tenant-churn t=50 c=50 rps=- run=1: 1670/1000000 ok=1670 err=0
tenant-churn/turso-per-tenant/tenant-churn t=50 c=50 rps=- run=1: 2328/1000000 ok=2328 err=0
tenant-churn/turso-per-tenant/tenant-churn t=50 c=50 rps=- run=1: 3031/1000000 ok=3031 err=0
tenant-churn/turso-per-tenant/tenant-churn t=50 c=50 rps=- run=1: 3670/1000000 ok=3670 err=0
tenant-churn/turso-per-tenant/tenant-churn t=50 c=50 rps=- run=1: 4327/1000000 ok=4327 err=0
tenant-churn/turso-per-tenant/tenant-churn t=50 c=50 rps=- run=1: 5034/1000000 ok=5034 err=0
tenant-churn/turso-per-tenant/tenant-churn t=50 c=50 rps=- run=1: 5683/1000000 ok=5683 err=0
tenant-churn/turso-per-tenant/tenant-churn t=50 c=50 rps=- run=1: 6334/1000000 ok=6334 err=0
tenant-churn/turso-per-tenant/tenant-churn t=50 c=50 rps=- run=1: 7035/1000000 ok=7035 err=0
tenant-churn/turso-per-tenant/tenant-churn t=50 c=50 rps=- run=1: 7718/1000000 ok=7718 err=0
tenant-churn/turso-per-tenant/tenant-churn t=50 c=50 rps=- run=1: 8412/1000000 ok=8412 err=0
tenant-churn/turso-per-tenant/tenant-churn t=50 c=50 rps=- run=1: 9091/1000000 ok=9091 err=0
tenant-churn/turso-per-tenant/tenant-churn t=50 c=50 rps=- run=1: 9741/1000000 ok=9741 err=0
tenant-churn/tursodb-per-tenant/tenant-churn t=50 c=50 rps=- run=1: 204/1000000 ok=204 err=0
tenant-churn/tursodb-per-tenant/tenant-churn t=50 c=50 rps=- run=1: 213/1000000 ok=212 err=1
tenant-churn/tursodb-per-tenant/tenant-churn t=50 c=50 rps=- run=1: 360/1000000 ok=312 err=48
tenant-churn/tursodb-per-tenant/tenant-churn t=50 c=50 rps=- run=1: 363/1000000 ok=312 err=51
tenant-churn/tursodb-per-tenant/tenant-churn t=50 c=50 rps=- run=1: 410/1000000 ok=312 err=98
tenant-churn/tursodb-per-tenant/tenant-churn t=50 c=50 rps=- run=1: 413/1000000 ok=312 err=101
tenant-churn/tursodb-per-tenant/tenant-churn t=50 c=50 rps=- run=1: 460/1000000 ok=312 err=148
tenant-churn/tursodb-per-tenant/tenant-churn t=50 c=50 rps=- run=1: 463/1000000 ok=313 err=150
tenant-churn/tursodb-per-tenant/tenant-churn t=50 c=50 rps=- run=1: 661/1000000 ok=508 err=153
tenant-churn/tursodb-per-tenant/tenant-churn t=50 c=50 rps=- run=1: 946/1000000 ok=793 err=153
tenant-churn/tursodb-per-tenant/tenant-churn t=50 c=50 rps=- run=1: 1196/1000000 ok=1039 err=157
tenant-churn/tursodb-per-tenant/tenant-churn t=50 c=50 rps=- run=1: 1508/1000000 ok=1346 err=162
tenant-churn/tursodb-per-tenant/tenant-churn t=50 c=50 rps=- run=1: 1766/1000000 ok=1597 err=169
tenant-churn/tursodb-per-tenant/tenant-churn t=50 c=50 rps=- run=1: 1842/1000000 ok=1668 err=174
tenant-churn/d1-per-tenant/tenant-churn t=100 c=50 rps=- run=1: 614/1000000 ok=614 err=0
tenant-churn/d1-per-tenant/tenant-churn t=100 c=50 rps=- run=1: 1006/1000000 ok=1006 err=0
tenant-churn/d1-per-tenant/tenant-churn t=100 c=50 rps=- run=1: 1540/1000000 ok=1540 err=0
tenant-churn/d1-per-tenant/tenant-churn t=100 c=50 rps=- run=1: 2171/1000000 ok=2171 err=0
tenant-churn/d1-per-tenant/tenant-churn t=100 c=50 rps=- run=1: 2876/1000000 ok=2876 err=0
tenant-churn/d1-per-tenant/tenant-churn t=100 c=50 rps=- run=1: 3595/1000000 ok=3595 err=0
tenant-churn/d1-per-tenant/tenant-churn t=100 c=50 rps=- run=1: 4345/1000000 ok=4345 err=0
tenant-churn/d1-per-tenant/tenant-churn t=100 c=50 rps=- run=1: 4584/1000000 ok=4584 err=0
tenant-churn/d1-per-tenant/tenant-churn t=100 c=50 rps=- run=1: 4831/1000000 ok=4831 err=0
tenant-churn/d1-per-tenant/tenant-churn t=100 c=50 rps=- run=1: 5270/1000000 ok=5257 err=13
tenant-churn/d1-per-tenant/tenant-churn t=100 c=50 rps=- run=1: 6026/1000000 ok=6013 err=13
tenant-churn/d1-per-tenant/tenant-churn t=100 c=50 rps=- run=1: 6645/1000000 ok=6632 err=13
tenant-churn/d1-per-tenant/tenant-churn t=100 c=50 rps=- run=1: 7258/1000000 ok=7245 err=13
tenant-churn/d1-per-tenant/tenant-churn t=100 c=50 rps=- run=1: 7783/1000000 ok=7770 err=13
tenant-churn/turso-per-tenant/tenant-churn t=100 c=50 rps=- run=1: 489/1000000 ok=489 err=0
tenant-churn/turso-per-tenant/tenant-churn t=100 c=50 rps=- run=1: 1080/1000000 ok=1080 err=0
tenant-churn/turso-per-tenant/tenant-churn t=100 c=50 rps=- run=1: 1555/1000000 ok=1555 err=0
tenant-churn/turso-per-tenant/tenant-churn t=100 c=50 rps=- run=1: 2212/1000000 ok=2212 err=0
tenant-churn/turso-per-tenant/tenant-churn t=100 c=50 rps=- run=1: 2841/1000000 ok=2841 err=0
tenant-churn/turso-per-tenant/tenant-churn t=100 c=50 rps=- run=1: 3399/1000000 ok=3399 err=0
tenant-churn/turso-per-tenant/tenant-churn t=100 c=50 rps=- run=1: 3894/1000000 ok=3894 err=0
tenant-churn/turso-per-tenant/tenant-churn t=100 c=50 rps=- run=1: 4507/1000000 ok=4507 err=0
tenant-churn/turso-per-tenant/tenant-churn t=100 c=50 rps=- run=1: 5081/1000000 ok=5081 err=0
tenant-churn/turso-per-tenant/tenant-churn t=100 c=50 rps=- run=1: 5709/1000000 ok=5709 err=0
tenant-churn/turso-per-tenant/tenant-churn t=100 c=50 rps=- run=1: 6344/1000000 ok=6344 err=0
tenant-churn/turso-per-tenant/tenant-churn t=100 c=50 rps=- run=1: 7001/1000000 ok=7000 err=1
tenant-churn/turso-per-tenant/tenant-churn t=100 c=50 rps=- run=1: 7576/1000000 ok=7575 err=1
tenant-churn/turso-per-tenant/tenant-churn t=100 c=50 rps=- run=1: 8233/1000000 ok=8232 err=1
tenant-churn/turso-per-tenant/tenant-churn t=100 c=50 rps=- run=1: 8843/1000000 ok=8842 err=1
tenant-churn/turso-per-tenant/tenant-churn t=100 c=50 rps=- run=1: 8853/1000000 ok=8852 err=1
tenant-churn/tursodb-per-tenant/tenant-churn t=100 c=50 rps=- run=1: 242/1000000 ok=242 err=0
tenant-churn/tursodb-per-tenant/tenant-churn t=100 c=50 rps=- run=1: 340/1000000 ok=340 err=0
tenant-churn/tursodb-per-tenant/tenant-churn t=100 c=50 rps=- run=1: 436/1000000 ok=410 err=26
tenant-churn/tursodb-per-tenant/tenant-churn t=100 c=50 rps=- run=1: 531/1000000 ok=491 err=40
tenant-churn/tursodb-per-tenant/tenant-churn t=100 c=50 rps=- run=1: 537/1000000 ok=491 err=46
tenant-churn/tursodb-per-tenant/tenant-churn t=100 c=50 rps=- run=1: 580/1000000 ok=491 err=89
tenant-churn/tursodb-per-tenant/tenant-churn t=100 c=50 rps=- run=1: 587/1000000 ok=491 err=96
tenant-churn/tursodb-per-tenant/tenant-churn t=100 c=50 rps=- run=1: 630/1000000 ok=491 err=139
tenant-churn/tursodb-per-tenant/tenant-churn t=100 c=50 rps=- run=1: 637/1000000 ok=491 err=146
tenant-churn/tursodb-per-tenant/tenant-churn t=100 c=50 rps=- run=1: 782/1000000 ok=621 err=161
tenant-churn/tursodb-per-tenant/tenant-churn t=100 c=50 rps=- run=1: 1062/1000000 ok=901 err=161
tenant-churn/tursodb-per-tenant/tenant-churn t=100 c=50 rps=- run=1: 1287/1000000 ok=1126 err=161
tenant-churn/tursodb-per-tenant/tenant-churn t=100 c=50 rps=- run=1: 1521/1000000 ok=1347 err=174
tenant-churn/tursodb-per-tenant/tenant-churn t=100 c=50 rps=- run=1: 1807/1000000 ok=1625 err=182
tenant-churn/tursodb-per-tenant/tenant-churn t=100 c=50 rps=- run=1: 1820/1000000 ok=1627 err=193
tenant-churn/tursodb-per-tenant/tenant-churn t=100 c=50 rps=- run=1: 1831/1000000 ok=1627 err=204
tenant-churn/tursodb-per-tenant/tenant-churn t=100 c=50 rps=- run=1: 1832/1000000 ok=1627 err=205
tenant-churn/d1-per-tenant/tenant-churn t=10 c=50 rps=- run=1: 658/1000000 ok=658 err=0
tenant-churn/d1-per-tenant/tenant-churn t=10 c=50 rps=- run=1: 1380/1000000 ok=1380 err=0
tenant-churn/d1-per-tenant/tenant-churn t=10 c=50 rps=- run=1: 2121/1000000 ok=2121 err=0
tenant-churn/d1-per-tenant/tenant-churn t=10 c=50 rps=- run=1: 2813/1000000 ok=2813 err=0
tenant-churn/d1-per-tenant/tenant-churn t=10 c=50 rps=- run=1: 3519/1000000 ok=3519 err=0
tenant-churn/d1-per-tenant/tenant-churn t=10 c=50 rps=- run=1: 4234/1000000 ok=4234 err=0
tenant-churn/d1-per-tenant/tenant-churn t=10 c=50 rps=- run=1: 4636/1000000 ok=4636 err=0
tenant-churn/d1-per-tenant/tenant-churn t=10 c=50 rps=- run=1: 5237/1000000 ok=5237 err=0
tenant-churn/d1-per-tenant/tenant-churn t=10 c=50 rps=- run=1: 5729/1000000 ok=5729 err=0
tenant-churn/d1-per-tenant/tenant-churn t=10 c=50 rps=- run=1: 6387/1000000 ok=6387 err=0
tenant-churn/d1-per-tenant/tenant-churn t=10 c=50 rps=- run=1: 6848/1000000 ok=6848 err=0
tenant-churn/d1-per-tenant/tenant-churn t=10 c=50 rps=- run=1: 7413/1000000 ok=7413 err=0
tenant-churn/d1-per-tenant/tenant-churn t=10 c=50 rps=- run=1: 8146/1000000 ok=8146 err=0
tenant-churn/d1-per-tenant/tenant-churn t=10 c=50 rps=- run=1: 8762/1000000 ok=8762 err=0
tenant-churn/d1-per-tenant/tenant-churn t=10 c=50 rps=- run=1: 9428/1000000 ok=9428 err=0
tenant-churn/turso-per-tenant/tenant-churn t=10 c=50 rps=- run=1: 323/1000000 ok=323 err=0
tenant-churn/turso-per-tenant/tenant-churn t=10 c=50 rps=- run=1: 1024/1000000 ok=1024 err=0
tenant-churn/turso-per-tenant/tenant-churn t=10 c=50 rps=- run=1: 1744/1000000 ok=1744 err=0
tenant-churn/turso-per-tenant/tenant-churn t=10 c=50 rps=- run=1: 2456/1000000 ok=2456 err=0
tenant-churn/turso-per-tenant/tenant-churn t=10 c=50 rps=- run=1: 3123/1000000 ok=3123 err=0
tenant-churn/turso-per-tenant/tenant-churn t=10 c=50 rps=- run=1: 3822/1000000 ok=3822 err=0
tenant-churn/turso-per-tenant/tenant-churn t=10 c=50 rps=- run=1: 4517/1000000 ok=4517 err=0
tenant-churn/turso-per-tenant/tenant-churn t=10 c=50 rps=- run=1: 5240/1000000 ok=5240 err=0
tenant-churn/turso-per-tenant/tenant-churn t=10 c=50 rps=- run=1: 5941/1000000 ok=5941 err=0
tenant-churn/turso-per-tenant/tenant-churn t=10 c=50 rps=- run=1: 6664/1000000 ok=6664 err=0
tenant-churn/turso-per-tenant/tenant-churn t=10 c=50 rps=- run=1: 7365/1000000 ok=7365 err=0
tenant-churn/turso-per-tenant/tenant-churn t=10 c=50 rps=- run=1: 8055/1000000 ok=8055 err=0
tenant-churn/turso-per-tenant/tenant-churn t=10 c=50 rps=- run=1: 8744/1000000 ok=8744 err=0
tenant-churn/turso-per-tenant/tenant-churn t=10 c=50 rps=- run=1: 9468/1000000 ok=9468 err=0
tenant-churn/turso-per-tenant/tenant-churn t=10 c=50 rps=- run=1: 10190/1000000 ok=10190 err=0
tenant-churn/turso-per-tenant/tenant-churn t=10 c=50 rps=- run=1: 10216/1000000 ok=10216 err=0
tenant-churn/tursodb-per-tenant/tenant-churn t=10 c=50 rps=- run=1: 634/1000000 ok=634 err=0
tenant-churn/tursodb-per-tenant/tenant-churn t=10 c=50 rps=- run=1: 1296/1000000 ok=1296 err=0
tenant-churn/tursodb-per-tenant/tenant-churn t=10 c=50 rps=- run=1: 1923/1000000 ok=1923 err=0
tenant-churn/tursodb-per-tenant/tenant-churn t=10 c=50 rps=- run=1: 2622/1000000 ok=2622 err=0
tenant-churn/tursodb-per-tenant/tenant-churn t=10 c=50 rps=- run=1: 3309/1000000 ok=3309 err=0
tenant-churn/tursodb-per-tenant/tenant-churn t=10 c=50 rps=- run=1: 3992/1000000 ok=3992 err=0
tenant-churn/tursodb-per-tenant/tenant-churn t=10 c=50 rps=- run=1: 4685/1000000 ok=4685 err=0
tenant-churn/tursodb-per-tenant/tenant-churn t=10 c=50 rps=- run=1: 5357/1000000 ok=5357 err=0
tenant-churn/tursodb-per-tenant/tenant-churn t=10 c=50 rps=- run=1: 5965/1000000 ok=5965 err=0
tenant-churn/tursodb-per-tenant/tenant-churn t=10 c=50 rps=- run=1: 6667/1000000 ok=6667 err=0
tenant-churn/tursodb-per-tenant/tenant-churn t=10 c=50 rps=- run=1: 7302/1000000 ok=7302 err=0
tenant-churn/tursodb-per-tenant/tenant-churn t=10 c=50 rps=- run=1: 7993/1000000 ok=7993 err=0
tenant-churn/tursodb-per-tenant/tenant-churn t=10 c=50 rps=- run=1: 8655/1000000 ok=8655 err=0
tenant-churn/tursodb-per-tenant/tenant-churn t=10 c=50 rps=- run=1: 9337/1000000 ok=9337 err=0
tenant-churn/tursodb-per-tenant/tenant-churn t=10 c=50 rps=- run=1: 9981/1000000 ok=9981 err=0
tenant-churn/tursodb-per-tenant/tenant-churn t=10 c=50 rps=- run=1: 10011/1000000 ok=10011 err=0
tenant-churn/d1-per-tenant/tenant-churn t=50 c=50 rps=- run=1: 672/1000000 ok=672 err=0
tenant-churn/d1-per-tenant/tenant-churn t=50 c=50 rps=- run=1: 1385/1000000 ok=1385 err=0
tenant-churn/d1-per-tenant/tenant-churn t=50 c=50 rps=- run=1: 2136/1000000 ok=2136 err=0
tenant-churn/d1-per-tenant/tenant-churn t=50 c=50 rps=- run=1: 2881/1000000 ok=2881 err=0
tenant-churn/d1-per-tenant/tenant-churn t=50 c=50 rps=- run=1: 3605/1000000 ok=3605 err=0
tenant-churn/d1-per-tenant/tenant-churn t=50 c=50 rps=- run=1: 4319/1000000 ok=4319 err=0
tenant-churn/d1-per-tenant/tenant-churn t=50 c=50 rps=- run=1: 4999/1000000 ok=4999 err=0
tenant-churn/d1-per-tenant/tenant-churn t=50 c=50 rps=- run=1: 5698/1000000 ok=5698 err=0
tenant-churn/d1-per-tenant/tenant-churn t=50 c=50 rps=- run=1: 6414/1000000 ok=6414 err=0
tenant-churn/d1-per-tenant/tenant-churn t=50 c=50 rps=- run=1: 7045/1000000 ok=7045 err=0
tenant-churn/d1-per-tenant/tenant-churn t=50 c=50 rps=- run=1: 7656/1000000 ok=7656 err=0
tenant-churn/d1-per-tenant/tenant-churn t=50 c=50 rps=- run=1: 8191/1000000 ok=8191 err=0
tenant-churn/d1-per-tenant/tenant-churn t=50 c=50 rps=- run=1: 8792/1000000 ok=8792 err=0
tenant-churn/d1-per-tenant/tenant-churn t=50 c=50 rps=- run=1: 9319/1000000 ok=9319 err=0
tenant-churn/d1-per-tenant/tenant-churn t=50 c=50 rps=- run=1: 9969/1000000 ok=9969 err=0
tenant-churn/turso-per-tenant/tenant-churn t=50 c=50 rps=- run=1: 421/1000000 ok=421 err=0
tenant-churn/turso-per-tenant/tenant-churn t=50 c=50 rps=- run=1: 1002/1000000 ok=1002 err=0
tenant-churn/turso-per-tenant/tenant-churn t=50 c=50 rps=- run=1: 1594/1000000 ok=1594 err=0
tenant-churn/turso-per-tenant/tenant-churn t=50 c=50 rps=- run=1: 2164/1000000 ok=2164 err=0
tenant-churn/turso-per-tenant/tenant-churn t=50 c=50 rps=- run=1: 2711/1000000 ok=2711 err=0
tenant-churn/turso-per-tenant/tenant-churn t=50 c=50 rps=- run=1: 3235/1000000 ok=3235 err=0
tenant-churn/turso-per-tenant/tenant-churn t=50 c=50 rps=- run=1: 3865/1000000 ok=3865 err=0
tenant-churn/turso-per-tenant/tenant-churn t=50 c=50 rps=- run=1: 4518/1000000 ok=4518 err=0
tenant-churn/turso-per-tenant/tenant-churn t=50 c=50 rps=- run=1: 5084/1000000 ok=5084 err=0
tenant-churn/turso-per-tenant/tenant-churn t=50 c=50 rps=- run=1: 5717/1000000 ok=5717 err=0
tenant-churn/turso-per-tenant/tenant-churn t=50 c=50 rps=- run=1: 6382/1000000 ok=6382 err=0
tenant-churn/turso-per-tenant/tenant-churn t=50 c=50 rps=- run=1: 7076/1000000 ok=7076 err=0
tenant-churn/turso-per-tenant/tenant-churn t=50 c=50 rps=- run=1: 7684/1000000 ok=7684 err=0
tenant-churn/turso-per-tenant/tenant-churn t=50 c=50 rps=- run=1: 8275/1000000 ok=8275 err=0
tenant-churn/turso-per-tenant/tenant-churn t=50 c=50 rps=- run=1: 8833/1000000 ok=8833 err=0
tenant-churn/turso-per-tenant/tenant-churn t=50 c=50 rps=- run=1: 8834/1000000 ok=8834 err=0
tenant-churn/tursodb-per-tenant/tenant-churn t=50 c=50 rps=- run=1: 337/1000000 ok=337 err=0
tenant-churn/tursodb-per-tenant/tenant-churn t=50 c=50 rps=- run=1: 943/1000000 ok=943 err=0
tenant-churn/tursodb-per-tenant/tenant-churn t=50 c=50 rps=- run=1: 1524/1000000 ok=1524 err=0
tenant-churn/tursodb-per-tenant/tenant-churn t=50 c=50 rps=- run=1: 2141/1000000 ok=2141 err=0
tenant-churn/tursodb-per-tenant/tenant-churn t=50 c=50 rps=- run=1: 2773/1000000 ok=2765 err=8
tenant-churn/tursodb-per-tenant/tenant-churn t=50 c=50 rps=- run=1: 3274/1000000 ok=3256 err=18
tenant-churn/tursodb-per-tenant/tenant-churn t=50 c=50 rps=- run=1: 3971/1000000 ok=3929 err=42
tenant-churn/tursodb-per-tenant/tenant-churn t=50 c=50 rps=- run=1: 4636/1000000 ok=4564 err=72
tenant-churn/tursodb-per-tenant/tenant-churn t=50 c=50 rps=- run=1: 5349/1000000 ok=5223 err=126
tenant-churn/tursodb-per-tenant/tenant-churn t=50 c=50 rps=- run=1: 5695/1000000 ok=5542 err=153
tenant-churn/tursodb-per-tenant/tenant-churn t=50 c=50 rps=- run=1: 6353/1000000 ok=6162 err=191
tenant-churn/tursodb-per-tenant/tenant-churn t=50 c=50 rps=- run=1: 7039/1000000 ok=6783 err=256
tenant-churn/tursodb-per-tenant/tenant-churn t=50 c=50 rps=- run=1: 7687/1000000 ok=7374 err=313
tenant-churn/tursodb-per-tenant/tenant-churn t=50 c=50 rps=- run=1: 8227/1000000 ok=7877 err=350
tenant-churn/tursodb-per-tenant/tenant-churn t=50 c=50 rps=- run=1: 8818/1000000 ok=8415 err=403
tenant-churn/d1-per-tenant/tenant-churn t=100 c=50 rps=- run=1: 558/1000000 ok=558 err=0
tenant-churn/d1-per-tenant/tenant-churn t=100 c=50 rps=- run=1: 1043/1000000 ok=1043 err=0
tenant-churn/d1-per-tenant/tenant-churn t=100 c=50 rps=- run=1: 1709/1000000 ok=1707 err=2
tenant-churn/d1-per-tenant/tenant-churn t=100 c=50 rps=- run=1: 2302/1000000 ok=2299 err=3
tenant-churn/d1-per-tenant/tenant-churn t=100 c=50 rps=- run=1: 3006/1000000 ok=3003 err=3
tenant-churn/d1-per-tenant/tenant-churn t=100 c=50 rps=- run=1: 3549/1000000 ok=3546 err=3
tenant-churn/d1-per-tenant/tenant-churn t=100 c=50 rps=- run=1: 4286/1000000 ok=4283 err=3
tenant-churn/d1-per-tenant/tenant-churn t=100 c=50 rps=- run=1: 4850/1000000 ok=4847 err=3
tenant-churn/d1-per-tenant/tenant-churn t=100 c=50 rps=- run=1: 5479/1000000 ok=5476 err=3
tenant-churn/d1-per-tenant/tenant-churn t=100 c=50 rps=- run=1: 6174/1000000 ok=6171 err=3
tenant-churn/d1-per-tenant/tenant-churn t=100 c=50 rps=- run=1: 6884/1000000 ok=6881 err=3
tenant-churn/d1-per-tenant/tenant-churn t=100 c=50 rps=- run=1: 7405/1000000 ok=7402 err=3
tenant-churn/d1-per-tenant/tenant-churn t=100 c=50 rps=- run=1: 7953/1000000 ok=7950 err=3
tenant-churn/d1-per-tenant/tenant-churn t=100 c=50 rps=- run=1: 8545/1000000 ok=8542 err=3
tenant-churn/d1-per-tenant/tenant-churn t=100 c=50 rps=- run=1: 9102/1000000 ok=9099 err=3
tenant-churn/turso-per-tenant/tenant-churn t=100 c=50 rps=- run=1: 499/1000000 ok=499 err=0
tenant-churn/turso-per-tenant/tenant-churn t=100 c=50 rps=- run=1: 1169/1000000 ok=1169 err=0
tenant-churn/turso-per-tenant/tenant-churn t=100 c=50 rps=- run=1: 1800/1000000 ok=1800 err=0
tenant-churn/turso-per-tenant/tenant-churn t=100 c=50 rps=- run=1: 2373/1000000 ok=2373 err=0
tenant-churn/turso-per-tenant/tenant-churn t=100 c=50 rps=- run=1: 2949/1000000 ok=2949 err=0
tenant-churn/turso-per-tenant/tenant-churn t=100 c=50 rps=- run=1: 3483/1000000 ok=3483 err=0
tenant-churn/turso-per-tenant/tenant-churn t=100 c=50 rps=- run=1: 4151/1000000 ok=4151 err=0
tenant-churn/turso-per-tenant/tenant-churn t=100 c=50 rps=- run=1: 4779/1000000 ok=4779 err=0
tenant-churn/turso-per-tenant/tenant-churn t=100 c=50 rps=- run=1: 5458/1000000 ok=5458 err=0
tenant-churn/turso-per-tenant/tenant-churn t=100 c=50 rps=- run=1: 6117/1000000 ok=6117 err=0
tenant-churn/turso-per-tenant/tenant-churn t=100 c=50 rps=- run=1: 6766/1000000 ok=6766 err=0
tenant-churn/turso-per-tenant/tenant-churn t=100 c=50 rps=- run=1: 7433/1000000 ok=7433 err=0
tenant-churn/turso-per-tenant/tenant-churn t=100 c=50 rps=- run=1: 8107/1000000 ok=8107 err=0
tenant-churn/turso-per-tenant/tenant-churn t=100 c=50 rps=- run=1: 8615/1000000 ok=8615 err=0
tenant-churn/turso-per-tenant/tenant-churn t=100 c=50 rps=- run=1: 9165/1000000 ok=9165 err=0
tenant-churn/turso-per-tenant/tenant-churn t=100 c=50 rps=- run=1: 9167/1000000 ok=9167 err=0
tenant-churn/tursodb-per-tenant/tenant-churn t=100 c=50 rps=- run=1: 355/1000000 ok=355 err=0
tenant-churn/tursodb-per-tenant/tenant-churn t=100 c=50 rps=- run=1: 908/1000000 ok=908 err=0
tenant-churn/tursodb-per-tenant/tenant-churn t=100 c=50 rps=- run=1: 1546/1000000 ok=1546 err=0
tenant-churn/tursodb-per-tenant/tenant-churn t=100 c=50 rps=- run=1: 2200/1000000 ok=2195 err=5
tenant-churn/tursodb-per-tenant/tenant-churn t=100 c=50 rps=- run=1: 2787/1000000 ok=2764 err=23
tenant-churn/tursodb-per-tenant/tenant-churn t=100 c=50 rps=- run=1: 3257/1000000 ok=3206 err=51
tenant-churn/tursodb-per-tenant/tenant-churn t=100 c=50 rps=- run=1: 3777/1000000 ok=3683 err=94
tenant-churn/tursodb-per-tenant/tenant-churn t=100 c=50 rps=- run=1: 4423/1000000 ok=4267 err=156
tenant-churn/tursodb-per-tenant/tenant-churn t=100 c=50 rps=- run=1: 5025/1000000 ok=4806 err=219
tenant-churn/tursodb-per-tenant/tenant-churn t=100 c=50 rps=- run=1: 5379/1000000 ok=5124 err=255
tenant-churn/tursodb-per-tenant/tenant-churn t=100 c=50 rps=- run=1: 6004/1000000 ok=5678 err=326
tenant-churn/tursodb-per-tenant/tenant-churn t=100 c=50 rps=- run=1: 6569/1000000 ok=6179 err=390
tenant-churn/tursodb-per-tenant/tenant-churn t=100 c=50 rps=- run=1: 7117/1000000 ok=6653 err=464
tenant-churn/tursodb-per-tenant/tenant-churn t=100 c=50 rps=- run=1: 7719/1000000 ok=7183 err=536
tenant-churn/tursodb-per-tenant/tenant-churn t=100 c=50 rps=- run=1: 8223/1000000 ok=7623 err=600
tenant-churn/tursodb-per-tenant/tenant-churn t=100 c=50 rps=- run=1: 8257/1000000 ok=7651 err=606
saturation/d1-per-tenant/lms-balanced t=1 c=1000 rps=10 run=1: 19/1000000 ok=19 err=0
saturation/d1-per-tenant/lms-balanced t=1 c=1000 rps=10 run=1: 38/1000000 ok=38 err=0
saturation/d1-per-tenant/lms-balanced t=1 c=1000 rps=10 run=1: 60/1000000 ok=60 err=0
saturation/d1-per-tenant/lms-balanced t=1 c=1000 rps=10 run=1: 81/1000000 ok=81 err=0
saturation/d1-per-tenant/lms-balanced t=1 c=1000 rps=10 run=1: 102/1000000 ok=102 err=0
saturation/d1-per-tenant/lms-balanced t=1 c=1000 rps=10 run=1: 123/1000000 ok=123 err=0
saturation/d1-per-tenant/lms-balanced t=1 c=1000 rps=10 run=1: 144/1000000 ok=144 err=0
saturation/d1-per-tenant/lms-balanced t=1 c=1000 rps=10 run=1: 164/1000000 ok=164 err=0
saturation/d1-per-tenant/lms-balanced t=1 c=1000 rps=10 run=1: 185/1000000 ok=185 err=0
saturation/d1-per-tenant/lms-balanced t=1 c=1000 rps=10 run=1: 206/1000000 ok=206 err=0
saturation/d1-per-tenant/lms-balanced t=1 c=1000 rps=10 run=1: 227/1000000 ok=227 err=0
saturation/d1-per-tenant/lms-balanced t=1 c=1000 rps=10 run=1: 248/1000000 ok=248 err=0
saturation/d1-per-tenant/lms-balanced t=1 c=1000 rps=10 run=1: 268/1000000 ok=268 err=0
saturation/d1-per-tenant/lms-balanced t=1 c=1000 rps=10 run=1: 289/1000000 ok=289 err=0
saturation/d1-per-tenant/lms-balanced t=1 c=1000 rps=10 run=1: 300/1000000 ok=300 err=0
saturation/turso-per-tenant/lms-balanced t=1 c=1000 rps=10 run=1: 15/1000000 ok=15 err=0
saturation/turso-per-tenant/lms-balanced t=1 c=1000 rps=10 run=1: 40/1000000 ok=40 err=0
saturation/turso-per-tenant/lms-balanced t=1 c=1000 rps=10 run=1: 59/1000000 ok=59 err=0
saturation/turso-per-tenant/lms-balanced t=1 c=1000 rps=10 run=1: 81/1000000 ok=81 err=0
saturation/turso-per-tenant/lms-balanced t=1 c=1000 rps=10 run=1: 102/1000000 ok=102 err=0
saturation/turso-per-tenant/lms-balanced t=1 c=1000 rps=10 run=1: 123/1000000 ok=123 err=0
saturation/turso-per-tenant/lms-balanced t=1 c=1000 rps=10 run=1: 144/1000000 ok=144 err=0
saturation/turso-per-tenant/lms-balanced t=1 c=1000 rps=10 run=1: 164/1000000 ok=164 err=0
saturation/turso-per-tenant/lms-balanced t=1 c=1000 rps=10 run=1: 185/1000000 ok=185 err=0
saturation/turso-per-tenant/lms-balanced t=1 c=1000 rps=10 run=1: 206/1000000 ok=206 err=0
saturation/turso-per-tenant/lms-balanced t=1 c=1000 rps=10 run=1: 227/1000000 ok=227 err=0
saturation/turso-per-tenant/lms-balanced t=1 c=1000 rps=10 run=1: 249/1000000 ok=249 err=0
saturation/turso-per-tenant/lms-balanced t=1 c=1000 rps=10 run=1: 270/1000000 ok=270 err=0
saturation/turso-per-tenant/lms-balanced t=1 c=1000 rps=10 run=1: 290/1000000 ok=290 err=0
saturation/turso-per-tenant/lms-balanced t=1 c=1000 rps=10 run=1: 300/1000000 ok=300 err=0
saturation/tursodb-per-tenant/lms-balanced t=1 c=1000 rps=10 run=1: 19/1000000 ok=19 err=0
saturation/tursodb-per-tenant/lms-balanced t=1 c=1000 rps=10 run=1: 40/1000000 ok=40 err=0
saturation/tursodb-per-tenant/lms-balanced t=1 c=1000 rps=10 run=1: 61/1000000 ok=61 err=0
saturation/tursodb-per-tenant/lms-balanced t=1 c=1000 rps=10 run=1: 82/1000000 ok=81 err=1
saturation/tursodb-per-tenant/lms-balanced t=1 c=1000 rps=10 run=1: 102/1000000 ok=100 err=2
saturation/tursodb-per-tenant/lms-balanced t=1 c=1000 rps=10 run=1: 123/1000000 ok=121 err=2
saturation/tursodb-per-tenant/lms-balanced t=1 c=1000 rps=10 run=1: 144/1000000 ok=142 err=2
saturation/tursodb-per-tenant/lms-balanced t=1 c=1000 rps=10 run=1: 164/1000000 ok=162 err=2
saturation/tursodb-per-tenant/lms-balanced t=1 c=1000 rps=10 run=1: 185/1000000 ok=182 err=3
saturation/tursodb-per-tenant/lms-balanced t=1 c=1000 rps=10 run=1: 206/1000000 ok=203 err=3
saturation/tursodb-per-tenant/lms-balanced t=1 c=1000 rps=10 run=1: 226/1000000 ok=223 err=3
saturation/tursodb-per-tenant/lms-balanced t=1 c=1000 rps=10 run=1: 247/1000000 ok=244 err=3
saturation/tursodb-per-tenant/lms-balanced t=1 c=1000 rps=10 run=1: 267/1000000 ok=264 err=3
saturation/tursodb-per-tenant/lms-balanced t=1 c=1000 rps=10 run=1: 287/1000000 ok=284 err=3
saturation/tursodb-per-tenant/lms-balanced t=1 c=1000 rps=10 run=1: 300/1000000 ok=297 err=3
saturation/d1-per-tenant/lms-balanced t=1 c=1000 rps=25 run=1: 47/1000000 ok=47 err=0
saturation/d1-per-tenant/lms-balanced t=1 c=1000 rps=25 run=1: 95/1000000 ok=95 err=0
saturation/d1-per-tenant/lms-balanced t=1 c=1000 rps=25 run=1: 146/1000000 ok=146 err=0
saturation/d1-per-tenant/lms-balanced t=1 c=1000 rps=25 run=1: 197/1000000 ok=197 err=0
saturation/d1-per-tenant/lms-balanced t=1 c=1000 rps=25 run=1: 248/1000000 ok=248 err=0
saturation/d1-per-tenant/lms-balanced t=1 c=1000 rps=25 run=1: 298/1000000 ok=298 err=0
saturation/d1-per-tenant/lms-balanced t=1 c=1000 rps=25 run=1: 348/1000000 ok=348 err=0
saturation/d1-per-tenant/lms-balanced t=1 c=1000 rps=25 run=1: 398/1000000 ok=398 err=0
saturation/d1-per-tenant/lms-balanced t=1 c=1000 rps=25 run=1: 449/1000000 ok=449 err=0
saturation/d1-per-tenant/lms-balanced t=1 c=1000 rps=25 run=1: 498/1000000 ok=498 err=0
saturation/d1-per-tenant/lms-balanced t=1 c=1000 rps=25 run=1: 550/1000000 ok=550 err=0
saturation/d1-per-tenant/lms-balanced t=1 c=1000 rps=25 run=1: 599/1000000 ok=599 err=0
saturation/d1-per-tenant/lms-balanced t=1 c=1000 rps=25 run=1: 652/1000000 ok=652 err=0
saturation/d1-per-tenant/lms-balanced t=1 c=1000 rps=25 run=1: 702/1000000 ok=702 err=0
saturation/d1-per-tenant/lms-balanced t=1 c=1000 rps=25 run=1: 750/1000000 ok=750 err=0
saturation/turso-per-tenant/lms-balanced t=1 c=1000 rps=25 run=1: 37/1000000 ok=37 err=0
saturation/turso-per-tenant/lms-balanced t=1 c=1000 rps=25 run=1: 96/1000000 ok=96 err=0
saturation/turso-per-tenant/lms-balanced t=1 c=1000 rps=25 run=1: 149/1000000 ok=149 err=0
saturation/turso-per-tenant/lms-balanced t=1 c=1000 rps=25 run=1: 199/1000000 ok=199 err=0
saturation/turso-per-tenant/lms-balanced t=1 c=1000 rps=25 run=1: 250/1000000 ok=250 err=0
saturation/turso-per-tenant/lms-balanced t=1 c=1000 rps=25 run=1: 300/1000000 ok=300 err=0
saturation/turso-per-tenant/lms-balanced t=1 c=1000 rps=25 run=1: 350/1000000 ok=350 err=0
saturation/turso-per-tenant/lms-balanced t=1 c=1000 rps=25 run=1: 401/1000000 ok=401 err=0
saturation/turso-per-tenant/lms-balanced t=1 c=1000 rps=25 run=1: 450/1000000 ok=450 err=0
saturation/turso-per-tenant/lms-balanced t=1 c=1000 rps=25 run=1: 504/1000000 ok=504 err=0
saturation/turso-per-tenant/lms-balanced t=1 c=1000 rps=25 run=1: 557/1000000 ok=557 err=0
saturation/turso-per-tenant/lms-balanced t=1 c=1000 rps=25 run=1: 609/1000000 ok=609 err=0
saturation/turso-per-tenant/lms-balanced t=1 c=1000 rps=25 run=1: 660/1000000 ok=660 err=0
saturation/turso-per-tenant/lms-balanced t=1 c=1000 rps=25 run=1: 711/1000000 ok=711 err=0
saturation/turso-per-tenant/lms-balanced t=1 c=1000 rps=25 run=1: 750/1000000 ok=750 err=0
saturation/tursodb-per-tenant/lms-balanced t=1 c=1000 rps=25 run=1: 46/1000000 ok=46 err=0
saturation/tursodb-per-tenant/lms-balanced t=1 c=1000 rps=25 run=1: 95/1000000 ok=93 err=2
saturation/tursodb-per-tenant/lms-balanced t=1 c=1000 rps=25 run=1: 146/1000000 ok=144 err=2
saturation/tursodb-per-tenant/lms-balanced t=1 c=1000 rps=25 run=1: 198/1000000 ok=195 err=3
saturation/tursodb-per-tenant/lms-balanced t=1 c=1000 rps=25 run=1: 249/1000000 ok=246 err=3
saturation/tursodb-per-tenant/lms-balanced t=1 c=1000 rps=25 run=1: 298/1000000 ok=295 err=3
saturation/tursodb-per-tenant/lms-balanced t=1 c=1000 rps=25 run=1: 350/1000000 ok=347 err=3
saturation/tursodb-per-tenant/lms-balanced t=1 c=1000 rps=25 run=1: 400/1000000 ok=397 err=3
saturation/tursodb-per-tenant/lms-balanced t=1 c=1000 rps=25 run=1: 455/1000000 ok=451 err=4
saturation/tursodb-per-tenant/lms-balanced t=1 c=1000 rps=25 run=1: 507/1000000 ok=503 err=4
saturation/tursodb-per-tenant/lms-balanced t=1 c=1000 rps=25 run=1: 557/1000000 ok=552 err=5
saturation/tursodb-per-tenant/lms-balanced t=1 c=1000 rps=25 run=1: 607/1000000 ok=599 err=8
saturation/tursodb-per-tenant/lms-balanced t=1 c=1000 rps=25 run=1: 659/1000000 ok=651 err=8
saturation/tursodb-per-tenant/lms-balanced t=1 c=1000 rps=25 run=1: 710/1000000 ok=701 err=9
saturation/tursodb-per-tenant/lms-balanced t=1 c=1000 rps=25 run=1: 750/1000000 ok=741 err=9
saturation/d1-per-tenant/lms-balanced t=1 c=1000 rps=50 run=1: 93/1000000 ok=93 err=0
saturation/d1-per-tenant/lms-balanced t=1 c=1000 rps=50 run=1: 181/1000000 ok=181 err=0
saturation/d1-per-tenant/lms-balanced t=1 c=1000 rps=50 run=1: 293/1000000 ok=293 err=0
saturation/d1-per-tenant/lms-balanced t=1 c=1000 rps=50 run=1: 395/1000000 ok=395 err=0
saturation/d1-per-tenant/lms-balanced t=1 c=1000 rps=50 run=1: 496/1000000 ok=496 err=0
saturation/d1-per-tenant/lms-balanced t=1 c=1000 rps=50 run=1: 594/1000000 ok=594 err=0
saturation/d1-per-tenant/lms-balanced t=1 c=1000 rps=50 run=1: 694/1000000 ok=694 err=0
saturation/d1-per-tenant/lms-balanced t=1 c=1000 rps=50 run=1: 795/1000000 ok=795 err=0
saturation/d1-per-tenant/lms-balanced t=1 c=1000 rps=50 run=1: 898/1000000 ok=898 err=0
saturation/d1-per-tenant/lms-balanced t=1 c=1000 rps=50 run=1: 999/1000000 ok=999 err=0
saturation/d1-per-tenant/lms-balanced t=1 c=1000 rps=50 run=1: 1103/1000000 ok=1103 err=0
saturation/d1-per-tenant/lms-balanced t=1 c=1000 rps=50 run=1: 1199/1000000 ok=1199 err=0
saturation/d1-per-tenant/lms-balanced t=1 c=1000 rps=50 run=1: 1305/1000000 ok=1305 err=0
saturation/d1-per-tenant/lms-balanced t=1 c=1000 rps=50 run=1: 1405/1000000 ok=1405 err=0
saturation/d1-per-tenant/lms-balanced t=1 c=1000 rps=50 run=1: 1500/1000000 ok=1500 err=0
saturation/turso-per-tenant/lms-balanced t=1 c=1000 rps=50 run=1: 84/1000000 ok=84 err=0
saturation/turso-per-tenant/lms-balanced t=1 c=1000 rps=50 run=1: 191/1000000 ok=191 err=0
saturation/turso-per-tenant/lms-balanced t=1 c=1000 rps=50 run=1: 286/1000000 ok=286 err=0
saturation/turso-per-tenant/lms-balanced t=1 c=1000 rps=50 run=1: 398/1000000 ok=398 err=0
saturation/turso-per-tenant/lms-balanced t=1 c=1000 rps=50 run=1: 496/1000000 ok=496 err=0
saturation/turso-per-tenant/lms-balanced t=1 c=1000 rps=50 run=1: 601/1000000 ok=601 err=0
saturation/turso-per-tenant/lms-balanced t=1 c=1000 rps=50 run=1: 701/1000000 ok=701 err=0
saturation/turso-per-tenant/lms-balanced t=1 c=1000 rps=50 run=1: 805/1000000 ok=805 err=0
saturation/turso-per-tenant/lms-balanced t=1 c=1000 rps=50 run=1: 906/1000000 ok=906 err=0
saturation/turso-per-tenant/lms-balanced t=1 c=1000 rps=50 run=1: 1006/1000000 ok=1006 err=0
saturation/turso-per-tenant/lms-balanced t=1 c=1000 rps=50 run=1: 1108/1000000 ok=1108 err=0
saturation/turso-per-tenant/lms-balanced t=1 c=1000 rps=50 run=1: 1209/1000000 ok=1209 err=0
saturation/turso-per-tenant/lms-balanced t=1 c=1000 rps=50 run=1: 1308/1000000 ok=1308 err=0
saturation/turso-per-tenant/lms-balanced t=1 c=1000 rps=50 run=1: 1412/1000000 ok=1412 err=0
saturation/turso-per-tenant/lms-balanced t=1 c=1000 rps=50 run=1: 1500/1000000 ok=1500 err=0
saturation/tursodb-per-tenant/lms-balanced t=1 c=1000 rps=50 run=1: 89/1000000 ok=87 err=2
saturation/tursodb-per-tenant/lms-balanced t=1 c=1000 rps=50 run=1: 187/1000000 ok=184 err=3
saturation/tursodb-per-tenant/lms-balanced t=1 c=1000 rps=50 run=1: 289/1000000 ok=286 err=3
saturation/tursodb-per-tenant/lms-balanced t=1 c=1000 rps=50 run=1: 393/1000000 ok=390 err=3
saturation/tursodb-per-tenant/lms-balanced t=1 c=1000 rps=50 run=1: 493/1000000 ok=489 err=4
saturation/tursodb-per-tenant/lms-balanced t=1 c=1000 rps=50 run=1: 594/1000000 ok=587 err=7
saturation/tursodb-per-tenant/lms-balanced t=1 c=1000 rps=50 run=1: 695/1000000 ok=686 err=9
saturation/tursodb-per-tenant/lms-balanced t=1 c=1000 rps=50 run=1: 797/1000000 ok=788 err=9
saturation/tursodb-per-tenant/lms-balanced t=1 c=1000 rps=50 run=1: 896/1000000 ok=885 err=11
saturation/tursodb-per-tenant/lms-balanced t=1 c=1000 rps=50 run=1: 997/1000000 ok=986 err=11
saturation/tursodb-per-tenant/lms-balanced t=1 c=1000 rps=50 run=1: 1095/1000000 ok=1083 err=12
saturation/tursodb-per-tenant/lms-balanced t=1 c=1000 rps=50 run=1: 1199/1000000 ok=1186 err=13
saturation/tursodb-per-tenant/lms-balanced t=1 c=1000 rps=50 run=1: 1302/1000000 ok=1289 err=13
saturation/tursodb-per-tenant/lms-balanced t=1 c=1000 rps=50 run=1: 1392/1000000 ok=1376 err=16
saturation/tursodb-per-tenant/lms-balanced t=1 c=1000 rps=50 run=1: 1500/1000000 ok=1484 err=16
saturation/d1-per-tenant/lms-balanced t=1 c=1000 rps=100 run=1: 171/1000000 ok=171 err=0
saturation/d1-per-tenant/lms-balanced t=1 c=1000 rps=100 run=1: 376/1000000 ok=376 err=0
saturation/d1-per-tenant/lms-balanced t=1 c=1000 rps=100 run=1: 570/1000000 ok=570 err=0
saturation/d1-per-tenant/lms-balanced t=1 c=1000 rps=100 run=1: 776/1000000 ok=776 err=0
saturation/d1-per-tenant/lms-balanced t=1 c=1000 rps=100 run=1: 981/1000000 ok=981 err=0
saturation/d1-per-tenant/lms-balanced t=1 c=1000 rps=100 run=1: 1181/1000000 ok=1181 err=0
saturation/d1-per-tenant/lms-balanced t=1 c=1000 rps=100 run=1: 1386/1000000 ok=1386 err=0
saturation/d1-per-tenant/lms-balanced t=1 c=1000 rps=100 run=1: 1583/1000000 ok=1583 err=0
saturation/d1-per-tenant/lms-balanced t=1 c=1000 rps=100 run=1: 1783/1000000 ok=1783 err=0
saturation/d1-per-tenant/lms-balanced t=1 c=1000 rps=100 run=1: 1979/1000000 ok=1979 err=0
saturation/d1-per-tenant/lms-balanced t=1 c=1000 rps=100 run=1: 2186/1000000 ok=2186 err=0
saturation/d1-per-tenant/lms-balanced t=1 c=1000 rps=100 run=1: 2397/1000000 ok=2397 err=0
saturation/d1-per-tenant/lms-balanced t=1 c=1000 rps=100 run=1: 2589/1000000 ok=2589 err=0
saturation/d1-per-tenant/lms-balanced t=1 c=1000 rps=100 run=1: 2798/1000000 ok=2798 err=0
saturation/d1-per-tenant/lms-balanced t=1 c=1000 rps=100 run=1: 3000/1000000 ok=3000 err=0
saturation/turso-per-tenant/lms-balanced t=1 c=1000 rps=100 run=1: 178/1000000 ok=178 err=0
saturation/turso-per-tenant/lms-balanced t=1 c=1000 rps=100 run=1: 377/1000000 ok=377 err=0
saturation/turso-per-tenant/lms-balanced t=1 c=1000 rps=100 run=1: 579/1000000 ok=579 err=0
saturation/turso-per-tenant/lms-balanced t=1 c=1000 rps=100 run=1: 784/1000000 ok=784 err=0
saturation/turso-per-tenant/lms-balanced t=1 c=1000 rps=100 run=1: 985/1000000 ok=985 err=0
saturation/turso-per-tenant/lms-balanced t=1 c=1000 rps=100 run=1: 1184/1000000 ok=1184 err=0
saturation/turso-per-tenant/lms-balanced t=1 c=1000 rps=100 run=1: 1389/1000000 ok=1389 err=0
saturation/turso-per-tenant/lms-balanced t=1 c=1000 rps=100 run=1: 1595/1000000 ok=1595 err=0
saturation/turso-per-tenant/lms-balanced t=1 c=1000 rps=100 run=1: 1795/1000000 ok=1795 err=0
saturation/turso-per-tenant/lms-balanced t=1 c=1000 rps=100 run=1: 1988/1000000 ok=1988 err=0
saturation/turso-per-tenant/lms-balanced t=1 c=1000 rps=100 run=1: 2204/1000000 ok=2204 err=0
saturation/turso-per-tenant/lms-balanced t=1 c=1000 rps=100 run=1: 2407/1000000 ok=2407 err=0
saturation/turso-per-tenant/lms-balanced t=1 c=1000 rps=100 run=1: 2609/1000000 ok=2609 err=0
saturation/turso-per-tenant/lms-balanced t=1 c=1000 rps=100 run=1: 2800/1000000 ok=2800 err=0
saturation/turso-per-tenant/lms-balanced t=1 c=1000 rps=100 run=1: 3000/1000000 ok=3000 err=0
saturation/tursodb-per-tenant/lms-balanced t=1 c=1000 rps=100 run=1: 176/1000000 ok=173 err=3
saturation/tursodb-per-tenant/lms-balanced t=1 c=1000 rps=100 run=1: 375/1000000 ok=372 err=3
saturation/tursodb-per-tenant/lms-balanced t=1 c=1000 rps=100 run=1: 572/1000000 ok=566 err=6
saturation/tursodb-per-tenant/lms-balanced t=1 c=1000 rps=100 run=1: 779/1000000 ok=770 err=9
saturation/tursodb-per-tenant/lms-balanced t=1 c=1000 rps=100 run=1: 979/1000000 ok=968 err=11
saturation/tursodb-per-tenant/lms-balanced t=1 c=1000 rps=100 run=1: 1177/1000000 ok=1164 err=13
saturation/tursodb-per-tenant/lms-balanced t=1 c=1000 rps=100 run=1: 1393/1000000 ok=1377 err=16
saturation/tursodb-per-tenant/lms-balanced t=1 c=1000 rps=100 run=1: 1596/1000000 ok=1577 err=19
saturation/tursodb-per-tenant/lms-balanced t=1 c=1000 rps=100 run=1: 1794/1000000 ok=1773 err=21
saturation/tursodb-per-tenant/lms-balanced t=1 c=1000 rps=100 run=1: 1998/1000000 ok=1975 err=23
saturation/tursodb-per-tenant/lms-balanced t=1 c=1000 rps=100 run=1: 2198/1000000 ok=2172 err=26
saturation/tursodb-per-tenant/lms-balanced t=1 c=1000 rps=100 run=1: 2400/1000000 ok=2370 err=30
saturation/tursodb-per-tenant/lms-balanced t=1 c=1000 rps=100 run=1: 2598/1000000 ok=2563 err=35
saturation/tursodb-per-tenant/lms-balanced t=1 c=1000 rps=100 run=1: 2800/1000000 ok=2763 err=37
saturation/tursodb-per-tenant/lms-balanced t=1 c=1000 rps=100 run=1: 2992/1000000 ok=2951 err=41
saturation/tursodb-per-tenant/lms-balanced t=1 c=1000 rps=100 run=1: 3000/1000000 ok=2959 err=41
saturation/d1-per-tenant/lms-balanced t=1 c=1000 rps=200 run=1: 105/1000000 ok=105 err=0
saturation/d1-per-tenant/lms-balanced t=1 c=1000 rps=200 run=1: 292/1000000 ok=292 err=0
saturation/d1-per-tenant/lms-balanced t=1 c=1000 rps=200 run=1: 599/1000000 ok=599 err=0
saturation/d1-per-tenant/lms-balanced t=1 c=1000 rps=200 run=1: 868/1000000 ok=868 err=0
saturation/d1-per-tenant/lms-balanced t=1 c=1000 rps=200 run=1: 1165/1000000 ok=1085 err=80
saturation/d1-per-tenant/lms-balanced t=1 c=1000 rps=200 run=1: 1513/1000000 ok=1150 err=363
saturation/d1-per-tenant/lms-balanced t=1 c=1000 rps=200 run=1: 1907/1000000 ok=1156 err=751
saturation/d1-per-tenant/lms-balanced t=1 c=1000 rps=200 run=1: 2307/1000000 ok=1160 err=1147
saturation/d1-per-tenant/lms-balanced t=1 c=1000 rps=200 run=1: 2707/1000000 ok=1160 err=1547
saturation/d1-per-tenant/lms-balanced t=1 c=1000 rps=200 run=1: 3107/1000000 ok=1160 err=1947
saturation/d1-per-tenant/lms-balanced t=1 c=1000 rps=200 run=1: 3503/1000000 ok=1160 err=2343
saturation/d1-per-tenant/lms-balanced t=1 c=1000 rps=200 run=1: 3904/1000000 ok=1160 err=2744
saturation/d1-per-tenant/lms-balanced t=1 c=1000 rps=200 run=1: 4305/1000000 ok=1160 err=3145
saturation/d1-per-tenant/lms-balanced t=1 c=1000 rps=200 run=1: 4704/1000000 ok=1160 err=3544
saturation/d1-per-tenant/lms-balanced t=1 c=1000 rps=200 run=1: 5105/1000000 ok=1160 err=3945
saturation/d1-per-tenant/lms-balanced t=1 c=1000 rps=200 run=1: 5502/1000000 ok=1160 err=4342
saturation/d1-per-tenant/lms-balanced t=1 c=1000 rps=200 run=1: 5902/1000000 ok=1160 err=4742
saturation/d1-per-tenant/lms-balanced t=1 c=1000 rps=200 run=1: 5988/1000000 ok=1160 err=4828
saturation/turso-per-tenant/lms-balanced t=1 c=1000 rps=200 run=1: 338/1000000 ok=338 err=0
saturation/turso-per-tenant/lms-balanced t=1 c=1000 rps=200 run=1: 734/1000000 ok=734 err=0
saturation/turso-per-tenant/lms-balanced t=1 c=1000 rps=200 run=1: 1139/1000000 ok=1139 err=0
saturation/turso-per-tenant/lms-balanced t=1 c=1000 rps=200 run=1: 1550/1000000 ok=1550 err=0
saturation/turso-per-tenant/lms-balanced t=1 c=1000 rps=200 run=1: 1892/1000000 ok=1892 err=0
saturation/turso-per-tenant/lms-balanced t=1 c=1000 rps=200 run=1: 2363/1000000 ok=2363 err=0
saturation/turso-per-tenant/lms-balanced t=1 c=1000 rps=200 run=1: 2766/1000000 ok=2766 err=0
saturation/turso-per-tenant/lms-balanced t=1 c=1000 rps=200 run=1: 3164/1000000 ok=3164 err=0
saturation/turso-per-tenant/lms-balanced t=1 c=1000 rps=200 run=1: 3560/1000000 ok=3560 err=0
saturation/turso-per-tenant/lms-balanced t=1 c=1000 rps=200 run=1: 3961/1000000 ok=3961 err=0
saturation/turso-per-tenant/lms-balanced t=1 c=1000 rps=200 run=1: 4326/1000000 ok=4326 err=0
saturation/turso-per-tenant/lms-balanced t=1 c=1000 rps=200 run=1: 4760/1000000 ok=4760 err=0
saturation/turso-per-tenant/lms-balanced t=1 c=1000 rps=200 run=1: 5157/1000000 ok=5157 err=0
saturation/turso-per-tenant/lms-balanced t=1 c=1000 rps=200 run=1: 5565/1000000 ok=5565 err=0
saturation/turso-per-tenant/lms-balanced t=1 c=1000 rps=200 run=1: 5931/1000000 ok=5931 err=0
saturation/turso-per-tenant/lms-balanced t=1 c=1000 rps=200 run=1: 6000/1000000 ok=6000 err=0
saturation/tursodb-per-tenant/lms-balanced t=1 c=1000 rps=200 run=1: 296/1000000 ok=294 err=2
saturation/tursodb-per-tenant/lms-balanced t=1 c=1000 rps=200 run=1: 671/1000000 ok=668 err=3
saturation/tursodb-per-tenant/lms-balanced t=1 c=1000 rps=200 run=1: 1022/1000000 ok=1019 err=3
saturation/tursodb-per-tenant/lms-balanced t=1 c=1000 rps=200 run=1: 1358/1000000 ok=1344 err=14
saturation/tursodb-per-tenant/lms-balanced t=1 c=1000 rps=200 run=1: 1758/1000000 ok=1685 err=73
saturation/tursodb-per-tenant/lms-balanced t=1 c=1000 rps=200 run=1: 2178/1000000 ok=2045 err=133
saturation/tursodb-per-tenant/lms-balanced t=1 c=1000 rps=200 run=1: 2572/1000000 ok=2378 err=194
saturation/tursodb-per-tenant/lms-balanced t=1 c=1000 rps=200 run=1: 2935/1000000 ok=2681 err=254
saturation/tursodb-per-tenant/lms-balanced t=1 c=1000 rps=200 run=1: 3363/1000000 ok=3048 err=315
saturation/tursodb-per-tenant/lms-balanced t=1 c=1000 rps=200 run=1: 3763/1000000 ok=3389 err=374
saturation/tursodb-per-tenant/lms-balanced t=1 c=1000 rps=200 run=1: 4186/1000000 ok=3751 err=435
saturation/tursodb-per-tenant/lms-balanced t=1 c=1000 rps=200 run=1: 4555/1000000 ok=4061 err=494
saturation/tursodb-per-tenant/lms-balanced t=1 c=1000 rps=200 run=1: 4974/1000000 ok=4419 err=555
saturation/tursodb-per-tenant/lms-balanced t=1 c=1000 rps=200 run=1: 5362/1000000 ok=4746 err=616
saturation/tursodb-per-tenant/lms-balanced t=1 c=1000 rps=200 run=1: 5754/1000000 ok=5078 err=676
saturation/tursodb-per-tenant/lms-balanced t=1 c=1000 rps=200 run=1: 5914/1000000 ok=5178 err=736
saturation/tursodb-per-tenant/lms-balanced t=1 c=1000 rps=200 run=1: 5975/1000000 ok=5178 err=797
saturation/tursodb-per-tenant/lms-balanced t=1 c=1000 rps=200 run=1: 6000/1000000 ok=5178 err=822
saturation/d1-per-tenant/lms-balanced t=1 c=1000 rps=500 run=1: 120/1000000 ok=120 err=0
saturation/d1-per-tenant/lms-balanced t=1 c=1000 rps=500 run=1: 405/1000000 ok=405 err=0
saturation/d1-per-tenant/lms-balanced t=1 c=1000 rps=500 run=1: 773/1000000 ok=772 err=1
saturation/d1-per-tenant/lms-balanced t=1 c=1000 rps=500 run=1: 1340/1000000 ok=905 err=435
saturation/d1-per-tenant/lms-balanced t=1 c=1000 rps=500 run=1: 1642/1000000 ok=931 err=711
saturation/d1-per-tenant/lms-balanced t=1 c=1000 rps=500 run=1: 2179/1000000 ok=954 err=1225
saturation/d1-per-tenant/lms-balanced t=1 c=1000 rps=500 run=1: 2462/1000000 ok=954 err=1508
saturation/d1-per-tenant/lms-balanced t=1 c=1000 rps=500 run=1: 2782/1000000 ok=958 err=1824
saturation/d1-per-tenant/lms-balanced t=1 c=1000 rps=500 run=1: 3357/1000000 ok=958 err=2399
saturation/d1-per-tenant/lms-balanced t=1 c=1000 rps=500 run=1: 3681/1000000 ok=974 err=2707
saturation/d1-per-tenant/lms-balanced t=1 c=1000 rps=500 run=1: 4211/1000000 ok=974 err=3237
saturation/d1-per-tenant/lms-balanced t=1 c=1000 rps=500 run=1: 4488/1000000 ok=974 err=3514
saturation/d1-per-tenant/lms-balanced t=1 c=1000 rps=500 run=1: 4822/1000000 ok=975 err=3847
saturation/d1-per-tenant/lms-balanced t=1 c=1000 rps=500 run=1: 5375/1000000 ok=975 err=4400
saturation/d1-per-tenant/lms-balanced t=1 c=1000 rps=500 run=1: 5694/1000000 ok=975 err=4719
saturation/d1-per-tenant/lms-balanced t=1 c=1000 rps=500 run=1: 6227/1000000 ok=975 err=5252
saturation/d1-per-tenant/lms-balanced t=1 c=1000 rps=500 run=1: 6489/1000000 ok=975 err=5514
saturation/d1-per-tenant/lms-balanced t=1 c=1000 rps=500 run=1: 6609/1000000 ok=979 err=5630
saturation/turso-per-tenant/lms-balanced t=1 c=1000 rps=500 run=1: 795/1000000 ok=795 err=0
saturation/turso-per-tenant/lms-balanced t=1 c=1000 rps=500 run=1: 1624/1000000 ok=1624 err=0
saturation/turso-per-tenant/lms-balanced t=1 c=1000 rps=500 run=1: 2192/1000000 ok=2192 err=0
saturation/turso-per-tenant/lms-balanced t=1 c=1000 rps=500 run=1: 2764/1000000 ok=2763 err=1
saturation/turso-per-tenant/lms-balanced t=1 c=1000 rps=500 run=1: 3383/1000000 ok=3293 err=90
saturation/turso-per-tenant/lms-balanced t=1 c=1000 rps=500 run=1: 4197/1000000 ok=3969 err=228
saturation/turso-per-tenant/lms-balanced t=1 c=1000 rps=500 run=1: 4958/1000000 ok=4633 err=325
saturation/turso-per-tenant/lms-balanced t=1 c=1000 rps=500 run=1: 5422/1000000 ok=4991 err=431
saturation/turso-per-tenant/lms-balanced t=1 c=1000 rps=500 run=1: 6111/1000000 ok=5552 err=559
saturation/turso-per-tenant/lms-balanced t=1 c=1000 rps=500 run=1: 7016/1000000 ok=6371 err=645
saturation/turso-per-tenant/lms-balanced t=1 c=1000 rps=500 run=1: 7683/1000000 ok=6955 err=728
saturation/turso-per-tenant/lms-balanced t=1 c=1000 rps=500 run=1: 8255/1000000 ok=7399 err=856
saturation/turso-per-tenant/lms-balanced t=1 c=1000 rps=500 run=1: 9137/1000000 ok=8165 err=972
saturation/turso-per-tenant/lms-balanced t=1 c=1000 rps=500 run=1: 9811/1000000 ok=8765 err=1046
saturation/turso-per-tenant/lms-balanced t=1 c=1000 rps=500 run=1: 10521/1000000 ok=9351 err=1170
saturation/turso-per-tenant/lms-balanced t=1 c=1000 rps=500 run=1: 11241/1000000 ok=9959 err=1282
saturation/turso-per-tenant/lms-balanced t=1 c=1000 rps=500 run=1: 11403/1000000 ok=10017 err=1386
saturation/turso-per-tenant/lms-balanced t=1 c=1000 rps=500 run=1: 11439/1000000 ok=10017 err=1422
saturation/tursodb-per-tenant/lms-balanced t=1 c=1000 rps=500 run=1: 263/1000000 ok=262 err=1
saturation/tursodb-per-tenant/lms-balanced t=1 c=1000 rps=500 run=1: 770/1000000 ok=768 err=2
saturation/tursodb-per-tenant/lms-balanced t=1 c=1000 rps=500 run=1: 1227/1000000 ok=1169 err=58
saturation/tursodb-per-tenant/lms-balanced t=1 c=1000 rps=500 run=1: 1771/1000000 ok=1566 err=205
saturation/tursodb-per-tenant/lms-balanced t=1 c=1000 rps=500 run=1: 2347/1000000 ok=2009 err=338
saturation/tursodb-per-tenant/lms-balanced t=1 c=1000 rps=500 run=1: 2930/1000000 ok=2484 err=446
saturation/tursodb-per-tenant/lms-balanced t=1 c=1000 rps=500 run=1: 3443/1000000 ok=2893 err=550
saturation/tursodb-per-tenant/lms-balanced t=1 c=1000 rps=500 run=1: 3942/1000000 ok=3313 err=629
saturation/tursodb-per-tenant/lms-balanced t=1 c=1000 rps=500 run=1: 4407/1000000 ok=3694 err=713
saturation/tursodb-per-tenant/lms-balanced t=1 c=1000 rps=500 run=1: 4966/1000000 ok=4179 err=787
saturation/tursodb-per-tenant/lms-balanced t=1 c=1000 rps=500 run=1: 5509/1000000 ok=4659 err=850
saturation/tursodb-per-tenant/lms-balanced t=1 c=1000 rps=500 run=1: 5985/1000000 ok=5050 err=935
saturation/tursodb-per-tenant/lms-balanced t=1 c=1000 rps=500 run=1: 6481/1000000 ok=5477 err=1004
saturation/tursodb-per-tenant/lms-balanced t=1 c=1000 rps=500 run=1: 6946/1000000 ok=5861 err=1085
saturation/tursodb-per-tenant/lms-balanced t=1 c=1000 rps=500 run=1: 7446/1000000 ok=6265 err=1181
saturation/tursodb-per-tenant/lms-balanced t=1 c=1000 rps=500 run=1: 7871/1000000 ok=6545 err=1326
saturation/tursodb-per-tenant/lms-balanced t=1 c=1000 rps=500 run=1: 8280/1000000 ok=6585 err=1695
saturation/tursodb-per-tenant/lms-balanced t=1 c=1000 rps=500 run=1: 8397/1000000 ok=6585 err=1812
edge/d1-per-tenant/first-request-after-idle run=1 sample=1/1: idle 30000ms
edge/turso-per-tenant/first-request-after-idle run=1 sample=1/1: idle 30000ms
edge/tursodb-per-tenant/first-request-after-idle run=1 sample=1/1: idle 30000ms
edge/d1-per-tenant/first-request-after-idle run=1 sample=1/1: idle 30000ms
edge/turso-per-tenant/first-request-after-idle run=1 sample=1/1: idle 30000ms
edge/tursodb-per-tenant/first-request-after-idle run=1 sample=1/1: idle 30000ms
edge/d1-per-tenant/first-request-after-idle run=1 sample=1/1: idle 30000ms
edge/turso-per-tenant/first-request-after-idle run=1 sample=1/1: idle 30000ms
edge/tursodb-per-tenant/first-request-after-idle run=1 sample=1/1: idle 30000ms
edge/d1-per-tenant/first-request-after-idle run=1 sample=1/1: idle 30000ms
edge/turso-per-tenant/first-request-after-idle run=1 sample=1/1: idle 30000ms
edge/tursodb-per-tenant/first-request-after-idle run=1 sample=1/1: idle 30000ms
edge/d1-per-tenant/first-request-after-idle run=1 sample=1/1: idle 120000ms
edge/turso-per-tenant/first-request-after-idle run=1 sample=1/1: idle 120000ms
edge/tursodb-per-tenant/first-request-after-idle run=1 sample=1/1: idle 120000ms
edge/d1-per-tenant/first-request-after-idle run=1 sample=1/1: idle 120000ms
edge/turso-per-tenant/first-request-after-idle run=1 sample=1/1: idle 120000ms
edge/tursodb-per-tenant/first-request-after-idle run=1 sample=1/1: idle 120000ms
edge/d1-per-tenant/first-request-after-idle run=1 sample=1/1: idle 120000ms
edge/turso-per-tenant/first-request-after-idle run=1 sample=1/1: idle 120000ms
edge/tursodb-per-tenant/first-request-after-idle run=1 sample=1/1: idle 120000ms
edge/d1-per-tenant/first-request-after-idle run=1 sample=1/1: idle 120000ms
edge/turso-per-tenant/first-request-after-idle run=1 sample=1/1: idle 120000ms
edge/tursodb-per-tenant/first-request-after-idle run=1 sample=1/1: idle 120000ms
edge/d1-per-tenant/first-request-after-idle run=1 sample=1/1: idle 300000ms
edge/turso-per-tenant/first-request-after-idle run=1 sample=1/1: idle 300000ms
edge/tursodb-per-tenant/first-request-after-idle run=1 sample=1/1: idle 300000ms
edge/d1-per-tenant/first-request-after-idle run=1 sample=1/1: idle 300000ms
edge/turso-per-tenant/first-request-after-idle run=1 sample=1/1: idle 300000ms
edge/tursodb-per-tenant/first-request-after-idle run=1 sample=1/1: idle 300000ms
