seed set complete: turso-per-tenant, 30 isolated databases
seed set complete: d1-per-tenant, 30 isolated databases
seed tursodb-per-tenant/tenant-1
seed complete tursodb-per-tenant 30/30
seed set complete: tursodb-per-tenant, 30 isolated databases
Validating topology before measurement: 117 scenarios, runs=5
latency/d1-per-tenant/point-read t=1 c=1 rps=- run=1: 5/1000000 ok=5 err=0
latency/d1-per-tenant/point-read t=1 c=1 rps=- run=1: 19/1000000 ok=19 err=0
latency/d1-per-tenant/point-read t=1 c=1 rps=- run=1: 37/1000000 ok=37 err=0
latency/d1-per-tenant/point-read t=1 c=1 rps=- run=1: 55/1000000 ok=55 err=0
latency/d1-per-tenant/point-read t=1 c=1 rps=- run=1: 73/1000000 ok=73 err=0
latency/d1-per-tenant/point-read t=1 c=1 rps=- run=1: 91/1000000 ok=91 err=0
latency/d1-per-tenant/point-read t=1 c=1 rps=- run=1: 104/1000000 ok=104 err=0
latency/d1-per-tenant/point-read t=1 c=1 rps=- run=1: 112/1000000 ok=112 err=0
latency/d1-per-tenant/point-read t=1 c=1 rps=- run=1: 118/1000000 ok=118 err=0
latency/d1-per-tenant/point-read t=1 c=1 rps=- run=1: 123/1000000 ok=123 err=0
latency/d1-per-tenant/point-read t=1 c=1 rps=- run=1: 128/1000000 ok=128 err=0
latency/d1-per-tenant/point-read t=1 c=1 rps=- run=1: 138/1000000 ok=138 err=0
latency/d1-per-tenant/point-read t=1 c=1 rps=- run=1: 156/1000000 ok=156 err=0
latency/d1-per-tenant/point-read t=1 c=1 rps=- run=1: 168/1000000 ok=168 err=0
latency/turso-per-tenant/point-read t=1 c=1 rps=- run=1: 16/1000000 ok=16 err=0
latency/turso-per-tenant/point-read t=1 c=1 rps=- run=1: 31/1000000 ok=31 err=0
latency/turso-per-tenant/point-read t=1 c=1 rps=- run=1: 48/1000000 ok=48 err=0
latency/turso-per-tenant/point-read t=1 c=1 rps=- run=1: 64/1000000 ok=64 err=0
latency/turso-per-tenant/point-read t=1 c=1 rps=- run=1: 79/1000000 ok=79 err=0
latency/turso-per-tenant/point-read t=1 c=1 rps=- run=1: 88/1000000 ok=88 err=0
latency/turso-per-tenant/point-read t=1 c=1 rps=- run=1: 94/1000000 ok=94 err=0
latency/turso-per-tenant/point-read t=1 c=1 rps=- run=1: 99/1000000 ok=99 err=0
latency/turso-per-tenant/point-read t=1 c=1 rps=- run=1: 103/1000000 ok=103 err=0
latency/turso-per-tenant/point-read t=1 c=1 rps=- run=1: 107/1000000 ok=107 err=0
latency/turso-per-tenant/point-read t=1 c=1 rps=- run=1: 114/1000000 ok=114 err=0
latency/turso-per-tenant/point-read t=1 c=1 rps=- run=1: 129/1000000 ok=129 err=0
latency/turso-per-tenant/point-read t=1 c=1 rps=- run=1: 145/1000000 ok=145 err=0
latency/turso-per-tenant/point-read t=1 c=1 rps=- run=1: 161/1000000 ok=161 err=0
latency/turso-per-tenant/point-read t=1 c=1 rps=- run=1: 167/1000000 ok=167 err=0
latency/tursodb-per-tenant/point-read t=1 c=1 rps=- run=1: 15/1000000 ok=15 err=0
latency/tursodb-per-tenant/point-read t=1 c=1 rps=- run=1: 28/1000000 ok=28 err=0
latency/tursodb-per-tenant/point-read t=1 c=1 rps=- run=1: 36/1000000 ok=36 err=0
latency/tursodb-per-tenant/point-read t=1 c=1 rps=- run=1: 42/1000000 ok=42 err=0
latency/tursodb-per-tenant/point-read t=1 c=1 rps=- run=1: 47/1000000 ok=47 err=0
latency/tursodb-per-tenant/point-read t=1 c=1 rps=- run=1: 51/1000000 ok=51 err=0
latency/tursodb-per-tenant/point-read t=1 c=1 rps=- run=1: 56/1000000 ok=56 err=0
latency/tursodb-per-tenant/point-read t=1 c=1 rps=- run=1: 66/1000000 ok=66 err=0
latency/tursodb-per-tenant/point-read t=1 c=1 rps=- run=1: 80/1000000 ok=80 err=0
latency/tursodb-per-tenant/point-read t=1 c=1 rps=- run=1: 94/1000000 ok=94 err=0
latency/tursodb-per-tenant/point-read t=1 c=1 rps=- run=1: 109/1000000 ok=109 err=0
latency/tursodb-per-tenant/point-read t=1 c=1 rps=- run=1: 121/1000000 ok=121 err=0
latency/tursodb-per-tenant/point-read t=1 c=1 rps=- run=1: 128/1000000 ok=128 err=0
latency/tursodb-per-tenant/point-read t=1 c=1 rps=- run=1: 132/1000000 ok=132 err=0
mixed-lms/d1-per-tenant/lms-balanced t=1 c=1 rps=- run=1: 3/1000000 ok=3 err=0
mixed-lms/d1-per-tenant/lms-balanced t=1 c=1 rps=- run=1: 7/1000000 ok=7 err=0
mixed-lms/d1-per-tenant/lms-balanced t=1 c=1 rps=- run=1: 14/1000000 ok=14 err=0
mixed-lms/d1-per-tenant/lms-balanced t=1 c=1 rps=- run=1: 22/1000000 ok=22 err=0
mixed-lms/d1-per-tenant/lms-balanced t=1 c=1 rps=- run=1: 30/1000000 ok=30 err=0
mixed-lms/d1-per-tenant/lms-balanced t=1 c=1 rps=- run=1: 38/1000000 ok=38 err=0
mixed-lms/d1-per-tenant/lms-balanced t=1 c=1 rps=- run=1: 45/1000000 ok=45 err=0
mixed-lms/d1-per-tenant/lms-balanced t=1 c=1 rps=- run=1: 51/1000000 ok=51 err=0
mixed-lms/d1-per-tenant/lms-balanced t=1 c=1 rps=- run=1: 55/1000000 ok=55 err=0
mixed-lms/d1-per-tenant/lms-balanced t=1 c=1 rps=- run=1: 59/1000000 ok=59 err=0
mixed-lms/d1-per-tenant/lms-balanced t=1 c=1 rps=- run=1: 63/1000000 ok=63 err=0
mixed-lms/d1-per-tenant/lms-balanced t=1 c=1 rps=- run=1: 67/1000000 ok=67 err=0
mixed-lms/d1-per-tenant/lms-balanced t=1 c=1 rps=- run=1: 74/1000000 ok=74 err=0
mixed-lms/d1-per-tenant/lms-balanced t=1 c=1 rps=- run=1: 78/1000000 ok=78 err=0
mixed-lms/turso-per-tenant/lms-balanced t=1 c=1 rps=- run=1: 7/1000000 ok=7 err=0
mixed-lms/turso-per-tenant/lms-balanced t=1 c=1 rps=- run=1: 14/1000000 ok=14 err=0
mixed-lms/turso-per-tenant/lms-balanced t=1 c=1 rps=- run=1: 22/1000000 ok=22 err=0
mixed-lms/turso-per-tenant/lms-balanced t=1 c=1 rps=- run=1: 29/1000000 ok=29 err=0
mixed-lms/turso-per-tenant/lms-balanced t=1 c=1 rps=- run=1: 34/1000000 ok=34 err=0
mixed-lms/turso-per-tenant/lms-balanced t=1 c=1 rps=- run=1: 38/1000000 ok=38 err=0
mixed-lms/turso-per-tenant/lms-balanced t=1 c=1 rps=- run=1: 42/1000000 ok=42 err=0
mixed-lms/turso-per-tenant/lms-balanced t=1 c=1 rps=- run=1: 45/1000000 ok=45 err=0
mixed-lms/turso-per-tenant/lms-balanced t=1 c=1 rps=- run=1: 49/1000000 ok=49 err=0
mixed-lms/turso-per-tenant/lms-balanced t=1 c=1 rps=- run=1: 55/1000000 ok=55 err=0
mixed-lms/turso-per-tenant/lms-balanced t=1 c=1 rps=- run=1: 63/1000000 ok=63 err=0
mixed-lms/turso-per-tenant/lms-balanced t=1 c=1 rps=- run=1: 70/1000000 ok=70 err=0
mixed-lms/turso-per-tenant/lms-balanced t=1 c=1 rps=- run=1: 76/1000000 ok=76 err=0
mixed-lms/tursodb-per-tenant/lms-balanced t=1 c=1 rps=- run=1: 6/1000000 ok=6 err=0
mixed-lms/tursodb-per-tenant/lms-balanced t=1 c=1 rps=- run=1: 13/1000000 ok=13 err=0
mixed-lms/tursodb-per-tenant/lms-balanced t=1 c=1 rps=- run=1: 20/1000000 ok=20 err=0
mixed-lms/tursodb-per-tenant/lms-balanced t=1 c=1 rps=- run=1: 27/1000000 ok=27 err=0
mixed-lms/tursodb-per-tenant/lms-balanced t=1 c=1 rps=- run=1: 34/1000000 ok=34 err=0
mixed-lms/tursodb-per-tenant/lms-balanced t=1 c=1 rps=- run=1: 41/1000000 ok=41 err=0
mixed-lms/tursodb-per-tenant/lms-balanced t=1 c=1 rps=- run=1: 48/1000000 ok=48 err=0
mixed-lms/tursodb-per-tenant/lms-balanced t=1 c=1 rps=- run=1: 55/1000000 ok=54 err=1
mixed-lms/tursodb-per-tenant/lms-balanced t=1 c=1 rps=- run=1: 62/1000000 ok=61 err=1
mixed-lms/tursodb-per-tenant/lms-balanced t=1 c=1 rps=- run=1: 69/1000000 ok=68 err=1
mixed-lms/tursodb-per-tenant/lms-balanced t=1 c=1 rps=- run=1: 75/1000000 ok=74 err=1
mixed-lms/tursodb-per-tenant/lms-balanced t=1 c=1 rps=- run=1: 82/1000000 ok=80 err=2
mixed-lms/tursodb-per-tenant/lms-balanced t=1 c=1 rps=- run=1: 89/1000000 ok=86 err=3
mixed-lms/tursodb-per-tenant/lms-balanced t=1 c=1 rps=- run=1: 95/1000000 ok=92 err=3
mixed-lms/tursodb-per-tenant/lms-balanced t=1 c=1 rps=- run=1: 96/1000000 ok=93 err=3
mixed-lms/d1-per-tenant/lms-balanced t=1 c=10 rps=- run=1: 15/1000000 ok=15 err=0
mixed-lms/d1-per-tenant/lms-balanced t=1 c=10 rps=- run=1: 52/1000000 ok=52 err=0
mixed-lms/d1-per-tenant/lms-balanced t=1 c=10 rps=- run=1: 81/1000000 ok=81 err=0
mixed-lms/d1-per-tenant/lms-balanced t=1 c=10 rps=- run=1: 112/1000000 ok=112 err=0
mixed-lms/d1-per-tenant/lms-balanced t=1 c=10 rps=- run=1: 146/1000000 ok=146 err=0
mixed-lms/d1-per-tenant/lms-balanced t=1 c=10 rps=- run=1: 190/1000000 ok=190 err=0
mixed-lms/d1-per-tenant/lms-balanced t=1 c=10 rps=- run=1: 262/1000000 ok=262 err=0
mixed-lms/d1-per-tenant/lms-balanced t=1 c=10 rps=- run=1: 341/1000000 ok=341 err=0
mixed-lms/d1-per-tenant/lms-balanced t=1 c=10 rps=- run=1: 416/1000000 ok=416 err=0
mixed-lms/d1-per-tenant/lms-balanced t=1 c=10 rps=- run=1: 493/1000000 ok=493 err=0
mixed-lms/d1-per-tenant/lms-balanced t=1 c=10 rps=- run=1: 567/1000000 ok=567 err=0
mixed-lms/d1-per-tenant/lms-balanced t=1 c=10 rps=- run=1: 625/1000000 ok=625 err=0
mixed-lms/d1-per-tenant/lms-balanced t=1 c=10 rps=- run=1: 667/1000000 ok=667 err=0
mixed-lms/d1-per-tenant/lms-balanced t=1 c=10 rps=- run=1: 704/1000000 ok=704 err=0
mixed-lms/d1-per-tenant/lms-balanced t=1 c=10 rps=- run=1: 736/1000000 ok=736 err=0
mixed-lms/turso-per-tenant/lms-balanced t=1 c=10 rps=- run=1: 21/1000000 ok=21 err=0
mixed-lms/turso-per-tenant/lms-balanced t=1 c=10 rps=- run=1: 57/1000000 ok=57 err=0
mixed-lms/turso-per-tenant/lms-balanced t=1 c=10 rps=- run=1: 124/1000000 ok=124 err=0
mixed-lms/turso-per-tenant/lms-balanced t=1 c=10 rps=- run=1: 193/1000000 ok=193 err=0
mixed-lms/turso-per-tenant/lms-balanced t=1 c=10 rps=- run=1: 262/1000000 ok=262 err=0
mixed-lms/turso-per-tenant/lms-balanced t=1 c=10 rps=- run=1: 333/1000000 ok=333 err=0
mixed-lms/turso-per-tenant/lms-balanced t=1 c=10 rps=- run=1: 404/1000000 ok=404 err=0
mixed-lms/turso-per-tenant/lms-balanced t=1 c=10 rps=- run=1: 475/1000000 ok=475 err=0
mixed-lms/turso-per-tenant/lms-balanced t=1 c=10 rps=- run=1: 542/1000000 ok=542 err=0
mixed-lms/turso-per-tenant/lms-balanced t=1 c=10 rps=- run=1: 613/1000000 ok=613 err=0
mixed-lms/turso-per-tenant/lms-balanced t=1 c=10 rps=- run=1: 682/1000000 ok=682 err=0
mixed-lms/turso-per-tenant/lms-balanced t=1 c=10 rps=- run=1: 751/1000000 ok=751 err=0
mixed-lms/turso-per-tenant/lms-balanced t=1 c=10 rps=- run=1: 821/1000000 ok=821 err=0
mixed-lms/turso-per-tenant/lms-balanced t=1 c=10 rps=- run=1: 879/1000000 ok=879 err=0
mixed-lms/turso-per-tenant/lms-balanced t=1 c=10 rps=- run=1: 923/1000000 ok=923 err=0
mixed-lms/turso-per-tenant/lms-balanced t=1 c=10 rps=- run=1: 923/1000000 ok=923 err=0
mixed-lms/tursodb-per-tenant/lms-balanced t=1 c=10 rps=- run=1: 21/1000000 ok=21 err=0
mixed-lms/tursodb-per-tenant/lms-balanced t=1 c=10 rps=- run=1: 51/1000000 ok=51 err=0
mixed-lms/tursodb-per-tenant/lms-balanced t=1 c=10 rps=- run=1: 81/1000000 ok=78 err=3
mixed-lms/tursodb-per-tenant/lms-balanced t=1 c=10 rps=- run=1: 148/1000000 ok=145 err=3
mixed-lms/tursodb-per-tenant/lms-balanced t=1 c=10 rps=- run=1: 215/1000000 ok=211 err=4
mixed-lms/tursodb-per-tenant/lms-balanced t=1 c=10 rps=- run=1: 286/1000000 ok=281 err=5
mixed-lms/tursodb-per-tenant/lms-balanced t=1 c=10 rps=- run=1: 351/1000000 ok=346 err=5
mixed-lms/tursodb-per-tenant/lms-balanced t=1 c=10 rps=- run=1: 418/1000000 ok=413 err=5
mixed-lms/tursodb-per-tenant/lms-balanced t=1 c=10 rps=- run=1: 488/1000000 ok=482 err=6
mixed-lms/tursodb-per-tenant/lms-balanced t=1 c=10 rps=- run=1: 557/1000000 ok=550 err=7
mixed-lms/tursodb-per-tenant/lms-balanced t=1 c=10 rps=- run=1: 624/1000000 ok=613 err=11
mixed-lms/tursodb-per-tenant/lms-balanced t=1 c=10 rps=- run=1: 694/1000000 ok=681 err=13
mixed-lms/tursodb-per-tenant/lms-balanced t=1 c=10 rps=- run=1: 760/1000000 ok=746 err=14
mixed-lms/tursodb-per-tenant/lms-balanced t=1 c=10 rps=- run=1: 829/1000000 ok=813 err=16
mixed-lms/tursodb-per-tenant/lms-balanced t=1 c=10 rps=- run=1: 874/1000000 ok=857 err=17
mixed-lms/d1-per-tenant/lms-balanced t=1 c=25 rps=- run=1: 116/1000000 ok=116 err=0
mixed-lms/d1-per-tenant/lms-balanced t=1 c=25 rps=- run=1: 238/1000000 ok=238 err=0
mixed-lms/d1-per-tenant/lms-balanced t=1 c=25 rps=- run=1: 340/1000000 ok=340 err=0
mixed-lms/d1-per-tenant/lms-balanced t=1 c=25 rps=- run=1: 424/1000000 ok=424 err=0
mixed-lms/d1-per-tenant/lms-balanced t=1 c=25 rps=- run=1: 501/1000000 ok=501 err=0
mixed-lms/d1-per-tenant/lms-balanced t=1 c=25 rps=- run=1: 577/1000000 ok=577 err=0
mixed-lms/d1-per-tenant/lms-balanced t=1 c=25 rps=- run=1: 651/1000000 ok=651 err=0
mixed-lms/d1-per-tenant/lms-balanced t=1 c=25 rps=- run=1: 764/1000000 ok=764 err=0
mixed-lms/d1-per-tenant/lms-balanced t=1 c=25 rps=- run=1: 911/1000000 ok=911 err=0
mixed-lms/d1-per-tenant/lms-balanced t=1 c=25 rps=- run=1: 1065/1000000 ok=1065 err=0
mixed-lms/d1-per-tenant/lms-balanced t=1 c=25 rps=- run=1: 1223/1000000 ok=1223 err=0
mixed-lms/d1-per-tenant/lms-balanced t=1 c=25 rps=- run=1: 1386/1000000 ok=1386 err=0
mixed-lms/d1-per-tenant/lms-balanced t=1 c=25 rps=- run=1: 1518/1000000 ok=1518 err=0
mixed-lms/d1-per-tenant/lms-balanced t=1 c=25 rps=- run=1: 1671/1000000 ok=1671 err=0
mixed-lms/d1-per-tenant/lms-balanced t=1 c=25 rps=- run=1: 1789/1000000 ok=1789 err=0
mixed-lms/turso-per-tenant/lms-balanced t=1 c=25 rps=- run=1: 61/1000000 ok=61 err=0
mixed-lms/turso-per-tenant/lms-balanced t=1 c=25 rps=- run=1: 143/1000000 ok=143 err=0
mixed-lms/turso-per-tenant/lms-balanced t=1 c=25 rps=- run=1: 213/1000000 ok=213 err=0
mixed-lms/turso-per-tenant/lms-balanced t=1 c=25 rps=- run=1: 286/1000000 ok=286 err=0
mixed-lms/turso-per-tenant/lms-balanced t=1 c=25 rps=- run=1: 354/1000000 ok=354 err=0
mixed-lms/turso-per-tenant/lms-balanced t=1 c=25 rps=- run=1: 490/1000000 ok=490 err=0
mixed-lms/turso-per-tenant/lms-balanced t=1 c=25 rps=- run=1: 650/1000000 ok=650 err=0
mixed-lms/turso-per-tenant/lms-balanced t=1 c=25 rps=- run=1: 816/1000000 ok=816 err=0
mixed-lms/turso-per-tenant/lms-balanced t=1 c=25 rps=- run=1: 995/1000000 ok=995 err=0
mixed-lms/turso-per-tenant/lms-balanced t=1 c=25 rps=- run=1: 1156/1000000 ok=1156 err=0
mixed-lms/turso-per-tenant/lms-balanced t=1 c=25 rps=- run=1: 1280/1000000 ok=1280 err=0
mixed-lms/turso-per-tenant/lms-balanced t=1 c=25 rps=- run=1: 1393/1000000 ok=1393 err=0
mixed-lms/turso-per-tenant/lms-balanced t=1 c=25 rps=- run=1: 1478/1000000 ok=1478 err=0
mixed-lms/turso-per-tenant/lms-balanced t=1 c=25 rps=- run=1: 1551/1000000 ok=1551 err=0
mixed-lms/turso-per-tenant/lms-balanced t=1 c=25 rps=- run=1: 1631/1000000 ok=1631 err=0
mixed-lms/turso-per-tenant/lms-balanced t=1 c=25 rps=- run=1: 1647/1000000 ok=1647 err=0
mixed-lms/tursodb-per-tenant/lms-balanced t=1 c=25 rps=- run=1: 95/1000000 ok=92 err=3
mixed-lms/tursodb-per-tenant/lms-balanced t=1 c=25 rps=- run=1: 263/1000000 ok=258 err=5
mixed-lms/tursodb-per-tenant/lms-balanced t=1 c=25 rps=- run=1: 432/1000000 ok=426 err=6
mixed-lms/tursodb-per-tenant/lms-balanced t=1 c=25 rps=- run=1: 598/1000000 ok=587 err=11
mixed-lms/tursodb-per-tenant/lms-balanced t=1 c=25 rps=- run=1: 765/1000000 ok=750 err=15
mixed-lms/tursodb-per-tenant/lms-balanced t=1 c=25 rps=- run=1: 913/1000000 ok=896 err=17
mixed-lms/tursodb-per-tenant/lms-balanced t=1 c=25 rps=- run=1: 1081/1000000 ok=1062 err=19
mixed-lms/tursodb-per-tenant/lms-balanced t=1 c=25 rps=- run=1: 1218/1000000 ok=1196 err=22
mixed-lms/tursodb-per-tenant/lms-balanced t=1 c=25 rps=- run=1: 1299/1000000 ok=1277 err=22
mixed-lms/tursodb-per-tenant/lms-balanced t=1 c=25 rps=- run=1: 1372/1000000 ok=1347 err=25
mixed-lms/tursodb-per-tenant/lms-balanced t=1 c=25 rps=- run=1: 1441/1000000 ok=1416 err=25
mixed-lms/tursodb-per-tenant/lms-balanced t=1 c=25 rps=- run=1: 1513/1000000 ok=1487 err=26
mixed-lms/tursodb-per-tenant/lms-balanced t=1 c=25 rps=- run=1: 1581/1000000 ok=1552 err=29
mixed-lms/tursodb-per-tenant/lms-balanced t=1 c=25 rps=- run=1: 1646/1000000 ok=1616 err=30
mixed-lms/tursodb-per-tenant/lms-balanced t=1 c=25 rps=- run=1: 1737/1000000 ok=1705 err=32
mixed-lms/tursodb-per-tenant/lms-balanced t=1 c=25 rps=- run=1: 1746/1000000 ok=1714 err=32
mixed-lms/d1-per-tenant/lms-balanced t=1 c=50 rps=- run=1: 178/1000000 ok=178 err=0
mixed-lms/d1-per-tenant/lms-balanced t=1 c=50 rps=- run=1: 404/1000000 ok=404 err=0
mixed-lms/d1-per-tenant/lms-balanced t=1 c=50 rps=- run=1: 642/1000000 ok=642 err=0
mixed-lms/d1-per-tenant/lms-balanced t=1 c=50 rps=- run=1: 876/1000000 ok=876 err=0
mixed-lms/d1-per-tenant/lms-balanced t=1 c=50 rps=- run=1: 1085/1000000 ok=1085 err=0
mixed-lms/d1-per-tenant/lms-balanced t=1 c=50 rps=- run=1: 1294/1000000 ok=1294 err=0
mixed-lms/d1-per-tenant/lms-balanced t=1 c=50 rps=- run=1: 1507/1000000 ok=1507 err=0
mixed-lms/d1-per-tenant/lms-balanced t=1 c=50 rps=- run=1: 1730/1000000 ok=1730 err=0
mixed-lms/d1-per-tenant/lms-balanced t=1 c=50 rps=- run=1: 1936/1000000 ok=1936 err=0
mixed-lms/d1-per-tenant/lms-balanced t=1 c=50 rps=- run=1: 2159/1000000 ok=2159 err=0
mixed-lms/d1-per-tenant/lms-balanced t=1 c=50 rps=- run=1: 2385/1000000 ok=2385 err=0
mixed-lms/d1-per-tenant/lms-balanced t=1 c=50 rps=- run=1: 2603/1000000 ok=2603 err=0
mixed-lms/d1-per-tenant/lms-balanced t=1 c=50 rps=- run=1: 2865/1000000 ok=2865 err=0
mixed-lms/d1-per-tenant/lms-balanced t=1 c=50 rps=- run=1: 3091/1000000 ok=3091 err=0
mixed-lms/d1-per-tenant/lms-balanced t=1 c=50 rps=- run=1: 3263/1000000 ok=3263 err=0
mixed-lms/turso-per-tenant/lms-balanced t=1 c=50 rps=- run=1: 105/1000000 ok=105 err=0
mixed-lms/turso-per-tenant/lms-balanced t=1 c=50 rps=- run=1: 254/1000000 ok=254 err=0
mixed-lms/turso-per-tenant/lms-balanced t=1 c=50 rps=- run=1: 384/1000000 ok=384 err=0
mixed-lms/turso-per-tenant/lms-balanced t=1 c=50 rps=- run=1: 531/1000000 ok=531 err=0
mixed-lms/turso-per-tenant/lms-balanced t=1 c=50 rps=- run=1: 671/1000000 ok=671 err=0
mixed-lms/turso-per-tenant/lms-balanced t=1 c=50 rps=- run=1: 911/1000000 ok=911 err=0
mixed-lms/turso-per-tenant/lms-balanced t=1 c=50 rps=- run=1: 1242/1000000 ok=1242 err=0
mixed-lms/turso-per-tenant/lms-balanced t=1 c=50 rps=- run=1: 1579/1000000 ok=1579 err=0
mixed-lms/turso-per-tenant/lms-balanced t=1 c=50 rps=- run=1: 1898/1000000 ok=1898 err=0
mixed-lms/turso-per-tenant/lms-balanced t=1 c=50 rps=- run=1: 2223/1000000 ok=2223 err=0
mixed-lms/turso-per-tenant/lms-balanced t=1 c=50 rps=- run=1: 2513/1000000 ok=2513 err=0
mixed-lms/turso-per-tenant/lms-balanced t=1 c=50 rps=- run=1: 2839/1000000 ok=2839 err=0
mixed-lms/turso-per-tenant/lms-balanced t=1 c=50 rps=- run=1: 3171/1000000 ok=3171 err=0
mixed-lms/turso-per-tenant/lms-balanced t=1 c=50 rps=- run=1: 3509/1000000 ok=3509 err=0
mixed-lms/turso-per-tenant/lms-balanced t=1 c=50 rps=- run=1: 3853/1000000 ok=3853 err=0
mixed-lms/turso-per-tenant/lms-balanced t=1 c=50 rps=- run=1: 3884/1000000 ok=3884 err=0
mixed-lms/tursodb-per-tenant/lms-balanced t=1 c=50 rps=- run=1: 98/1000000 ok=95 err=3
mixed-lms/tursodb-per-tenant/lms-balanced t=1 c=50 rps=- run=1: 220/1000000 ok=216 err=4
mixed-lms/tursodb-per-tenant/lms-balanced t=1 c=50 rps=- run=1: 381/1000000 ok=376 err=5
mixed-lms/tursodb-per-tenant/lms-balanced t=1 c=50 rps=- run=1: 571/1000000 ok=562 err=9
mixed-lms/tursodb-per-tenant/lms-balanced t=1 c=50 rps=- run=1: 751/1000000 ok=737 err=14
mixed-lms/tursodb-per-tenant/lms-balanced t=1 c=50 rps=- run=1: 922/1000000 ok=905 err=17
mixed-lms/tursodb-per-tenant/lms-balanced t=1 c=50 rps=- run=1: 1140/1000000 ok=1120 err=20
mixed-lms/tursodb-per-tenant/lms-balanced t=1 c=50 rps=- run=1: 1426/1000000 ok=1402 err=24
mixed-lms/tursodb-per-tenant/lms-balanced t=1 c=50 rps=- run=1: 1702/1000000 ok=1671 err=31
mixed-lms/tursodb-per-tenant/lms-balanced t=1 c=50 rps=- run=1: 1979/1000000 ok=1944 err=35
mixed-lms/tursodb-per-tenant/lms-balanced t=1 c=50 rps=- run=1: 2237/1000000 ok=2194 err=43
mixed-lms/tursodb-per-tenant/lms-balanced t=1 c=50 rps=- run=1: 2522/1000000 ok=2473 err=49
mixed-lms/tursodb-per-tenant/lms-balanced t=1 c=50 rps=- run=1: 2813/1000000 ok=2758 err=55
mixed-lms/tursodb-per-tenant/lms-balanced t=1 c=50 rps=- run=1: 3071/1000000 ok=3010 err=61
mixed-lms/tursodb-per-tenant/lms-balanced t=1 c=50 rps=- run=1: 3284/1000000 ok=3219 err=65
mixed-lms/tursodb-per-tenant/lms-balanced t=1 c=50 rps=- run=1: 3307/1000000 ok=3242 err=65
mixed-lms/d1-per-tenant/lms-balanced t=1 c=100 rps=- run=1: 100/1000000 ok=100 err=0
mixed-lms/d1-per-tenant/lms-balanced t=1 c=100 rps=- run=1: 323/1000000 ok=323 err=0
mixed-lms/d1-per-tenant/lms-balanced t=1 c=100 rps=- run=1: 577/1000000 ok=577 err=0
mixed-lms/d1-per-tenant/lms-balanced t=1 c=100 rps=- run=1: 813/1000000 ok=813 err=0
mixed-lms/d1-per-tenant/lms-balanced t=1 c=100 rps=- run=1: 1116/1000000 ok=1116 err=0
mixed-lms/d1-per-tenant/lms-balanced t=1 c=100 rps=- run=1: 1397/1000000 ok=1397 err=0
mixed-lms/d1-per-tenant/lms-balanced t=1 c=100 rps=- run=1: 1703/1000000 ok=1703 err=0
mixed-lms/d1-per-tenant/lms-balanced t=1 c=100 rps=- run=1: 2004/1000000 ok=2004 err=0
mixed-lms/d1-per-tenant/lms-balanced t=1 c=100 rps=- run=1: 2278/1000000 ok=2278 err=0
mixed-lms/d1-per-tenant/lms-balanced t=1 c=100 rps=- run=1: 2548/1000000 ok=2548 err=0
mixed-lms/d1-per-tenant/lms-balanced t=1 c=100 rps=- run=1: 2796/1000000 ok=2796 err=0
mixed-lms/d1-per-tenant/lms-balanced t=1 c=100 rps=- run=1: 3029/1000000 ok=3029 err=0
mixed-lms/d1-per-tenant/lms-balanced t=1 c=100 rps=- run=1: 3263/1000000 ok=3263 err=0
mixed-lms/d1-per-tenant/lms-balanced t=1 c=100 rps=- run=1: 3499/1000000 ok=3499 err=0
mixed-lms/d1-per-tenant/lms-balanced t=1 c=100 rps=- run=1: 3742/1000000 ok=3742 err=0
mixed-lms/d1-per-tenant/lms-balanced t=1 c=100 rps=- run=1: 3799/1000000 ok=3799 err=0
mixed-lms/turso-per-tenant/lms-balanced t=1 c=100 rps=- run=1: 427/1000000 ok=427 err=0
mixed-lms/turso-per-tenant/lms-balanced t=1 c=100 rps=- run=1: 963/1000000 ok=963 err=0
mixed-lms/turso-per-tenant/lms-balanced t=1 c=100 rps=- run=1: 1478/1000000 ok=1478 err=0
mixed-lms/turso-per-tenant/lms-balanced t=1 c=100 rps=- run=1: 1998/1000000 ok=1998 err=0
mixed-lms/turso-per-tenant/lms-balanced t=1 c=100 rps=- run=1: 2536/1000000 ok=2536 err=0
mixed-lms/turso-per-tenant/lms-balanced t=1 c=100 rps=- run=1: 3050/1000000 ok=3050 err=0
mixed-lms/turso-per-tenant/lms-balanced t=1 c=100 rps=- run=1: 3606/1000000 ok=3606 err=0
mixed-lms/turso-per-tenant/lms-balanced t=1 c=100 rps=- run=1: 4106/1000000 ok=4106 err=0
mixed-lms/turso-per-tenant/lms-balanced t=1 c=100 rps=- run=1: 4562/1000000 ok=4562 err=0
mixed-lms/turso-per-tenant/lms-balanced t=1 c=100 rps=- run=1: 5041/1000000 ok=5041 err=0
mixed-lms/turso-per-tenant/lms-balanced t=1 c=100 rps=- run=1: 5524/1000000 ok=5524 err=0
mixed-lms/turso-per-tenant/lms-balanced t=1 c=100 rps=- run=1: 6019/1000000 ok=6019 err=0
mixed-lms/turso-per-tenant/lms-balanced t=1 c=100 rps=- run=1: 6377/1000000 ok=6377 err=0
mixed-lms/turso-per-tenant/lms-balanced t=1 c=100 rps=- run=1: 6866/1000000 ok=6866 err=0
mixed-lms/turso-per-tenant/lms-balanced t=1 c=100 rps=- run=1: 7359/1000000 ok=7359 err=0
mixed-lms/turso-per-tenant/lms-balanced t=1 c=100 rps=- run=1: 7397/1000000 ok=7397 err=0
mixed-lms/tursodb-per-tenant/lms-balanced t=1 c=100 rps=- run=1: 264/1000000 ok=261 err=3
mixed-lms/tursodb-per-tenant/lms-balanced t=1 c=100 rps=- run=1: 584/1000000 ok=579 err=5
mixed-lms/tursodb-per-tenant/lms-balanced t=1 c=100 rps=- run=1: 854/1000000 ok=842 err=12
mixed-lms/tursodb-per-tenant/lms-balanced t=1 c=100 rps=- run=1: 1150/1000000 ok=1133 err=17
mixed-lms/tursodb-per-tenant/lms-balanced t=1 c=100 rps=- run=1: 1392/1000000 ok=1374 err=18
mixed-lms/tursodb-per-tenant/lms-balanced t=1 c=100 rps=- run=1: 1660/1000000 ok=1637 err=23
mixed-lms/tursodb-per-tenant/lms-balanced t=1 c=100 rps=- run=1: 1945/1000000 ok=1915 err=30
mixed-lms/tursodb-per-tenant/lms-balanced t=1 c=100 rps=- run=1: 2217/1000000 ok=2184 err=33
mixed-lms/tursodb-per-tenant/lms-balanced t=1 c=100 rps=- run=1: 2500/1000000 ok=2458 err=42
mixed-lms/tursodb-per-tenant/lms-balanced t=1 c=100 rps=- run=1: 2800/1000000 ok=2751 err=49
mixed-lms/tursodb-per-tenant/lms-balanced t=1 c=100 rps=- run=1: 3084/1000000 ok=3030 err=54
mixed-lms/tursodb-per-tenant/lms-balanced t=1 c=100 rps=- run=1: 3365/1000000 ok=3306 err=59
mixed-lms/tursodb-per-tenant/lms-balanced t=1 c=100 rps=- run=1: 3627/1000000 ok=3563 err=64
mixed-lms/tursodb-per-tenant/lms-balanced t=1 c=100 rps=- run=1: 3912/1000000 ok=3842 err=70
mixed-lms/tursodb-per-tenant/lms-balanced t=1 c=100 rps=- run=1: 4197/1000000 ok=4118 err=79
mixed-lms/tursodb-per-tenant/lms-balanced t=1 c=100 rps=- run=1: 4258/1000000 ok=4177 err=81
mixed-lms/tursodb-per-tenant/lms-balanced t=1 c=100 rps=- run=1: 4272/1000000 ok=4189 err=83
mixed-lms/d1-per-tenant/lms-balanced t=1 c=200 rps=- run=1: 127/1000000 ok=127 err=0
mixed-lms/d1-per-tenant/lms-balanced t=1 c=200 rps=- run=1: 428/1000000 ok=428 err=0
mixed-lms/d1-per-tenant/lms-balanced t=1 c=200 rps=- run=1: 821/1000000 ok=821 err=0
mixed-lms/d1-per-tenant/lms-balanced t=1 c=200 rps=- run=1: 1131/1000000 ok=1131 err=0
mixed-lms/d1-per-tenant/lms-balanced t=1 c=200 rps=- run=1: 1395/1000000 ok=1395 err=0
mixed-lms/d1-per-tenant/lms-balanced t=1 c=200 rps=- run=1: 1720/1000000 ok=1720 err=0
mixed-lms/d1-per-tenant/lms-balanced t=1 c=200 rps=- run=1: 2003/1000000 ok=2003 err=0
mixed-lms/d1-per-tenant/lms-balanced t=1 c=200 rps=- run=1: 2277/1000000 ok=2277 err=0
mixed-lms/d1-per-tenant/lms-balanced t=1 c=200 rps=- run=1: 2568/1000000 ok=2568 err=0
mixed-lms/d1-per-tenant/lms-balanced t=1 c=200 rps=- run=1: 2917/1000000 ok=2917 err=0
mixed-lms/d1-per-tenant/lms-balanced t=1 c=200 rps=- run=1: 3228/1000000 ok=3228 err=0
mixed-lms/d1-per-tenant/lms-balanced t=1 c=200 rps=- run=1: 3480/1000000 ok=3480 err=0
mixed-lms/d1-per-tenant/lms-balanced t=1 c=200 rps=- run=1: 3822/1000000 ok=3822 err=0
mixed-lms/d1-per-tenant/lms-balanced t=1 c=200 rps=- run=1: 4128/1000000 ok=4128 err=0
mixed-lms/d1-per-tenant/lms-balanced t=1 c=200 rps=- run=1: 4377/1000000 ok=4377 err=0
mixed-lms/turso-per-tenant/lms-balanced t=1 c=200 rps=- run=1: 643/1000000 ok=643 err=0
mixed-lms/turso-per-tenant/lms-balanced t=1 c=200 rps=- run=1: 1416/1000000 ok=1416 err=0
mixed-lms/turso-per-tenant/lms-balanced t=1 c=200 rps=- run=1: 2050/1000000 ok=2050 err=0
mixed-lms/turso-per-tenant/lms-balanced t=1 c=200 rps=- run=1: 2657/1000000 ok=2657 err=0
mixed-lms/turso-per-tenant/lms-balanced t=1 c=200 rps=- run=1: 3201/1000000 ok=3201 err=0
mixed-lms/turso-per-tenant/lms-balanced t=1 c=200 rps=- run=1: 3675/1000000 ok=3675 err=0
mixed-lms/turso-per-tenant/lms-balanced t=1 c=200 rps=- run=1: 4189/1000000 ok=4189 err=0
mixed-lms/turso-per-tenant/lms-balanced t=1 c=200 rps=- run=1: 4817/1000000 ok=4817 err=0
mixed-lms/turso-per-tenant/lms-balanced t=1 c=200 rps=- run=1: 5508/1000000 ok=5508 err=0
mixed-lms/turso-per-tenant/lms-balanced t=1 c=200 rps=- run=1: 6119/1000000 ok=6119 err=0
mixed-lms/turso-per-tenant/lms-balanced t=1 c=200 rps=- run=1: 6751/1000000 ok=6751 err=0
mixed-lms/turso-per-tenant/lms-balanced t=1 c=200 rps=- run=1: 7339/1000000 ok=7339 err=0
mixed-lms/turso-per-tenant/lms-balanced t=1 c=200 rps=- run=1: 7928/1000000 ok=7928 err=0
mixed-lms/turso-per-tenant/lms-balanced t=1 c=200 rps=- run=1: 8379/1000000 ok=8379 err=0
mixed-lms/turso-per-tenant/lms-balanced t=1 c=200 rps=- run=1: 8964/1000000 ok=8964 err=0
mixed-lms/turso-per-tenant/lms-balanced t=1 c=200 rps=- run=1: 9144/1000000 ok=9144 err=0
mixed-lms/turso-per-tenant/lms-balanced t=1 c=200 rps=- run=1: 9151/1000000 ok=9151 err=0
mixed-lms/tursodb-per-tenant/lms-balanced t=1 c=200 rps=- run=1: 87/1000000 ok=85 err=2
mixed-lms/tursodb-per-tenant/lms-balanced t=1 c=200 rps=- run=1: 429/1000000 ok=425 err=4
mixed-lms/tursodb-per-tenant/lms-balanced t=1 c=200 rps=- run=1: 770/1000000 ok=760 err=10
mixed-lms/tursodb-per-tenant/lms-balanced t=1 c=200 rps=- run=1: 1034/1000000 ok=1019 err=15
mixed-lms/tursodb-per-tenant/lms-balanced t=1 c=200 rps=- run=1: 1282/1000000 ok=1254 err=28
mixed-lms/tursodb-per-tenant/lms-balanced t=1 c=200 rps=- run=1: 1506/1000000 ok=1439 err=67
mixed-lms/tursodb-per-tenant/lms-balanced t=1 c=200 rps=- run=1: 1758/1000000 ok=1654 err=104
mixed-lms/tursodb-per-tenant/lms-balanced t=1 c=200 rps=- run=1: 1984/1000000 ok=1843 err=141
mixed-lms/tursodb-per-tenant/lms-balanced t=1 c=200 rps=- run=1: 2211/1000000 ok=2031 err=180
mixed-lms/tursodb-per-tenant/lms-balanced t=1 c=200 rps=- run=1: 2482/1000000 ok=2266 err=216
mixed-lms/tursodb-per-tenant/lms-balanced t=1 c=200 rps=- run=1: 2693/1000000 ok=2444 err=249
mixed-lms/tursodb-per-tenant/lms-balanced t=1 c=200 rps=- run=1: 2938/1000000 ok=2652 err=286
mixed-lms/tursodb-per-tenant/lms-balanced t=1 c=200 rps=- run=1: 3150/1000000 ok=2826 err=324
mixed-lms/tursodb-per-tenant/lms-balanced t=1 c=200 rps=- run=1: 3417/1000000 ok=3057 err=360
mixed-lms/tursodb-per-tenant/lms-balanced t=1 c=200 rps=- run=1: 3726/1000000 ok=3332 err=394
mixed-lms/tursodb-per-tenant/lms-balanced t=1 c=200 rps=- run=1: 3825/1000000 ok=3397 err=428
mixed-lms/tursodb-per-tenant/lms-balanced t=1 c=200 rps=- run=1: 3879/1000000 ok=3403 err=476
mixed-lms/tursodb-per-tenant/lms-balanced t=1 c=200 rps=- run=1: 3893/1000000 ok=3403 err=490
writes/d1-per-tenant/update-progress t=1 c=1 rps=- run=1: 13/1000000 ok=13 err=0
writes/d1-per-tenant/update-progress t=1 c=1 rps=- run=1: 20/1000000 ok=20 err=0
writes/d1-per-tenant/update-progress t=1 c=1 rps=- run=1: 26/1000000 ok=26 err=0
writes/d1-per-tenant/update-progress t=1 c=1 rps=- run=1: 30/1000000 ok=30 err=0
writes/d1-per-tenant/update-progress t=1 c=1 rps=- run=1: 34/1000000 ok=34 err=0
writes/d1-per-tenant/update-progress t=1 c=1 rps=- run=1: 38/1000000 ok=38 err=0
writes/d1-per-tenant/update-progress t=1 c=1 rps=- run=1: 42/1000000 ok=42 err=0
writes/d1-per-tenant/update-progress t=1 c=1 rps=- run=1: 57/1000000 ok=57 err=0
writes/d1-per-tenant/update-progress t=1 c=1 rps=- run=1: 72/1000000 ok=72 err=0
writes/d1-per-tenant/update-progress t=1 c=1 rps=- run=1: 87/1000000 ok=87 err=0
writes/d1-per-tenant/update-progress t=1 c=1 rps=- run=1: 102/1000000 ok=102 err=0
writes/d1-per-tenant/update-progress t=1 c=1 rps=- run=1: 116/1000000 ok=116 err=0
writes/d1-per-tenant/update-progress t=1 c=1 rps=- run=1: 125/1000000 ok=125 err=0
writes/d1-per-tenant/update-progress t=1 c=1 rps=- run=1: 131/1000000 ok=131 err=0
writes/d1-per-tenant/update-progress t=1 c=1 rps=- run=1: 131/1000000 ok=131 err=0
writes/turso-per-tenant/update-progress t=1 c=1 rps=- run=1: 4/1000000 ok=4 err=0
writes/turso-per-tenant/update-progress t=1 c=1 rps=- run=1: 8/1000000 ok=8 err=0
writes/turso-per-tenant/update-progress t=1 c=1 rps=- run=1: 12/1000000 ok=12 err=0
writes/turso-per-tenant/update-progress t=1 c=1 rps=- run=1: 20/1000000 ok=20 err=0
writes/turso-per-tenant/update-progress t=1 c=1 rps=- run=1: 33/1000000 ok=33 err=0
writes/turso-per-tenant/update-progress t=1 c=1 rps=- run=1: 44/1000000 ok=44 err=0
writes/turso-per-tenant/update-progress t=1 c=1 rps=- run=1: 57/1000000 ok=57 err=0
writes/turso-per-tenant/update-progress t=1 c=1 rps=- run=1: 65/1000000 ok=65 err=0
writes/turso-per-tenant/update-progress t=1 c=1 rps=- run=1: 71/1000000 ok=71 err=0
writes/turso-per-tenant/update-progress t=1 c=1 rps=- run=1: 76/1000000 ok=76 err=0
writes/turso-per-tenant/update-progress t=1 c=1 rps=- run=1: 80/1000000 ok=80 err=0
writes/turso-per-tenant/update-progress t=1 c=1 rps=- run=1: 84/1000000 ok=84 err=0
writes/turso-per-tenant/update-progress t=1 c=1 rps=- run=1: 88/1000000 ok=88 err=0
writes/turso-per-tenant/update-progress t=1 c=1 rps=- run=1: 95/1000000 ok=95 err=0
writes/tursodb-per-tenant/update-progress t=1 c=1 rps=- run=1: 10/1000000 ok=7 err=3
writes/tursodb-per-tenant/update-progress t=1 c=1 rps=- run=1: 21/1000000 ok=13 err=8
writes/tursodb-per-tenant/update-progress t=1 c=1 rps=- run=1: 30/1000000 ok=21 err=9
writes/tursodb-per-tenant/update-progress t=1 c=1 rps=- run=1: 40/1000000 ok=27 err=13
writes/tursodb-per-tenant/update-progress t=1 c=1 rps=- run=1: 47/1000000 ok=34 err=13
writes/tursodb-per-tenant/update-progress t=1 c=1 rps=- run=1: 53/1000000 ok=39 err=14
writes/tursodb-per-tenant/update-progress t=1 c=1 rps=- run=1: 58/1000000 ok=43 err=15
writes/tursodb-per-tenant/update-progress t=1 c=1 rps=- run=1: 62/1000000 ok=47 err=15
writes/tursodb-per-tenant/update-progress t=1 c=1 rps=- run=1: 65/1000000 ok=50 err=15
writes/tursodb-per-tenant/update-progress t=1 c=1 rps=- run=1: 68/1000000 ok=52 err=16
writes/tursodb-per-tenant/update-progress t=1 c=1 rps=- run=1: 76/1000000 ok=59 err=17
writes/tursodb-per-tenant/update-progress t=1 c=1 rps=- run=1: 85/1000000 ok=66 err=19
writes/tursodb-per-tenant/update-progress t=1 c=1 rps=- run=1: 94/1000000 ok=72 err=22
writes/tursodb-per-tenant/update-progress t=1 c=1 rps=- run=1: 101/1000000 ok=78 err=23
writes/d1-per-tenant/update-progress t=1 c=10 rps=- run=1: 126/1000000 ok=126 err=0
writes/d1-per-tenant/update-progress t=1 c=10 rps=- run=1: 256/1000000 ok=256 err=0
writes/d1-per-tenant/update-progress t=1 c=10 rps=- run=1: 380/1000000 ok=380 err=0
writes/d1-per-tenant/update-progress t=1 c=10 rps=- run=1: 509/1000000 ok=509 err=0
writes/d1-per-tenant/update-progress t=1 c=10 rps=- run=1: 625/1000000 ok=625 err=0
writes/d1-per-tenant/update-progress t=1 c=10 rps=- run=1: 731/1000000 ok=731 err=0
writes/d1-per-tenant/update-progress t=1 c=10 rps=- run=1: 868/1000000 ok=868 err=0
writes/d1-per-tenant/update-progress t=1 c=10 rps=- run=1: 977/1000000 ok=977 err=0
writes/d1-per-tenant/update-progress t=1 c=10 rps=- run=1: 1041/1000000 ok=1041 err=0
writes/d1-per-tenant/update-progress t=1 c=10 rps=- run=1: 1090/1000000 ok=1090 err=0
writes/d1-per-tenant/update-progress t=1 c=10 rps=- run=1: 1126/1000000 ok=1126 err=0
writes/d1-per-tenant/update-progress t=1 c=10 rps=- run=1: 1164/1000000 ok=1164 err=0
writes/d1-per-tenant/update-progress t=1 c=10 rps=- run=1: 1202/1000000 ok=1202 err=0
writes/d1-per-tenant/update-progress t=1 c=10 rps=- run=1: 1238/1000000 ok=1238 err=0
writes/d1-per-tenant/update-progress t=1 c=10 rps=- run=1: 1297/1000000 ok=1297 err=0
writes/turso-per-tenant/update-progress t=1 c=10 rps=- run=1: 73/1000000 ok=73 err=0
writes/turso-per-tenant/update-progress t=1 c=10 rps=- run=1: 150/1000000 ok=150 err=0
writes/turso-per-tenant/update-progress t=1 c=10 rps=- run=1: 233/1000000 ok=233 err=0
writes/turso-per-tenant/update-progress t=1 c=10 rps=- run=1: 312/1000000 ok=312 err=0
writes/turso-per-tenant/update-progress t=1 c=10 rps=- run=1: 394/1000000 ok=394 err=0
writes/turso-per-tenant/update-progress t=1 c=10 rps=- run=1: 466/1000000 ok=466 err=0
writes/turso-per-tenant/update-progress t=1 c=10 rps=- run=1: 549/1000000 ok=549 err=0
writes/turso-per-tenant/update-progress t=1 c=10 rps=- run=1: 629/1000000 ok=629 err=0
writes/turso-per-tenant/update-progress t=1 c=10 rps=- run=1: 712/1000000 ok=712 err=0
writes/turso-per-tenant/update-progress t=1 c=10 rps=- run=1: 793/1000000 ok=793 err=0
writes/turso-per-tenant/update-progress t=1 c=10 rps=- run=1: 860/1000000 ok=860 err=0
writes/turso-per-tenant/update-progress t=1 c=10 rps=- run=1: 913/1000000 ok=913 err=0
writes/turso-per-tenant/update-progress t=1 c=10 rps=- run=1: 950/1000000 ok=950 err=0
writes/turso-per-tenant/update-progress t=1 c=10 rps=- run=1: 984/1000000 ok=984 err=0
writes/turso-per-tenant/update-progress t=1 c=10 rps=- run=1: 1021/1000000 ok=1021 err=0
writes/turso-per-tenant/update-progress t=1 c=10 rps=- run=1: 1024/1000000 ok=1024 err=0
writes/tursodb-per-tenant/update-progress t=1 c=10 rps=- run=1: 41/1000000 ok=28 err=13
writes/tursodb-per-tenant/update-progress t=1 c=10 rps=- run=1: 83/1000000 ok=64 err=19
writes/tursodb-per-tenant/update-progress t=1 c=10 rps=- run=1: 122/1000000 ok=94 err=28
writes/tursodb-per-tenant/update-progress t=1 c=10 rps=- run=1: 159/1000000 ok=125 err=34
writes/tursodb-per-tenant/update-progress t=1 c=10 rps=- run=1: 195/1000000 ok=151 err=44
writes/tursodb-per-tenant/update-progress t=1 c=10 rps=- run=1: 233/1000000 ok=181 err=52
writes/tursodb-per-tenant/update-progress t=1 c=10 rps=- run=1: 275/1000000 ok=212 err=63
writes/tursodb-per-tenant/update-progress t=1 c=10 rps=- run=1: 303/1000000 ok=235 err=68
writes/tursodb-per-tenant/update-progress t=1 c=10 rps=- run=1: 336/1000000 ok=262 err=74
writes/tursodb-per-tenant/update-progress t=1 c=10 rps=- run=1: 363/1000000 ok=284 err=79
writes/tursodb-per-tenant/update-progress t=1 c=10 rps=- run=1: 391/1000000 ok=305 err=86
writes/tursodb-per-tenant/update-progress t=1 c=10 rps=- run=1: 416/1000000 ok=327 err=89
writes/tursodb-per-tenant/update-progress t=1 c=10 rps=- run=1: 444/1000000 ok=348 err=96
writes/tursodb-per-tenant/update-progress t=1 c=10 rps=- run=1: 471/1000000 ok=370 err=101
writes/tursodb-per-tenant/update-progress t=1 c=10 rps=- run=1: 507/1000000 ok=398 err=109
writes/tursodb-per-tenant/update-progress t=1 c=10 rps=- run=1: 508/1000000 ok=399 err=109
writes/d1-per-tenant/update-progress t=1 c=50 rps=- run=1: 512/1000000 ok=512 err=0
writes/d1-per-tenant/update-progress t=1 c=50 rps=- run=1: 990/1000000 ok=990 err=0
writes/d1-per-tenant/update-progress t=1 c=50 rps=- run=1: 1407/1000000 ok=1407 err=0
writes/d1-per-tenant/update-progress t=1 c=50 rps=- run=1: 1683/1000000 ok=1683 err=0
writes/d1-per-tenant/update-progress t=1 c=50 rps=- run=1: 1933/1000000 ok=1933 err=0
writes/d1-per-tenant/update-progress t=1 c=50 rps=- run=1: 2192/1000000 ok=2192 err=0
writes/d1-per-tenant/update-progress t=1 c=50 rps=- run=1: 2442/1000000 ok=2442 err=0
writes/d1-per-tenant/update-progress t=1 c=50 rps=- run=1: 2692/1000000 ok=2692 err=0
writes/d1-per-tenant/update-progress t=1 c=50 rps=- run=1: 2898/1000000 ok=2898 err=0
writes/d1-per-tenant/update-progress t=1 c=50 rps=- run=1: 3125/1000000 ok=3125 err=0
writes/d1-per-tenant/update-progress t=1 c=50 rps=- run=1: 3352/1000000 ok=3352 err=0
writes/d1-per-tenant/update-progress t=1 c=50 rps=- run=1: 3869/1000000 ok=3869 err=0
writes/d1-per-tenant/update-progress t=1 c=50 rps=- run=1: 4452/1000000 ok=4452 err=0
writes/d1-per-tenant/update-progress t=1 c=50 rps=- run=1: 4915/1000000 ok=4915 err=0
writes/d1-per-tenant/update-progress t=1 c=50 rps=- run=1: 5438/1000000 ok=5438 err=0
writes/turso-per-tenant/update-progress t=1 c=50 rps=- run=1: 44/1000000 ok=44 err=0
writes/turso-per-tenant/update-progress t=1 c=50 rps=- run=1: 112/1000000 ok=112 err=0
writes/turso-per-tenant/update-progress t=1 c=50 rps=- run=1: 185/1000000 ok=185 err=0
writes/turso-per-tenant/update-progress t=1 c=50 rps=- run=1: 252/1000000 ok=252 err=0
writes/turso-per-tenant/update-progress t=1 c=50 rps=- run=1: 337/1000000 ok=337 err=0
writes/turso-per-tenant/update-progress t=1 c=50 rps=- run=1: 421/1000000 ok=421 err=0
writes/turso-per-tenant/update-progress t=1 c=50 rps=- run=1: 496/1000000 ok=496 err=0
writes/turso-per-tenant/update-progress t=1 c=50 rps=- run=1: 572/1000000 ok=572 err=0
writes/turso-per-tenant/update-progress t=1 c=50 rps=- run=1: 649/1000000 ok=649 err=0
writes/turso-per-tenant/update-progress t=1 c=50 rps=- run=1: 728/1000000 ok=728 err=0
writes/turso-per-tenant/update-progress t=1 c=50 rps=- run=1: 808/1000000 ok=808 err=0
writes/turso-per-tenant/update-progress t=1 c=50 rps=- run=1: 892/1000000 ok=892 err=0
writes/turso-per-tenant/update-progress t=1 c=50 rps=- run=1: 973/1000000 ok=973 err=0
writes/turso-per-tenant/update-progress t=1 c=50 rps=- run=1: 1042/1000000 ok=1042 err=0
writes/turso-per-tenant/update-progress t=1 c=50 rps=- run=1: 1112/1000000 ok=1112 err=0
writes/turso-per-tenant/update-progress t=1 c=50 rps=- run=1: 1153/1000000 ok=1153 err=0
writes/tursodb-per-tenant/update-progress t=1 c=50 rps=- run=1: 57/1000000 ok=42 err=15
writes/tursodb-per-tenant/update-progress t=1 c=50 rps=- run=1: 119/1000000 ok=92 err=27
writes/tursodb-per-tenant/update-progress t=1 c=50 rps=- run=1: 183/1000000 ok=144 err=39
writes/tursodb-per-tenant/update-progress t=1 c=50 rps=- run=1: 229/1000000 ok=178 err=51
writes/tursodb-per-tenant/update-progress t=1 c=50 rps=- run=1: 263/1000000 ok=202 err=61
writes/tursodb-per-tenant/update-progress t=1 c=50 rps=- run=1: 288/1000000 ok=224 err=64
writes/tursodb-per-tenant/update-progress t=1 c=50 rps=- run=1: 319/1000000 ok=248 err=71
writes/tursodb-per-tenant/update-progress t=1 c=50 rps=- run=1: 350/1000000 ok=272 err=78
writes/tursodb-per-tenant/update-progress t=1 c=50 rps=- run=1: 383/1000000 ok=298 err=85
writes/tursodb-per-tenant/update-progress t=1 c=50 rps=- run=1: 422/1000000 ok=330 err=92
writes/tursodb-per-tenant/update-progress t=1 c=50 rps=- run=1: 455/1000000 ok=357 err=98
writes/tursodb-per-tenant/update-progress t=1 c=50 rps=- run=1: 483/1000000 ok=381 err=102
writes/tursodb-per-tenant/update-progress t=1 c=50 rps=- run=1: 522/1000000 ok=409 err=113
writes/tursodb-per-tenant/update-progress t=1 c=50 rps=- run=1: 557/1000000 ok=434 err=123
writes/tursodb-per-tenant/update-progress t=1 c=50 rps=- run=1: 585/1000000 ok=456 err=129
writes/tursodb-per-tenant/update-progress t=1 c=50 rps=- run=1: 608/1000000 ok=473 err=135
writes/tursodb-per-tenant/update-progress t=1 c=50 rps=- run=1: 621/1000000 ok=481 err=140
writes/d1-per-tenant/update-progress t=1 c=100 rps=- run=1: 522/1000000 ok=522 err=0
writes/d1-per-tenant/update-progress t=1 c=100 rps=- run=1: 1062/1000000 ok=1062 err=0
writes/d1-per-tenant/update-progress t=1 c=100 rps=- run=1: 1482/1000000 ok=1482 err=0
writes/d1-per-tenant/update-progress t=1 c=100 rps=- run=1: 1878/1000000 ok=1878 err=0
writes/d1-per-tenant/update-progress t=1 c=100 rps=- run=1: 2194/1000000 ok=2194 err=0
writes/d1-per-tenant/update-progress t=1 c=100 rps=- run=1: 2511/1000000 ok=2511 err=0
writes/d1-per-tenant/update-progress t=1 c=100 rps=- run=1: 2846/1000000 ok=2846 err=0
writes/d1-per-tenant/update-progress t=1 c=100 rps=- run=1: 3228/1000000 ok=3228 err=0
writes/d1-per-tenant/update-progress t=1 c=100 rps=- run=1: 3600/1000000 ok=3600 err=0
writes/d1-per-tenant/update-progress t=1 c=100 rps=- run=1: 4144/1000000 ok=4144 err=0
writes/d1-per-tenant/update-progress t=1 c=100 rps=- run=1: 4758/1000000 ok=4758 err=0
writes/d1-per-tenant/update-progress t=1 c=100 rps=- run=1: 5463/1000000 ok=5463 err=0
writes/d1-per-tenant/update-progress t=1 c=100 rps=- run=1: 6142/1000000 ok=6142 err=0
writes/d1-per-tenant/update-progress t=1 c=100 rps=- run=1: 6793/1000000 ok=6793 err=0
writes/d1-per-tenant/update-progress t=1 c=100 rps=- run=1: 7354/1000000 ok=7354 err=0
writes/d1-per-tenant/update-progress t=1 c=100 rps=- run=1: 7420/1000000 ok=7420 err=0
writes/turso-per-tenant/update-progress t=1 c=100 rps=- run=1: 69/1000000 ok=69 err=0
writes/turso-per-tenant/update-progress t=1 c=100 rps=- run=1: 144/1000000 ok=144 err=0
writes/turso-per-tenant/update-progress t=1 c=100 rps=- run=1: 232/1000000 ok=232 err=0
writes/turso-per-tenant/update-progress t=1 c=100 rps=- run=1: 327/1000000 ok=327 err=0
writes/turso-per-tenant/update-progress t=1 c=100 rps=- run=1: 416/1000000 ok=416 err=0
writes/turso-per-tenant/update-progress t=1 c=100 rps=- run=1: 502/1000000 ok=501 err=1
writes/turso-per-tenant/update-progress t=1 c=100 rps=- run=1: 589/1000000 ok=588 err=1
writes/turso-per-tenant/update-progress t=1 c=100 rps=- run=1: 673/1000000 ok=672 err=1
writes/turso-per-tenant/update-progress t=1 c=100 rps=- run=1: 764/1000000 ok=763 err=1
writes/turso-per-tenant/update-progress t=1 c=100 rps=- run=1: 851/1000000 ok=850 err=1
writes/turso-per-tenant/update-progress t=1 c=100 rps=- run=1: 946/1000000 ok=945 err=1
writes/turso-per-tenant/update-progress t=1 c=100 rps=- run=1: 1030/1000000 ok=1029 err=1
writes/turso-per-tenant/update-progress t=1 c=100 rps=- run=1: 1105/1000000 ok=1104 err=1
writes/turso-per-tenant/update-progress t=1 c=100 rps=- run=1: 1183/1000000 ok=1182 err=1
writes/turso-per-tenant/update-progress t=1 c=100 rps=- run=1: 1244/1000000 ok=1242 err=2
writes/turso-per-tenant/update-progress t=1 c=100 rps=- run=1: 1312/1000000 ok=1310 err=2
writes/turso-per-tenant/update-progress t=1 c=100 rps=- run=1: 1336/1000000 ok=1334 err=2
writes/tursodb-per-tenant/update-progress t=1 c=100 rps=- run=1: 24/1000000 ok=16 err=8
writes/tursodb-per-tenant/update-progress t=1 c=100 rps=- run=1: 59/1000000 ok=44 err=15
writes/tursodb-per-tenant/update-progress t=1 c=100 rps=- run=1: 129/1000000 ok=66 err=63
writes/tursodb-per-tenant/update-progress t=1 c=100 rps=- run=1: 180/1000000 ok=102 err=78
writes/tursodb-per-tenant/update-progress t=1 c=100 rps=- run=1: 231/1000000 ok=135 err=96
writes/tursodb-per-tenant/update-progress t=1 c=100 rps=- run=1: 283/1000000 ok=167 err=116
writes/tursodb-per-tenant/update-progress t=1 c=100 rps=- run=1: 327/1000000 ok=194 err=133
writes/tursodb-per-tenant/update-progress t=1 c=100 rps=- run=1: 378/1000000 ok=226 err=152
writes/tursodb-per-tenant/update-progress t=1 c=100 rps=- run=1: 431/1000000 ok=258 err=173
writes/tursodb-per-tenant/update-progress t=1 c=100 rps=- run=1: 479/1000000 ok=285 err=194
writes/tursodb-per-tenant/update-progress t=1 c=100 rps=- run=1: 532/1000000 ok=318 err=214
writes/tursodb-per-tenant/update-progress t=1 c=100 rps=- run=1: 585/1000000 ok=346 err=239
writes/tursodb-per-tenant/update-progress t=1 c=100 rps=- run=1: 635/1000000 ok=378 err=257
writes/tursodb-per-tenant/update-progress t=1 c=100 rps=- run=1: 685/1000000 ok=412 err=273
writes/tursodb-per-tenant/update-progress t=1 c=100 rps=- run=1: 733/1000000 ok=440 err=293
writes/tursodb-per-tenant/update-progress t=1 c=100 rps=- run=1: 776/1000000 ok=459 err=317
writes/tursodb-per-tenant/update-progress t=1 c=100 rps=- run=1: 814/1000000 ok=467 err=347
writes/tursodb-per-tenant/update-progress t=1 c=100 rps=- run=1: 815/1000000 ok=467 err=348
writes/d1-per-tenant/submit-quiz-answer t=1 c=1 rps=- run=1: 10/1000000 ok=10 err=0
writes/d1-per-tenant/submit-quiz-answer t=1 c=1 rps=- run=1: 21/1000000 ok=21 err=0
writes/d1-per-tenant/submit-quiz-answer t=1 c=1 rps=- run=1: 31/1000000 ok=31 err=0
writes/d1-per-tenant/submit-quiz-answer t=1 c=1 rps=- run=1: 41/1000000 ok=41 err=0
writes/d1-per-tenant/submit-quiz-answer t=1 c=1 rps=- run=1: 51/1000000 ok=51 err=0
writes/d1-per-tenant/submit-quiz-answer t=1 c=1 rps=- run=1: 61/1000000 ok=61 err=0
writes/d1-per-tenant/submit-quiz-answer t=1 c=1 rps=- run=1: 71/1000000 ok=71 err=0
writes/d1-per-tenant/submit-quiz-answer t=1 c=1 rps=- run=1: 81/1000000 ok=81 err=0
writes/d1-per-tenant/submit-quiz-answer t=1 c=1 rps=- run=1: 91/1000000 ok=91 err=0
writes/d1-per-tenant/submit-quiz-answer t=1 c=1 rps=- run=1: 101/1000000 ok=101 err=0
writes/d1-per-tenant/submit-quiz-answer t=1 c=1 rps=- run=1: 108/1000000 ok=108 err=0
writes/d1-per-tenant/submit-quiz-answer t=1 c=1 rps=- run=1: 114/1000000 ok=114 err=0
writes/d1-per-tenant/submit-quiz-answer t=1 c=1 rps=- run=1: 119/1000000 ok=119 err=0
writes/d1-per-tenant/submit-quiz-answer t=1 c=1 rps=- run=1: 122/1000000 ok=122 err=0
writes/d1-per-tenant/submit-quiz-answer t=1 c=1 rps=- run=1: 122/1000000 ok=122 err=0
writes/turso-per-tenant/submit-quiz-answer t=1 c=1 rps=- run=1: 4/1000000 ok=4 err=0
writes/turso-per-tenant/submit-quiz-answer t=1 c=1 rps=- run=1: 13/1000000 ok=13 err=0
writes/turso-per-tenant/submit-quiz-answer t=1 c=1 rps=- run=1: 22/1000000 ok=22 err=0
writes/turso-per-tenant/submit-quiz-answer t=1 c=1 rps=- run=1: 32/1000000 ok=32 err=0
writes/turso-per-tenant/submit-quiz-answer t=1 c=1 rps=- run=1: 41/1000000 ok=41 err=0
writes/turso-per-tenant/submit-quiz-answer t=1 c=1 rps=- run=1: 50/1000000 ok=50 err=0
writes/turso-per-tenant/submit-quiz-answer t=1 c=1 rps=- run=1: 60/1000000 ok=60 err=0
writes/turso-per-tenant/submit-quiz-answer t=1 c=1 rps=- run=1: 69/1000000 ok=69 err=0
writes/turso-per-tenant/submit-quiz-answer t=1 c=1 rps=- run=1: 78/1000000 ok=78 err=0
writes/turso-per-tenant/submit-quiz-answer t=1 c=1 rps=- run=1: 85/1000000 ok=85 err=0
writes/turso-per-tenant/submit-quiz-answer t=1 c=1 rps=- run=1: 90/1000000 ok=90 err=0
writes/turso-per-tenant/submit-quiz-answer t=1 c=1 rps=- run=1: 94/1000000 ok=94 err=0
writes/turso-per-tenant/submit-quiz-answer t=1 c=1 rps=- run=1: 98/1000000 ok=98 err=0
writes/turso-per-tenant/submit-quiz-answer t=1 c=1 rps=- run=1: 101/1000000 ok=101 err=0
writes/turso-per-tenant/submit-quiz-answer t=1 c=1 rps=- run=1: 102/1000000 ok=102 err=0
writes/tursodb-per-tenant/submit-quiz-answer t=1 c=1 rps=- run=1: 5/1000000 ok=5 err=0
writes/tursodb-per-tenant/submit-quiz-answer t=1 c=1 rps=- run=1: 12/1000000 ok=12 err=0
writes/tursodb-per-tenant/submit-quiz-answer t=1 c=1 rps=- run=1: 18/1000000 ok=18 err=0
writes/tursodb-per-tenant/submit-quiz-answer t=1 c=1 rps=- run=1: 25/1000000 ok=25 err=0
writes/tursodb-per-tenant/submit-quiz-answer t=1 c=1 rps=- run=1: 31/1000000 ok=31 err=0
writes/tursodb-per-tenant/submit-quiz-answer t=1 c=1 rps=- run=1: 37/1000000 ok=37 err=0
writes/tursodb-per-tenant/submit-quiz-answer t=1 c=1 rps=- run=1: 41/1000000 ok=41 err=0
writes/tursodb-per-tenant/submit-quiz-answer t=1 c=1 rps=- run=1: 44/1000000 ok=44 err=0
writes/tursodb-per-tenant/submit-quiz-answer t=1 c=1 rps=- run=1: 47/1000000 ok=47 err=0
writes/tursodb-per-tenant/submit-quiz-answer t=1 c=1 rps=- run=1: 50/1000000 ok=50 err=0
writes/tursodb-per-tenant/submit-quiz-answer t=1 c=1 rps=- run=1: 53/1000000 ok=53 err=0
writes/tursodb-per-tenant/submit-quiz-answer t=1 c=1 rps=- run=1: 56/1000000 ok=56 err=0
writes/tursodb-per-tenant/submit-quiz-answer t=1 c=1 rps=- run=1: 61/1000000 ok=61 err=0
writes/tursodb-per-tenant/submit-quiz-answer t=1 c=1 rps=- run=1: 63/1000000 ok=63 err=0
writes/d1-per-tenant/submit-quiz-answer t=1 c=10 rps=- run=1: 76/1000000 ok=76 err=0
writes/d1-per-tenant/submit-quiz-answer t=1 c=10 rps=- run=1: 161/1000000 ok=161 err=0
writes/d1-per-tenant/submit-quiz-answer t=1 c=10 rps=- run=1: 251/1000000 ok=251 err=0
writes/d1-per-tenant/submit-quiz-answer t=1 c=10 rps=- run=1: 332/1000000 ok=332 err=0
writes/d1-per-tenant/submit-quiz-answer t=1 c=10 rps=- run=1: 416/1000000 ok=416 err=0
writes/d1-per-tenant/submit-quiz-answer t=1 c=10 rps=- run=1: 501/1000000 ok=501 err=0
writes/d1-per-tenant/submit-quiz-answer t=1 c=10 rps=- run=1: 591/1000000 ok=591 err=0
writes/d1-per-tenant/submit-quiz-answer t=1 c=10 rps=- run=1: 676/1000000 ok=676 err=0
writes/d1-per-tenant/submit-quiz-answer t=1 c=10 rps=- run=1: 761/1000000 ok=761 err=0
writes/d1-per-tenant/submit-quiz-answer t=1 c=10 rps=- run=1: 844/1000000 ok=844 err=0
writes/d1-per-tenant/submit-quiz-answer t=1 c=10 rps=- run=1: 930/1000000 ok=930 err=0
writes/d1-per-tenant/submit-quiz-answer t=1 c=10 rps=- run=1: 1018/1000000 ok=1018 err=0
writes/d1-per-tenant/submit-quiz-answer t=1 c=10 rps=- run=1: 1099/1000000 ok=1099 err=0
writes/d1-per-tenant/submit-quiz-answer t=1 c=10 rps=- run=1: 1186/1000000 ok=1186 err=0
writes/d1-per-tenant/submit-quiz-answer t=1 c=10 rps=- run=1: 1259/1000000 ok=1259 err=0
writes/turso-per-tenant/submit-quiz-answer t=1 c=10 rps=- run=1: 54/1000000 ok=54 err=0
writes/turso-per-tenant/submit-quiz-answer t=1 c=10 rps=- run=1: 130/1000000 ok=130 err=0
writes/turso-per-tenant/submit-quiz-answer t=1 c=10 rps=- run=1: 198/1000000 ok=198 err=0
writes/turso-per-tenant/submit-quiz-answer t=1 c=10 rps=- run=1: 267/1000000 ok=267 err=0
writes/turso-per-tenant/submit-quiz-answer t=1 c=10 rps=- run=1: 334/1000000 ok=334 err=0
writes/turso-per-tenant/submit-quiz-answer t=1 c=10 rps=- run=1: 407/1000000 ok=407 err=0
writes/turso-per-tenant/submit-quiz-answer t=1 c=10 rps=- run=1: 477/1000000 ok=477 err=0
writes/turso-per-tenant/submit-quiz-answer t=1 c=10 rps=- run=1: 553/1000000 ok=553 err=0
writes/turso-per-tenant/submit-quiz-answer t=1 c=10 rps=- run=1: 630/1000000 ok=630 err=0
writes/turso-per-tenant/submit-quiz-answer t=1 c=10 rps=- run=1: 703/1000000 ok=703 err=0
writes/turso-per-tenant/submit-quiz-answer t=1 c=10 rps=- run=1: 778/1000000 ok=778 err=0
writes/turso-per-tenant/submit-quiz-answer t=1 c=10 rps=- run=1: 846/1000000 ok=846 err=0
writes/turso-per-tenant/submit-quiz-answer t=1 c=10 rps=- run=1: 905/1000000 ok=905 err=0
writes/turso-per-tenant/submit-quiz-answer t=1 c=10 rps=- run=1: 951/1000000 ok=951 err=0
writes/turso-per-tenant/submit-quiz-answer t=1 c=10 rps=- run=1: 989/1000000 ok=989 err=0
writes/turso-per-tenant/submit-quiz-answer t=1 c=10 rps=- run=1: 997/1000000 ok=997 err=0
writes/tursodb-per-tenant/submit-quiz-answer t=1 c=10 rps=- run=1: 18/1000000 ok=18 err=0
writes/tursodb-per-tenant/submit-quiz-answer t=1 c=10 rps=- run=1: 45/1000000 ok=45 err=0
writes/tursodb-per-tenant/submit-quiz-answer t=1 c=10 rps=- run=1: 75/1000000 ok=75 err=0
writes/tursodb-per-tenant/submit-quiz-answer t=1 c=10 rps=- run=1: 106/1000000 ok=106 err=0
writes/tursodb-per-tenant/submit-quiz-answer t=1 c=10 rps=- run=1: 133/1000000 ok=133 err=0
writes/tursodb-per-tenant/submit-quiz-answer t=1 c=10 rps=- run=1: 164/1000000 ok=164 err=0
writes/tursodb-per-tenant/submit-quiz-answer t=1 c=10 rps=- run=1: 192/1000000 ok=192 err=0
writes/tursodb-per-tenant/submit-quiz-answer t=1 c=10 rps=- run=1: 223/1000000 ok=223 err=0
writes/tursodb-per-tenant/submit-quiz-answer t=1 c=10 rps=- run=1: 254/1000000 ok=254 err=0
writes/tursodb-per-tenant/submit-quiz-answer t=1 c=10 rps=- run=1: 287/1000000 ok=287 err=0
writes/tursodb-per-tenant/submit-quiz-answer t=1 c=10 rps=- run=1: 319/1000000 ok=319 err=0
writes/tursodb-per-tenant/submit-quiz-answer t=1 c=10 rps=- run=1: 350/1000000 ok=350 err=0
writes/tursodb-per-tenant/submit-quiz-answer t=1 c=10 rps=- run=1: 379/1000000 ok=379 err=0
writes/tursodb-per-tenant/submit-quiz-answer t=1 c=10 rps=- run=1: 413/1000000 ok=413 err=0
writes/tursodb-per-tenant/submit-quiz-answer t=1 c=10 rps=- run=1: 443/1000000 ok=443 err=0
writes/tursodb-per-tenant/submit-quiz-answer t=1 c=10 rps=- run=1: 448/1000000 ok=448 err=0
writes/d1-per-tenant/submit-quiz-answer t=1 c=50 rps=- run=1: 251/1000000 ok=251 err=0
writes/d1-per-tenant/submit-quiz-answer t=1 c=50 rps=- run=1: 520/1000000 ok=520 err=0
writes/d1-per-tenant/submit-quiz-answer t=1 c=50 rps=- run=1: 830/1000000 ok=830 err=0
writes/d1-per-tenant/submit-quiz-answer t=1 c=50 rps=- run=1: 1092/1000000 ok=1092 err=0
writes/d1-per-tenant/submit-quiz-answer t=1 c=50 rps=- run=1: 1350/1000000 ok=1350 err=0
writes/d1-per-tenant/submit-quiz-answer t=1 c=50 rps=- run=1: 1660/1000000 ok=1660 err=0
writes/d1-per-tenant/submit-quiz-answer t=1 c=50 rps=- run=1: 1913/1000000 ok=1913 err=0
writes/d1-per-tenant/submit-quiz-answer t=1 c=50 rps=- run=1: 2178/1000000 ok=2178 err=0
writes/d1-per-tenant/submit-quiz-answer t=1 c=50 rps=- run=1: 2423/1000000 ok=2423 err=0
writes/d1-per-tenant/submit-quiz-answer t=1 c=50 rps=- run=1: 2727/1000000 ok=2727 err=0
writes/d1-per-tenant/submit-quiz-answer t=1 c=50 rps=- run=1: 2988/1000000 ok=2988 err=0
writes/d1-per-tenant/submit-quiz-answer t=1 c=50 rps=- run=1: 3292/1000000 ok=3292 err=0
writes/d1-per-tenant/submit-quiz-answer t=1 c=50 rps=- run=1: 3569/1000000 ok=3569 err=0
writes/d1-per-tenant/submit-quiz-answer t=1 c=50 rps=- run=1: 3869/1000000 ok=3869 err=0
writes/d1-per-tenant/submit-quiz-answer t=1 c=50 rps=- run=1: 4140/1000000 ok=4140 err=0
writes/turso-per-tenant/submit-quiz-answer t=1 c=50 rps=- run=1: 38/1000000 ok=38 err=0
writes/turso-per-tenant/submit-quiz-answer t=1 c=50 rps=- run=1: 106/1000000 ok=106 err=0
writes/turso-per-tenant/submit-quiz-answer t=1 c=50 rps=- run=1: 187/1000000 ok=187 err=0
writes/turso-per-tenant/submit-quiz-answer t=1 c=50 rps=- run=1: 273/1000000 ok=273 err=0
writes/turso-per-tenant/submit-quiz-answer t=1 c=50 rps=- run=1: 352/1000000 ok=352 err=0
writes/turso-per-tenant/submit-quiz-answer t=1 c=50 rps=- run=1: 407/1000000 ok=407 err=0
writes/turso-per-tenant/submit-quiz-answer t=1 c=50 rps=- run=1: 465/1000000 ok=465 err=0
writes/turso-per-tenant/submit-quiz-answer t=1 c=50 rps=- run=1: 530/1000000 ok=530 err=0
writes/turso-per-tenant/submit-quiz-answer t=1 c=50 rps=- run=1: 606/1000000 ok=606 err=0
writes/turso-per-tenant/submit-quiz-answer t=1 c=50 rps=- run=1: 680/1000000 ok=680 err=0
writes/turso-per-tenant/submit-quiz-answer t=1 c=50 rps=- run=1: 753/1000000 ok=753 err=0
writes/turso-per-tenant/submit-quiz-answer t=1 c=50 rps=- run=1: 829/1000000 ok=829 err=0
writes/turso-per-tenant/submit-quiz-answer t=1 c=50 rps=- run=1: 903/1000000 ok=903 err=0
writes/turso-per-tenant/submit-quiz-answer t=1 c=50 rps=- run=1: 974/1000000 ok=974 err=0
writes/turso-per-tenant/submit-quiz-answer t=1 c=50 rps=- run=1: 1049/1000000 ok=1049 err=0
writes/turso-per-tenant/submit-quiz-answer t=1 c=50 rps=- run=1: 1080/1000000 ok=1080 err=0
writes/tursodb-per-tenant/submit-quiz-answer t=1 c=50 rps=- run=1: 24/1000000 ok=24 err=0
writes/tursodb-per-tenant/submit-quiz-answer t=1 c=50 rps=- run=1: 55/1000000 ok=55 err=0
writes/tursodb-per-tenant/submit-quiz-answer t=1 c=50 rps=- run=1: 87/1000000 ok=87 err=0
writes/tursodb-per-tenant/submit-quiz-answer t=1 c=50 rps=- run=1: 121/1000000 ok=120 err=1
writes/tursodb-per-tenant/submit-quiz-answer t=1 c=50 rps=- run=1: 151/1000000 ok=150 err=1
writes/tursodb-per-tenant/submit-quiz-answer t=1 c=50 rps=- run=1: 184/1000000 ok=183 err=1
writes/tursodb-per-tenant/submit-quiz-answer t=1 c=50 rps=- run=1: 220/1000000 ok=219 err=1
writes/tursodb-per-tenant/submit-quiz-answer t=1 c=50 rps=- run=1: 254/1000000 ok=253 err=1
writes/tursodb-per-tenant/submit-quiz-answer t=1 c=50 rps=- run=1: 287/1000000 ok=286 err=1
writes/tursodb-per-tenant/submit-quiz-answer t=1 c=50 rps=- run=1: 318/1000000 ok=317 err=1
writes/tursodb-per-tenant/submit-quiz-answer t=1 c=50 rps=- run=1: 349/1000000 ok=348 err=1
writes/tursodb-per-tenant/submit-quiz-answer t=1 c=50 rps=- run=1: 386/1000000 ok=385 err=1
writes/tursodb-per-tenant/submit-quiz-answer t=1 c=50 rps=- run=1: 416/1000000 ok=415 err=1
writes/tursodb-per-tenant/submit-quiz-answer t=1 c=50 rps=- run=1: 452/1000000 ok=451 err=1
writes/tursodb-per-tenant/submit-quiz-answer t=1 c=50 rps=- run=1: 482/1000000 ok=481 err=1
writes/tursodb-per-tenant/submit-quiz-answer t=1 c=50 rps=- run=1: 499/1000000 ok=497 err=2
writes/tursodb-per-tenant/submit-quiz-answer t=1 c=50 rps=- run=1: 521/1000000 ok=505 err=16
writes/tursodb-per-tenant/submit-quiz-answer t=1 c=50 rps=- run=1: 526/1000000 ok=505 err=21
writes/d1-per-tenant/submit-quiz-answer t=1 c=100 rps=- run=1: 318/1000000 ok=318 err=0
writes/d1-per-tenant/submit-quiz-answer t=1 c=100 rps=- run=1: 632/1000000 ok=632 err=0
writes/d1-per-tenant/submit-quiz-answer t=1 c=100 rps=- run=1: 1061/1000000 ok=1061 err=0
writes/d1-per-tenant/submit-quiz-answer t=1 c=100 rps=- run=1: 1378/1000000 ok=1378 err=0
writes/d1-per-tenant/submit-quiz-answer t=1 c=100 rps=- run=1: 1729/1000000 ok=1729 err=0
writes/d1-per-tenant/submit-quiz-answer t=1 c=100 rps=- run=1: 2129/1000000 ok=2129 err=0
writes/d1-per-tenant/submit-quiz-answer t=1 c=100 rps=- run=1: 2439/1000000 ok=2439 err=0
writes/d1-per-tenant/submit-quiz-answer t=1 c=100 rps=- run=1: 2767/1000000 ok=2767 err=0
writes/d1-per-tenant/submit-quiz-answer t=1 c=100 rps=- run=1: 3159/1000000 ok=3159 err=0
writes/d1-per-tenant/submit-quiz-answer t=1 c=100 rps=- run=1: 3492/1000000 ok=3492 err=0
writes/d1-per-tenant/submit-quiz-answer t=1 c=100 rps=- run=1: 3798/1000000 ok=3798 err=0
writes/d1-per-tenant/submit-quiz-answer t=1 c=100 rps=- run=1: 4120/1000000 ok=4120 err=0
writes/d1-per-tenant/submit-quiz-answer t=1 c=100 rps=- run=1: 4425/1000000 ok=4425 err=0
writes/d1-per-tenant/submit-quiz-answer t=1 c=100 rps=- run=1: 4666/1000000 ok=4666 err=0
writes/d1-per-tenant/submit-quiz-answer t=1 c=100 rps=- run=1: 4865/1000000 ok=4865 err=0
writes/turso-per-tenant/submit-quiz-answer t=1 c=100 rps=- run=1: 54/1000000 ok=54 err=0
writes/turso-per-tenant/submit-quiz-answer t=1 c=100 rps=- run=1: 123/1000000 ok=123 err=0
writes/turso-per-tenant/submit-quiz-answer t=1 c=100 rps=- run=1: 207/1000000 ok=207 err=0
writes/turso-per-tenant/submit-quiz-answer t=1 c=100 rps=- run=1: 288/1000000 ok=288 err=0
writes/turso-per-tenant/submit-quiz-answer t=1 c=100 rps=- run=1: 364/1000000 ok=363 err=1
writes/turso-per-tenant/submit-quiz-answer t=1 c=100 rps=- run=1: 445/1000000 ok=444 err=1
writes/turso-per-tenant/submit-quiz-answer t=1 c=100 rps=- run=1: 529/1000000 ok=527 err=2
writes/turso-per-tenant/submit-quiz-answer t=1 c=100 rps=- run=1: 621/1000000 ok=619 err=2
writes/turso-per-tenant/submit-quiz-answer t=1 c=100 rps=- run=1: 705/1000000 ok=703 err=2
writes/turso-per-tenant/submit-quiz-answer t=1 c=100 rps=- run=1: 790/1000000 ok=788 err=2
writes/turso-per-tenant/submit-quiz-answer t=1 c=100 rps=- run=1: 878/1000000 ok=875 err=3
writes/turso-per-tenant/submit-quiz-answer t=1 c=100 rps=- run=1: 961/1000000 ok=958 err=3
writes/turso-per-tenant/submit-quiz-answer t=1 c=100 rps=- run=1: 1044/1000000 ok=1041 err=3
writes/turso-per-tenant/submit-quiz-answer t=1 c=100 rps=- run=1: 1123/1000000 ok=1120 err=3
writes/turso-per-tenant/submit-quiz-answer t=1 c=100 rps=- run=1: 1197/1000000 ok=1194 err=3
writes/turso-per-tenant/submit-quiz-answer t=1 c=100 rps=- run=1: 1282/1000000 ok=1278 err=4
writes/turso-per-tenant/submit-quiz-answer t=1 c=100 rps=- run=1: 1282/1000000 ok=1278 err=4
writes/tursodb-per-tenant/submit-quiz-answer t=1 c=100 rps=- run=1: 32/1000000 ok=32 err=0
writes/tursodb-per-tenant/submit-quiz-answer t=1 c=100 rps=- run=1: 71/1000000 ok=71 err=0
writes/tursodb-per-tenant/submit-quiz-answer t=1 c=100 rps=- run=1: 122/1000000 ok=103 err=19
writes/tursodb-per-tenant/submit-quiz-answer t=1 c=100 rps=- run=1: 159/1000000 ok=130 err=29
writes/tursodb-per-tenant/submit-quiz-answer t=1 c=100 rps=- run=1: 209/1000000 ok=154 err=55
writes/tursodb-per-tenant/submit-quiz-answer t=1 c=100 rps=- run=1: 247/1000000 ok=155 err=92
writes/tursodb-per-tenant/submit-quiz-answer t=1 c=100 rps=- run=1: 282/1000000 ok=156 err=126
writes/tursodb-per-tenant/submit-quiz-answer t=1 c=100 rps=- run=1: 329/1000000 ok=156 err=173
writes/tursodb-per-tenant/submit-quiz-answer t=1 c=100 rps=- run=1: 362/1000000 ok=156 err=206
writes/tursodb-per-tenant/submit-quiz-answer t=1 c=100 rps=- run=1: 412/1000000 ok=162 err=250
writes/tursodb-per-tenant/submit-quiz-answer t=1 c=100 rps=- run=1: 450/1000000 ok=162 err=288
writes/tursodb-per-tenant/submit-quiz-answer t=1 c=100 rps=- run=1: 486/1000000 ok=162 err=324
writes/tursodb-per-tenant/submit-quiz-answer t=1 c=100 rps=- run=1: 534/1000000 ok=169 err=365
writes/tursodb-per-tenant/submit-quiz-answer t=1 c=100 rps=- run=1: 568/1000000 ok=169 err=399
writes/tursodb-per-tenant/submit-quiz-answer t=1 c=100 rps=- run=1: 618/1000000 ok=169 err=449
writes/tursodb-per-tenant/submit-quiz-answer t=1 c=100 rps=- run=1: 654/1000000 ok=169 err=485
writes/tursodb-per-tenant/submit-quiz-answer t=1 c=100 rps=- run=1: 693/1000000 ok=169 err=524
writes/tursodb-per-tenant/submit-quiz-answer t=1 c=100 rps=- run=1: 697/1000000 ok=169 err=528
writes/d1-per-tenant/order-event t=1 c=1 rps=- run=1: 15/1000000 ok=15 err=0
writes/d1-per-tenant/order-event t=1 c=1 rps=- run=1: 29/1000000 ok=29 err=0
writes/d1-per-tenant/order-event t=1 c=1 rps=- run=1: 43/1000000 ok=43 err=0
writes/d1-per-tenant/order-event t=1 c=1 rps=- run=1: 58/1000000 ok=58 err=0
writes/d1-per-tenant/order-event t=1 c=1 rps=- run=1: 74/1000000 ok=74 err=0
writes/d1-per-tenant/order-event t=1 c=1 rps=- run=1: 89/1000000 ok=89 err=0
writes/d1-per-tenant/order-event t=1 c=1 rps=- run=1: 104/1000000 ok=104 err=0
writes/d1-per-tenant/order-event t=1 c=1 rps=- run=1: 119/1000000 ok=119 err=0
writes/d1-per-tenant/order-event t=1 c=1 rps=- run=1: 134/1000000 ok=134 err=0
writes/d1-per-tenant/order-event t=1 c=1 rps=- run=1: 149/1000000 ok=149 err=0
writes/d1-per-tenant/order-event t=1 c=1 rps=- run=1: 164/1000000 ok=164 err=0
writes/d1-per-tenant/order-event t=1 c=1 rps=- run=1: 179/1000000 ok=179 err=0
writes/d1-per-tenant/order-event t=1 c=1 rps=- run=1: 193/1000000 ok=193 err=0
writes/d1-per-tenant/order-event t=1 c=1 rps=- run=1: 207/1000000 ok=207 err=0
writes/d1-per-tenant/order-event t=1 c=1 rps=- run=1: 215/1000000 ok=215 err=0
writes/turso-per-tenant/order-event t=1 c=1 rps=- run=1: 14/1000000 ok=14 err=0
writes/turso-per-tenant/order-event t=1 c=1 rps=- run=1: 28/1000000 ok=28 err=0
writes/turso-per-tenant/order-event t=1 c=1 rps=- run=1: 42/1000000 ok=42 err=0
writes/turso-per-tenant/order-event t=1 c=1 rps=- run=1: 56/1000000 ok=56 err=0
writes/turso-per-tenant/order-event t=1 c=1 rps=- run=1: 70/1000000 ok=70 err=0
writes/turso-per-tenant/order-event t=1 c=1 rps=- run=1: 84/1000000 ok=84 err=0
writes/turso-per-tenant/order-event t=1 c=1 rps=- run=1: 98/1000000 ok=98 err=0
writes/turso-per-tenant/order-event t=1 c=1 rps=- run=1: 113/1000000 ok=113 err=0
writes/turso-per-tenant/order-event t=1 c=1 rps=- run=1: 128/1000000 ok=128 err=0
writes/turso-per-tenant/order-event t=1 c=1 rps=- run=1: 142/1000000 ok=142 err=0
writes/turso-per-tenant/order-event t=1 c=1 rps=- run=1: 156/1000000 ok=156 err=0
writes/turso-per-tenant/order-event t=1 c=1 rps=- run=1: 171/1000000 ok=171 err=0
writes/turso-per-tenant/order-event t=1 c=1 rps=- run=1: 185/1000000 ok=185 err=0
writes/turso-per-tenant/order-event t=1 c=1 rps=- run=1: 199/1000000 ok=199 err=0
writes/turso-per-tenant/order-event t=1 c=1 rps=- run=1: 204/1000000 ok=204 err=0
writes/tursodb-per-tenant/order-event t=1 c=1 rps=- run=1: 8/1000000 ok=8 err=0
writes/tursodb-per-tenant/order-event t=1 c=1 rps=- run=1: 16/1000000 ok=16 err=0
writes/tursodb-per-tenant/order-event t=1 c=1 rps=- run=1: 24/1000000 ok=24 err=0
writes/tursodb-per-tenant/order-event t=1 c=1 rps=- run=1: 32/1000000 ok=32 err=0
writes/tursodb-per-tenant/order-event t=1 c=1 rps=- run=1: 39/1000000 ok=39 err=0
writes/tursodb-per-tenant/order-event t=1 c=1 rps=- run=1: 44/1000000 ok=44 err=0
writes/tursodb-per-tenant/order-event t=1 c=1 rps=- run=1: 48/1000000 ok=48 err=0
writes/tursodb-per-tenant/order-event t=1 c=1 rps=- run=1: 51/1000000 ok=51 err=0
writes/tursodb-per-tenant/order-event t=1 c=1 rps=- run=1: 55/1000000 ok=55 err=0
writes/tursodb-per-tenant/order-event t=1 c=1 rps=- run=1: 60/1000000 ok=60 err=0
writes/tursodb-per-tenant/order-event t=1 c=1 rps=- run=1: 64/1000000 ok=64 err=0
writes/tursodb-per-tenant/order-event t=1 c=1 rps=- run=1: 72/1000000 ok=72 err=0
writes/tursodb-per-tenant/order-event t=1 c=1 rps=- run=1: 80/1000000 ok=80 err=0
writes/tursodb-per-tenant/order-event t=1 c=1 rps=- run=1: 87/1000000 ok=87 err=0
writes/d1-per-tenant/order-event t=1 c=10 rps=- run=1: 117/1000000 ok=117 err=0
writes/d1-per-tenant/order-event t=1 c=10 rps=- run=1: 247/1000000 ok=247 err=0
writes/d1-per-tenant/order-event t=1 c=10 rps=- run=1: 380/1000000 ok=380 err=0
writes/d1-per-tenant/order-event t=1 c=10 rps=- run=1: 507/1000000 ok=507 err=0
writes/d1-per-tenant/order-event t=1 c=10 rps=- run=1: 639/1000000 ok=639 err=0
writes/d1-per-tenant/order-event t=1 c=10 rps=- run=1: 768/1000000 ok=768 err=0
writes/d1-per-tenant/order-event t=1 c=10 rps=- run=1: 885/1000000 ok=885 err=0
writes/d1-per-tenant/order-event t=1 c=10 rps=- run=1: 1018/1000000 ok=1018 err=0
writes/d1-per-tenant/order-event t=1 c=10 rps=- run=1: 1129/1000000 ok=1129 err=0
writes/d1-per-tenant/order-event t=1 c=10 rps=- run=1: 1202/1000000 ok=1202 err=0
writes/d1-per-tenant/order-event t=1 c=10 rps=- run=1: 1254/1000000 ok=1254 err=0
writes/d1-per-tenant/order-event t=1 c=10 rps=- run=1: 1296/1000000 ok=1296 err=0
writes/d1-per-tenant/order-event t=1 c=10 rps=- run=1: 1336/1000000 ok=1336 err=0
writes/d1-per-tenant/order-event t=1 c=10 rps=- run=1: 1378/1000000 ok=1378 err=0
writes/d1-per-tenant/order-event t=1 c=10 rps=- run=1: 1416/1000000 ok=1416 err=0
writes/d1-per-tenant/order-event t=1 c=10 rps=- run=1: 1418/1000000 ok=1418 err=0
writes/turso-per-tenant/order-event t=1 c=10 rps=- run=1: 58/1000000 ok=58 err=0
writes/turso-per-tenant/order-event t=1 c=10 rps=- run=1: 164/1000000 ok=164 err=0
writes/turso-per-tenant/order-event t=1 c=10 rps=- run=1: 260/1000000 ok=260 err=0
writes/turso-per-tenant/order-event t=1 c=10 rps=- run=1: 363/1000000 ok=363 err=0
writes/turso-per-tenant/order-event t=1 c=10 rps=- run=1: 467/1000000 ok=467 err=0
writes/turso-per-tenant/order-event t=1 c=10 rps=- run=1: 560/1000000 ok=560 err=0
writes/turso-per-tenant/order-event t=1 c=10 rps=- run=1: 658/1000000 ok=658 err=0
writes/turso-per-tenant/order-event t=1 c=10 rps=- run=1: 751/1000000 ok=751 err=0
writes/turso-per-tenant/order-event t=1 c=10 rps=- run=1: 846/1000000 ok=846 err=0
writes/turso-per-tenant/order-event t=1 c=10 rps=- run=1: 947/1000000 ok=947 err=0
writes/turso-per-tenant/order-event t=1 c=10 rps=- run=1: 1025/1000000 ok=1025 err=0
writes/turso-per-tenant/order-event t=1 c=10 rps=- run=1: 1080/1000000 ok=1080 err=0
writes/turso-per-tenant/order-event t=1 c=10 rps=- run=1: 1115/1000000 ok=1115 err=0
writes/turso-per-tenant/order-event t=1 c=10 rps=- run=1: 1155/1000000 ok=1155 err=0
writes/turso-per-tenant/order-event t=1 c=10 rps=- run=1: 1200/1000000 ok=1200 err=0
writes/turso-per-tenant/order-event t=1 c=10 rps=- run=1: 1204/1000000 ok=1204 err=0
writes/tursodb-per-tenant/order-event t=1 c=10 rps=- run=1: 14/1000000 ok=14 err=0
writes/tursodb-per-tenant/order-event t=1 c=10 rps=- run=1: 38/1000000 ok=38 err=0
writes/tursodb-per-tenant/order-event t=1 c=10 rps=- run=1: 62/1000000 ok=62 err=0
writes/tursodb-per-tenant/order-event t=1 c=10 rps=- run=1: 87/1000000 ok=87 err=0
writes/tursodb-per-tenant/order-event t=1 c=10 rps=- run=1: 119/1000000 ok=119 err=0
writes/tursodb-per-tenant/order-event t=1 c=10 rps=- run=1: 147/1000000 ok=147 err=0
writes/tursodb-per-tenant/order-event t=1 c=10 rps=- run=1: 166/1000000 ok=166 err=0
writes/tursodb-per-tenant/order-event t=1 c=10 rps=- run=1: 187/1000000 ok=187 err=0
writes/tursodb-per-tenant/order-event t=1 c=10 rps=- run=1: 208/1000000 ok=208 err=0
writes/tursodb-per-tenant/order-event t=1 c=10 rps=- run=1: 240/1000000 ok=240 err=0
writes/tursodb-per-tenant/order-event t=1 c=10 rps=- run=1: 258/1000000 ok=258 err=0
writes/tursodb-per-tenant/order-event t=1 c=10 rps=- run=1: 287/1000000 ok=287 err=0
writes/tursodb-per-tenant/order-event t=1 c=10 rps=- run=1: 313/1000000 ok=313 err=0
writes/tursodb-per-tenant/order-event t=1 c=10 rps=- run=1: 335/1000000 ok=335 err=0
writes/tursodb-per-tenant/order-event t=1 c=10 rps=- run=1: 356/1000000 ok=356 err=0
writes/tursodb-per-tenant/order-event t=1 c=10 rps=- run=1: 359/1000000 ok=359 err=0
writes/d1-per-tenant/order-event t=1 c=50 rps=- run=1: 59/1000000 ok=59 err=0
writes/d1-per-tenant/order-event t=1 c=50 rps=- run=1: 221/1000000 ok=221 err=0
writes/d1-per-tenant/order-event t=1 c=50 rps=- run=1: 415/1000000 ok=415 err=0
writes/d1-per-tenant/order-event t=1 c=50 rps=- run=1: 856/1000000 ok=856 err=0
writes/d1-per-tenant/order-event t=1 c=50 rps=- run=1: 1429/1000000 ok=1429 err=0
writes/d1-per-tenant/order-event t=1 c=50 rps=- run=1: 1948/1000000 ok=1948 err=0
writes/d1-per-tenant/order-event t=1 c=50 rps=- run=1: 2478/1000000 ok=2478 err=0
writes/d1-per-tenant/order-event t=1 c=50 rps=- run=1: 2977/1000000 ok=2977 err=0
writes/d1-per-tenant/order-event t=1 c=50 rps=- run=1: 3560/1000000 ok=3560 err=0
writes/d1-per-tenant/order-event t=1 c=50 rps=- run=1: 4076/1000000 ok=4076 err=0
writes/d1-per-tenant/order-event t=1 c=50 rps=- run=1: 4662/1000000 ok=4662 err=0
writes/d1-per-tenant/order-event t=1 c=50 rps=- run=1: 5113/1000000 ok=5113 err=0
writes/d1-per-tenant/order-event t=1 c=50 rps=- run=1: 5457/1000000 ok=5457 err=0
writes/d1-per-tenant/order-event t=1 c=50 rps=- run=1: 5716/1000000 ok=5716 err=0
writes/d1-per-tenant/order-event t=1 c=50 rps=- run=1: 5916/1000000 ok=5916 err=0
writes/turso-per-tenant/order-event t=1 c=50 rps=- run=1: 40/1000000 ok=40 err=0
writes/turso-per-tenant/order-event t=1 c=50 rps=- run=1: 136/1000000 ok=136 err=0
writes/turso-per-tenant/order-event t=1 c=50 rps=- run=1: 239/1000000 ok=239 err=0
writes/turso-per-tenant/order-event t=1 c=50 rps=- run=1: 345/1000000 ok=345 err=0
writes/turso-per-tenant/order-event t=1 c=50 rps=- run=1: 447/1000000 ok=447 err=0
writes/turso-per-tenant/order-event t=1 c=50 rps=- run=1: 555/1000000 ok=555 err=0
writes/turso-per-tenant/order-event t=1 c=50 rps=- run=1: 658/1000000 ok=658 err=0
writes/turso-per-tenant/order-event t=1 c=50 rps=- run=1: 769/1000000 ok=769 err=0
writes/turso-per-tenant/order-event t=1 c=50 rps=- run=1: 886/1000000 ok=886 err=0
writes/turso-per-tenant/order-event t=1 c=50 rps=- run=1: 1000/1000000 ok=1000 err=0
writes/turso-per-tenant/order-event t=1 c=50 rps=- run=1: 1114/1000000 ok=1114 err=0
writes/turso-per-tenant/order-event t=1 c=50 rps=- run=1: 1221/1000000 ok=1221 err=0
writes/turso-per-tenant/order-event t=1 c=50 rps=- run=1: 1332/1000000 ok=1332 err=0
writes/turso-per-tenant/order-event t=1 c=50 rps=- run=1: 1444/1000000 ok=1444 err=0
writes/turso-per-tenant/order-event t=1 c=50 rps=- run=1: 1559/1000000 ok=1559 err=0
writes/turso-per-tenant/order-event t=1 c=50 rps=- run=1: 1601/1000000 ok=1601 err=0
writes/tursodb-per-tenant/order-event t=1 c=50 rps=- run=1: 24/1000000 ok=24 err=0
writes/tursodb-per-tenant/order-event t=1 c=50 rps=- run=1: 44/1000000 ok=44 err=0
writes/tursodb-per-tenant/order-event t=1 c=50 rps=- run=1: 71/1000000 ok=69 err=2
writes/tursodb-per-tenant/order-event t=1 c=50 rps=- run=1: 96/1000000 ok=91 err=5
writes/tursodb-per-tenant/order-event t=1 c=50 rps=- run=1: 121/1000000 ok=115 err=6
writes/tursodb-per-tenant/order-event t=1 c=50 rps=- run=1: 144/1000000 ok=138 err=6
writes/tursodb-per-tenant/order-event t=1 c=50 rps=- run=1: 171/1000000 ok=163 err=8
writes/tursodb-per-tenant/order-event t=1 c=50 rps=- run=1: 194/1000000 ok=186 err=8
writes/tursodb-per-tenant/order-event t=1 c=50 rps=- run=1: 220/1000000 ok=211 err=9
writes/tursodb-per-tenant/order-event t=1 c=50 rps=- run=1: 252/1000000 ok=243 err=9
writes/tursodb-per-tenant/order-event t=1 c=50 rps=- run=1: 275/1000000 ok=266 err=9
writes/tursodb-per-tenant/order-event t=1 c=50 rps=- run=1: 296/1000000 ok=287 err=9
writes/tursodb-per-tenant/order-event t=1 c=50 rps=- run=1: 321/1000000 ok=312 err=9
writes/tursodb-per-tenant/order-event t=1 c=50 rps=- run=1: 349/1000000 ok=340 err=9
writes/tursodb-per-tenant/order-event t=1 c=50 rps=- run=1: 367/1000000 ok=358 err=9
writes/tursodb-per-tenant/order-event t=1 c=50 rps=- run=1: 390/1000000 ok=368 err=22
writes/tursodb-per-tenant/order-event t=1 c=50 rps=- run=1: 410/1000000 ok=370 err=40
writes/tursodb-per-tenant/order-event t=1 c=50 rps=- run=1: 411/1000000 ok=371 err=40
writes/d1-per-tenant/order-event t=1 c=100 rps=- run=1: 156/1000000 ok=156 err=0
writes/d1-per-tenant/order-event t=1 c=100 rps=- run=1: 572/1000000 ok=572 err=0
writes/d1-per-tenant/order-event t=1 c=100 rps=- run=1: 1004/1000000 ok=1004 err=0
writes/d1-per-tenant/order-event t=1 c=100 rps=- run=1: 1465/1000000 ok=1465 err=0
writes/d1-per-tenant/order-event t=1 c=100 rps=- run=1: 1865/1000000 ok=1865 err=0
writes/d1-per-tenant/order-event t=1 c=100 rps=- run=1: 2192/1000000 ok=2192 err=0
writes/d1-per-tenant/order-event t=1 c=100 rps=- run=1: 2582/1000000 ok=2582 err=0
writes/d1-per-tenant/order-event t=1 c=100 rps=- run=1: 3073/1000000 ok=3073 err=0
writes/d1-per-tenant/order-event t=1 c=100 rps=- run=1: 3722/1000000 ok=3722 err=0
writes/d1-per-tenant/order-event t=1 c=100 rps=- run=1: 4187/1000000 ok=4187 err=0
writes/d1-per-tenant/order-event t=1 c=100 rps=- run=1: 4881/1000000 ok=4881 err=0
writes/d1-per-tenant/order-event t=1 c=100 rps=- run=1: 5617/1000000 ok=5617 err=0
writes/d1-per-tenant/order-event t=1 c=100 rps=- run=1: 6308/1000000 ok=6308 err=0
writes/d1-per-tenant/order-event t=1 c=100 rps=- run=1: 6926/1000000 ok=6926 err=0
writes/d1-per-tenant/order-event t=1 c=100 rps=- run=1: 7506/1000000 ok=7506 err=0
writes/turso-per-tenant/order-event t=1 c=100 rps=- run=1: 70/1000000 ok=70 err=0
writes/turso-per-tenant/order-event t=1 c=100 rps=- run=1: 164/1000000 ok=164 err=0
writes/turso-per-tenant/order-event t=1 c=100 rps=- run=1: 260/1000000 ok=260 err=0
writes/turso-per-tenant/order-event t=1 c=100 rps=- run=1: 364/1000000 ok=363 err=1
writes/turso-per-tenant/order-event t=1 c=100 rps=- run=1: 454/1000000 ok=453 err=1
writes/turso-per-tenant/order-event t=1 c=100 rps=- run=1: 556/1000000 ok=555 err=1
writes/turso-per-tenant/order-event t=1 c=100 rps=- run=1: 647/1000000 ok=646 err=1
writes/turso-per-tenant/order-event t=1 c=100 rps=- run=1: 750/1000000 ok=749 err=1
writes/turso-per-tenant/order-event t=1 c=100 rps=- run=1: 860/1000000 ok=859 err=1
writes/turso-per-tenant/order-event t=1 c=100 rps=- run=1: 965/1000000 ok=964 err=1
writes/turso-per-tenant/order-event t=1 c=100 rps=- run=1: 1066/1000000 ok=1065 err=1
writes/turso-per-tenant/order-event t=1 c=100 rps=- run=1: 1167/1000000 ok=1166 err=1
writes/turso-per-tenant/order-event t=1 c=100 rps=- run=1: 1271/1000000 ok=1270 err=1
writes/turso-per-tenant/order-event t=1 c=100 rps=- run=1: 1385/1000000 ok=1384 err=1
writes/turso-per-tenant/order-event t=1 c=100 rps=- run=1: 1496/1000000 ok=1495 err=1
writes/turso-per-tenant/order-event t=1 c=100 rps=- run=1: 1581/1000000 ok=1580 err=1
writes/tursodb-per-tenant/order-event t=1 c=100 rps=- run=1: 36/1000000 ok=36 err=0
writes/tursodb-per-tenant/order-event t=1 c=100 rps=- run=1: 75/1000000 ok=75 err=0
writes/tursodb-per-tenant/order-event t=1 c=100 rps=- run=1: 128/1000000 ok=107 err=21
writes/tursodb-per-tenant/order-event t=1 c=100 rps=- run=1: 171/1000000 ok=126 err=45
writes/tursodb-per-tenant/order-event t=1 c=100 rps=- run=1: 217/1000000 ok=143 err=74
writes/tursodb-per-tenant/order-event t=1 c=100 rps=- run=1: 255/1000000 ok=159 err=96
writes/tursodb-per-tenant/order-event t=1 c=100 rps=- run=1: 297/1000000 ok=174 err=123
writes/tursodb-per-tenant/order-event t=1 c=100 rps=- run=1: 342/1000000 ok=189 err=153
writes/tursodb-per-tenant/order-event t=1 c=100 rps=- run=1: 385/1000000 ok=203 err=182
writes/tursodb-per-tenant/order-event t=1 c=100 rps=- run=1: 426/1000000 ok=219 err=207
writes/tursodb-per-tenant/order-event t=1 c=100 rps=- run=1: 468/1000000 ok=228 err=240
writes/tursodb-per-tenant/order-event t=1 c=100 rps=- run=1: 505/1000000 ok=237 err=268
writes/tursodb-per-tenant/order-event t=1 c=100 rps=- run=1: 549/1000000 ok=245 err=304
writes/tursodb-per-tenant/order-event t=1 c=100 rps=- run=1: 593/1000000 ok=252 err=341
writes/tursodb-per-tenant/order-event t=1 c=100 rps=- run=1: 632/1000000 ok=259 err=373
writes/tursodb-per-tenant/order-event t=1 c=100 rps=- run=1: 671/1000000 ok=261 err=410
writes/tursodb-per-tenant/order-event t=1 c=100 rps=- run=1: 709/1000000 ok=261 err=448
writes/tursodb-per-tenant/order-event t=1 c=100 rps=- run=1: 714/1000000 ok=261 err=453
writes/d1-per-tenant/exam-burst t=1 c=50 rps=- run=1: 1/50 ok=1 err=0
writes/d1-per-tenant/exam-burst t=1 c=50 rps=- run=1: 50/50 ok=50 err=0
writes/d1-per-tenant/exam-burst t=1 c=50 rps=- run=1: 50/50 ok=50 err=0
writes/turso-per-tenant/exam-burst t=1 c=50 rps=- run=1: 1/50 ok=1 err=0
writes/turso-per-tenant/exam-burst t=1 c=50 rps=- run=1: 50/50 ok=50 err=0
writes/turso-per-tenant/exam-burst t=1 c=50 rps=- run=1: 50/50 ok=50 err=0
writes/tursodb-per-tenant/exam-burst t=1 c=50 rps=- run=1: 1/50 ok=1 err=0
writes/tursodb-per-tenant/exam-burst t=1 c=50 rps=- run=1: 50/50 ok=12 err=38
writes/tursodb-per-tenant/exam-burst t=1 c=50 rps=- run=1: 50/50 ok=12 err=38
writes/d1-per-tenant/exam-burst t=1 c=100 rps=- run=1: 100/100 ok=100 err=0
writes/d1-per-tenant/exam-burst t=1 c=100 rps=- run=1: 100/100 ok=100 err=0
writes/turso-per-tenant/exam-burst t=1 c=100 rps=- run=1: 1/100 ok=1 err=0
writes/turso-per-tenant/exam-burst t=1 c=100 rps=- run=1: 100/100 ok=99 err=1
writes/turso-per-tenant/exam-burst t=1 c=100 rps=- run=1: 100/100 ok=99 err=1
writes/tursodb-per-tenant/exam-burst t=1 c=100 rps=- run=1: 1/100 ok=1 err=0
writes/tursodb-per-tenant/exam-burst t=1 c=100 rps=- run=1: 100/100 ok=43 err=57
writes/tursodb-per-tenant/exam-burst t=1 c=100 rps=- run=1: 100/100 ok=43 err=57
writes/d1-per-tenant/exam-burst t=1 c=250 rps=- run=1: 1/250 ok=1 err=0
writes/d1-per-tenant/exam-burst t=1 c=250 rps=- run=1: 250/250 ok=250 err=0
writes/d1-per-tenant/exam-burst t=1 c=250 rps=- run=1: 250/250 ok=250 err=0
writes/turso-per-tenant/exam-burst t=1 c=250 rps=- run=1: 1/250 ok=1 err=0
writes/turso-per-tenant/exam-burst t=1 c=250 rps=- run=1: 250/250 ok=103 err=147
writes/turso-per-tenant/exam-burst t=1 c=250 rps=- run=1: 250/250 ok=103 err=147
writes/tursodb-per-tenant/exam-burst t=1 c=250 rps=- run=1: 1/250 ok=1 err=0
writes/tursodb-per-tenant/exam-burst t=1 c=250 rps=- run=1: 250/250 ok=77 err=173
writes/tursodb-per-tenant/exam-burst t=1 c=250 rps=- run=1: 250/250 ok=77 err=173
writes/d1-per-tenant/exam-burst t=1 c=500 rps=- run=1: 1/500 ok=1 err=0
writes/d1-per-tenant/exam-burst t=1 c=500 rps=- run=1: 500/500 ok=486 err=14
writes/d1-per-tenant/exam-burst t=1 c=500 rps=- run=1: 500/500 ok=486 err=14
writes/turso-per-tenant/exam-burst t=1 c=500 rps=- run=1: 1/500 ok=1 err=0
writes/turso-per-tenant/exam-burst t=1 c=500 rps=- run=1: 500/500 ok=91 err=409
writes/turso-per-tenant/exam-burst t=1 c=500 rps=- run=1: 500/500 ok=91 err=409
writes/tursodb-per-tenant/exam-burst t=1 c=500 rps=- run=1: 1/500 ok=1 err=0
writes/tursodb-per-tenant/exam-burst t=1 c=500 rps=- run=1: 500/500 ok=65 err=435
writes/tursodb-per-tenant/exam-burst t=1 c=500 rps=- run=1: 500/500 ok=65 err=435
tenant-churn/d1-per-tenant/tenant-churn t=10 c=50 rps=- run=1: 659/1000000 ok=659 err=0
tenant-churn/d1-per-tenant/tenant-churn t=10 c=50 rps=- run=1: 1387/1000000 ok=1387 err=0
tenant-churn/d1-per-tenant/tenant-churn t=10 c=50 rps=- run=1: 2071/1000000 ok=2071 err=0
tenant-churn/d1-per-tenant/tenant-churn t=10 c=50 rps=- run=1: 2858/1000000 ok=2858 err=0
tenant-churn/d1-per-tenant/tenant-churn t=10 c=50 rps=- run=1: 3463/1000000 ok=3463 err=0
tenant-churn/d1-per-tenant/tenant-churn t=10 c=50 rps=- run=1: 3748/1000000 ok=3748 err=0
tenant-churn/d1-per-tenant/tenant-churn t=10 c=50 rps=- run=1: 4141/1000000 ok=4141 err=0
tenant-churn/d1-per-tenant/tenant-churn t=10 c=50 rps=- run=1: 4519/1000000 ok=4519 err=0
tenant-churn/d1-per-tenant/tenant-churn t=10 c=50 rps=- run=1: 4766/1000000 ok=4766 err=0
tenant-churn/d1-per-tenant/tenant-churn t=10 c=50 rps=- run=1: 5013/1000000 ok=5013 err=0
tenant-churn/d1-per-tenant/tenant-churn t=10 c=50 rps=- run=1: 5199/1000000 ok=5199 err=0
tenant-churn/d1-per-tenant/tenant-churn t=10 c=50 rps=- run=1: 5387/1000000 ok=5387 err=0
tenant-churn/d1-per-tenant/tenant-churn t=10 c=50 rps=- run=1: 5572/1000000 ok=5572 err=0
tenant-churn/d1-per-tenant/tenant-churn t=10 c=50 rps=- run=1: 5762/1000000 ok=5762 err=0
tenant-churn/d1-per-tenant/tenant-churn t=10 c=50 rps=- run=1: 6417/1000000 ok=6417 err=0
tenant-churn/turso-per-tenant/tenant-churn t=10 c=50 rps=- run=1: 455/1000000 ok=455 err=0
tenant-churn/turso-per-tenant/tenant-churn t=10 c=50 rps=- run=1: 1100/1000000 ok=1100 err=0
tenant-churn/turso-per-tenant/tenant-churn t=10 c=50 rps=- run=1: 1826/1000000 ok=1826 err=0
tenant-churn/turso-per-tenant/tenant-churn t=10 c=50 rps=- run=1: 2580/1000000 ok=2580 err=0
tenant-churn/turso-per-tenant/tenant-churn t=10 c=50 rps=- run=1: 3316/1000000 ok=3316 err=0
tenant-churn/turso-per-tenant/tenant-churn t=10 c=50 rps=- run=1: 4062/1000000 ok=4062 err=0
tenant-churn/turso-per-tenant/tenant-churn t=10 c=50 rps=- run=1: 4800/1000000 ok=4800 err=0
tenant-churn/turso-per-tenant/tenant-churn t=10 c=50 rps=- run=1: 5472/1000000 ok=5472 err=0
tenant-churn/turso-per-tenant/tenant-churn t=10 c=50 rps=- run=1: 6191/1000000 ok=6191 err=0
tenant-churn/turso-per-tenant/tenant-churn t=10 c=50 rps=- run=1: 6959/1000000 ok=6959 err=0
tenant-churn/turso-per-tenant/tenant-churn t=10 c=50 rps=- run=1: 7714/1000000 ok=7714 err=0
tenant-churn/turso-per-tenant/tenant-churn t=10 c=50 rps=- run=1: 8469/1000000 ok=8469 err=0
tenant-churn/turso-per-tenant/tenant-churn t=10 c=50 rps=- run=1: 9203/1000000 ok=9203 err=0
tenant-churn/turso-per-tenant/tenant-churn t=10 c=50 rps=- run=1: 9984/1000000 ok=9984 err=0
tenant-churn/turso-per-tenant/tenant-churn t=10 c=50 rps=- run=1: 10705/1000000 ok=10705 err=0
tenant-churn/tursodb-per-tenant/tenant-churn t=10 c=50 rps=- run=1: 53/1000000 ok=53 err=0
tenant-churn/tursodb-per-tenant/tenant-churn t=10 c=50 rps=- run=1: 61/1000000 ok=61 err=0
tenant-churn/tursodb-per-tenant/tenant-churn t=10 c=50 rps=- run=1: 727/1000000 ok=722 err=5
tenant-churn/tursodb-per-tenant/tenant-churn t=10 c=50 rps=- run=1: 1412/1000000 ok=1407 err=5
tenant-churn/tursodb-per-tenant/tenant-churn t=10 c=50 rps=- run=1: 2147/1000000 ok=2142 err=5
tenant-churn/tursodb-per-tenant/tenant-churn t=10 c=50 rps=- run=1: 2916/1000000 ok=2911 err=5
tenant-churn/tursodb-per-tenant/tenant-churn t=10 c=50 rps=- run=1: 3609/1000000 ok=3604 err=5
tenant-churn/tursodb-per-tenant/tenant-churn t=10 c=50 rps=- run=1: 4328/1000000 ok=4323 err=5
tenant-churn/tursodb-per-tenant/tenant-churn t=10 c=50 rps=- run=1: 5023/1000000 ok=5018 err=5
tenant-churn/tursodb-per-tenant/tenant-churn t=10 c=50 rps=- run=1: 5682/1000000 ok=5677 err=5
tenant-churn/tursodb-per-tenant/tenant-churn t=10 c=50 rps=- run=1: 6353/1000000 ok=6348 err=5
tenant-churn/tursodb-per-tenant/tenant-churn t=10 c=50 rps=- run=1: 7053/1000000 ok=7048 err=5
tenant-churn/tursodb-per-tenant/tenant-churn t=10 c=50 rps=- run=1: 7753/1000000 ok=7748 err=5
tenant-churn/tursodb-per-tenant/tenant-churn t=10 c=50 rps=- run=1: 8493/1000000 ok=8488 err=5
tenant-churn/tursodb-per-tenant/tenant-churn t=10 c=50 rps=- run=1: 8957/1000000 ok=8952 err=5
tenant-churn/d1-per-tenant/tenant-churn t=30 c=50 rps=- run=1: 361/1000000 ok=361 err=0
tenant-churn/d1-per-tenant/tenant-churn t=30 c=50 rps=- run=1: 637/1000000 ok=637 err=0
tenant-churn/d1-per-tenant/tenant-churn t=30 c=50 rps=- run=1: 873/1000000 ok=873 err=0
tenant-churn/d1-per-tenant/tenant-churn t=30 c=50 rps=- run=1: 1073/1000000 ok=1073 err=0
tenant-churn/d1-per-tenant/tenant-churn t=30 c=50 rps=- run=1: 1252/1000000 ok=1252 err=0
tenant-churn/d1-per-tenant/tenant-churn t=30 c=50 rps=- run=1: 1435/1000000 ok=1435 err=0
tenant-churn/d1-per-tenant/tenant-churn t=30 c=50 rps=- run=1: 1657/1000000 ok=1657 err=0
tenant-churn/d1-per-tenant/tenant-churn t=30 c=50 rps=- run=1: 1967/1000000 ok=1967 err=0
tenant-churn/d1-per-tenant/tenant-churn t=30 c=50 rps=- run=1: 2802/1000000 ok=2802 err=0
tenant-churn/d1-per-tenant/tenant-churn t=30 c=50 rps=- run=1: 3643/1000000 ok=3643 err=0
tenant-churn/d1-per-tenant/tenant-churn t=30 c=50 rps=- run=1: 4196/1000000 ok=4196 err=0
tenant-churn/d1-per-tenant/tenant-churn t=30 c=50 rps=- run=1: 4792/1000000 ok=4792 err=0
tenant-churn/d1-per-tenant/tenant-churn t=30 c=50 rps=- run=1: 5183/1000000 ok=5183 err=0
tenant-churn/d1-per-tenant/tenant-churn t=30 c=50 rps=- run=1: 5445/1000000 ok=5445 err=0
tenant-churn/d1-per-tenant/tenant-churn t=30 c=50 rps=- run=1: 5661/1000000 ok=5661 err=0
tenant-churn/d1-per-tenant/tenant-churn t=30 c=50 rps=- run=1: 5692/1000000 ok=5692 err=0
tenant-churn/turso-per-tenant/tenant-churn t=30 c=50 rps=- run=1: 116/1000000 ok=116 err=0
tenant-churn/turso-per-tenant/tenant-churn t=30 c=50 rps=- run=1: 419/1000000 ok=419 err=0
tenant-churn/turso-per-tenant/tenant-churn t=30 c=50 rps=- run=1: 1121/1000000 ok=1121 err=0
tenant-churn/turso-per-tenant/tenant-churn t=30 c=50 rps=- run=1: 1869/1000000 ok=1869 err=0
tenant-churn/turso-per-tenant/tenant-churn t=30 c=50 rps=- run=1: 2560/1000000 ok=2560 err=0
tenant-churn/turso-per-tenant/tenant-churn t=30 c=50 rps=- run=1: 3248/1000000 ok=3248 err=0
tenant-churn/turso-per-tenant/tenant-churn t=30 c=50 rps=- run=1: 4018/1000000 ok=4018 err=0
tenant-churn/turso-per-tenant/tenant-churn t=30 c=50 rps=- run=1: 4760/1000000 ok=4760 err=0
tenant-churn/turso-per-tenant/tenant-churn t=30 c=50 rps=- run=1: 5381/1000000 ok=5381 err=0
tenant-churn/turso-per-tenant/tenant-churn t=30 c=50 rps=- run=1: 6150/1000000 ok=6150 err=0
tenant-churn/turso-per-tenant/tenant-churn t=30 c=50 rps=- run=1: 6735/1000000 ok=6735 err=0
tenant-churn/turso-per-tenant/tenant-churn t=30 c=50 rps=- run=1: 7513/1000000 ok=7513 err=0
tenant-churn/turso-per-tenant/tenant-churn t=30 c=50 rps=- run=1: 8274/1000000 ok=8274 err=0
tenant-churn/turso-per-tenant/tenant-churn t=30 c=50 rps=- run=1: 9030/1000000 ok=9030 err=0
tenant-churn/turso-per-tenant/tenant-churn t=30 c=50 rps=- run=1: 9738/1000000 ok=9738 err=0
tenant-churn/tursodb-per-tenant/tenant-churn t=30 c=50 rps=- run=1: 34/1000000 ok=33 err=1
tenant-churn/tursodb-per-tenant/tenant-churn t=30 c=50 rps=- run=1: 106/1000000 ok=55 err=51
tenant-churn/tursodb-per-tenant/tenant-churn t=30 c=50 rps=- run=1: 156/1000000 ok=56 err=100
tenant-churn/tursodb-per-tenant/tenant-churn t=30 c=50 rps=- run=1: 444/1000000 ok=344 err=100
tenant-churn/tursodb-per-tenant/tenant-churn t=30 c=50 rps=- run=1: 853/1000000 ok=753 err=100
tenant-churn/tursodb-per-tenant/tenant-churn t=30 c=50 rps=- run=1: 1212/1000000 ok=1112 err=100
tenant-churn/tursodb-per-tenant/tenant-churn t=30 c=50 rps=- run=1: 1465/1000000 ok=1365 err=100
tenant-churn/tursodb-per-tenant/tenant-churn t=30 c=50 rps=- run=1: 1675/1000000 ok=1575 err=100
tenant-churn/tursodb-per-tenant/tenant-churn t=30 c=50 rps=- run=1: 1854/1000000 ok=1754 err=100
tenant-churn/tursodb-per-tenant/tenant-churn t=30 c=50 rps=- run=1: 2040/1000000 ok=1940 err=100
tenant-churn/tursodb-per-tenant/tenant-churn t=30 c=50 rps=- run=1: 2206/1000000 ok=2106 err=100
tenant-churn/tursodb-per-tenant/tenant-churn t=30 c=50 rps=- run=1: 2306/1000000 ok=2206 err=100
tenant-churn/d1-per-tenant/tenant-churn t=10 c=50 rps=- run=1: 633/1000000 ok=633 err=0
tenant-churn/d1-per-tenant/tenant-churn t=10 c=50 rps=- run=1: 1179/1000000 ok=1179 err=0
tenant-churn/d1-per-tenant/tenant-churn t=10 c=50 rps=- run=1: 1888/1000000 ok=1888 err=0
tenant-churn/d1-per-tenant/tenant-churn t=10 c=50 rps=- run=1: 2477/1000000 ok=2477 err=0
tenant-churn/d1-per-tenant/tenant-churn t=10 c=50 rps=- run=1: 3117/1000000 ok=3117 err=0
tenant-churn/d1-per-tenant/tenant-churn t=10 c=50 rps=- run=1: 3795/1000000 ok=3795 err=0
tenant-churn/d1-per-tenant/tenant-churn t=10 c=50 rps=- run=1: 4435/1000000 ok=4435 err=0
tenant-churn/d1-per-tenant/tenant-churn t=10 c=50 rps=- run=1: 5005/1000000 ok=5005 err=0
tenant-churn/d1-per-tenant/tenant-churn t=10 c=50 rps=- run=1: 5733/1000000 ok=5733 err=0
tenant-churn/d1-per-tenant/tenant-churn t=10 c=50 rps=- run=1: 6082/1000000 ok=6082 err=0
tenant-churn/d1-per-tenant/tenant-churn t=10 c=50 rps=- run=1: 6374/1000000 ok=6374 err=0
tenant-churn/d1-per-tenant/tenant-churn t=10 c=50 rps=- run=1: 6580/1000000 ok=6580 err=0
tenant-churn/d1-per-tenant/tenant-churn t=10 c=50 rps=- run=1: 6735/1000000 ok=6735 err=0
tenant-churn/d1-per-tenant/tenant-churn t=10 c=50 rps=- run=1: 6919/1000000 ok=6919 err=0
tenant-churn/d1-per-tenant/tenant-churn t=10 c=50 rps=- run=1: 7109/1000000 ok=7109 err=0
tenant-churn/d1-per-tenant/tenant-churn t=10 c=50 rps=- run=1: 7123/1000000 ok=7123 err=0
tenant-churn/turso-per-tenant/tenant-churn t=10 c=50 rps=- run=1: 574/1000000 ok=574 err=0
tenant-churn/turso-per-tenant/tenant-churn t=10 c=50 rps=- run=1: 1317/1000000 ok=1317 err=0
tenant-churn/turso-per-tenant/tenant-churn t=10 c=50 rps=- run=1: 2032/1000000 ok=2032 err=0
tenant-churn/turso-per-tenant/tenant-churn t=10 c=50 rps=- run=1: 2756/1000000 ok=2756 err=0
tenant-churn/turso-per-tenant/tenant-churn t=10 c=50 rps=- run=1: 3501/1000000 ok=3501 err=0
tenant-churn/turso-per-tenant/tenant-churn t=10 c=50 rps=- run=1: 4166/1000000 ok=4166 err=0
tenant-churn/turso-per-tenant/tenant-churn t=10 c=50 rps=- run=1: 4908/1000000 ok=4908 err=0
tenant-churn/turso-per-tenant/tenant-churn t=10 c=50 rps=- run=1: 5564/1000000 ok=5564 err=0
tenant-churn/turso-per-tenant/tenant-churn t=10 c=50 rps=- run=1: 5966/1000000 ok=5966 err=0
tenant-churn/turso-per-tenant/tenant-churn t=10 c=50 rps=- run=1: 6285/1000000 ok=6285 err=0
tenant-churn/turso-per-tenant/tenant-churn t=10 c=50 rps=- run=1: 6535/1000000 ok=6535 err=0
tenant-churn/turso-per-tenant/tenant-churn t=10 c=50 rps=- run=1: 6735/1000000 ok=6735 err=0
tenant-churn/turso-per-tenant/tenant-churn t=10 c=50 rps=- run=1: 6911/1000000 ok=6911 err=0
tenant-churn/turso-per-tenant/tenant-churn t=10 c=50 rps=- run=1: 7151/1000000 ok=7151 err=0
tenant-churn/turso-per-tenant/tenant-churn t=10 c=50 rps=- run=1: 7323/1000000 ok=7323 err=0
tenant-churn/tursodb-per-tenant/tenant-churn t=10 c=50 rps=- run=1: 614/1000000 ok=614 err=0
tenant-churn/tursodb-per-tenant/tenant-churn t=10 c=50 rps=- run=1: 1355/1000000 ok=1355 err=0
tenant-churn/tursodb-per-tenant/tenant-churn t=10 c=50 rps=- run=1: 2098/1000000 ok=2098 err=0
tenant-churn/tursodb-per-tenant/tenant-churn t=10 c=50 rps=- run=1: 2701/1000000 ok=2701 err=0
tenant-churn/tursodb-per-tenant/tenant-churn t=10 c=50 rps=- run=1: 3358/1000000 ok=3358 err=0
tenant-churn/tursodb-per-tenant/tenant-churn t=10 c=50 rps=- run=1: 4132/1000000 ok=4132 err=0
tenant-churn/tursodb-per-tenant/tenant-churn t=10 c=50 rps=- run=1: 4586/1000000 ok=4586 err=0
tenant-churn/tursodb-per-tenant/tenant-churn t=10 c=50 rps=- run=1: 5326/1000000 ok=5326 err=0
tenant-churn/tursodb-per-tenant/tenant-churn t=10 c=50 rps=- run=1: 5955/1000000 ok=5955 err=0
tenant-churn/tursodb-per-tenant/tenant-churn t=10 c=50 rps=- run=1: 6654/1000000 ok=6654 err=0
tenant-churn/tursodb-per-tenant/tenant-churn t=10 c=50 rps=- run=1: 7357/1000000 ok=7357 err=0
tenant-churn/tursodb-per-tenant/tenant-churn t=10 c=50 rps=- run=1: 8006/1000000 ok=8006 err=0
tenant-churn/tursodb-per-tenant/tenant-churn t=10 c=50 rps=- run=1: 8742/1000000 ok=8742 err=0
tenant-churn/tursodb-per-tenant/tenant-churn t=10 c=50 rps=- run=1: 9514/1000000 ok=9514 err=0
tenant-churn/tursodb-per-tenant/tenant-churn t=10 c=50 rps=- run=1: 10227/1000000 ok=10227 err=0
tenant-churn/d1-per-tenant/tenant-churn t=30 c=50 rps=- run=1: 792/1000000 ok=792 err=0
tenant-churn/d1-per-tenant/tenant-churn t=30 c=50 rps=- run=1: 1625/1000000 ok=1625 err=0
tenant-churn/d1-per-tenant/tenant-churn t=30 c=50 rps=- run=1: 2476/1000000 ok=2476 err=0
tenant-churn/d1-per-tenant/tenant-churn t=30 c=50 rps=- run=1: 2869/1000000 ok=2869 err=0
tenant-churn/d1-per-tenant/tenant-churn t=30 c=50 rps=- run=1: 3129/1000000 ok=3129 err=0
tenant-churn/d1-per-tenant/tenant-churn t=30 c=50 rps=- run=1: 3343/1000000 ok=3343 err=0
tenant-churn/d1-per-tenant/tenant-churn t=30 c=50 rps=- run=1: 3519/1000000 ok=3519 err=0
tenant-churn/d1-per-tenant/tenant-churn t=30 c=50 rps=- run=1: 3746/1000000 ok=3746 err=0
tenant-churn/d1-per-tenant/tenant-churn t=30 c=50 rps=- run=1: 3920/1000000 ok=3920 err=0
tenant-churn/d1-per-tenant/tenant-churn t=30 c=50 rps=- run=1: 4104/1000000 ok=4104 err=0
tenant-churn/d1-per-tenant/tenant-churn t=30 c=50 rps=- run=1: 4298/1000000 ok=4298 err=0
tenant-churn/d1-per-tenant/tenant-churn t=30 c=50 rps=- run=1: 4880/1000000 ok=4880 err=0
tenant-churn/d1-per-tenant/tenant-churn t=30 c=50 rps=- run=1: 5705/1000000 ok=5705 err=0
tenant-churn/d1-per-tenant/tenant-churn t=30 c=50 rps=- run=1: 6437/1000000 ok=6437 err=0
tenant-churn/d1-per-tenant/tenant-churn t=30 c=50 rps=- run=1: 7169/1000000 ok=7169 err=0
tenant-churn/turso-per-tenant/tenant-churn t=30 c=50 rps=- run=1: 531/1000000 ok=531 err=0
tenant-churn/turso-per-tenant/tenant-churn t=30 c=50 rps=- run=1: 1250/1000000 ok=1250 err=0
tenant-churn/turso-per-tenant/tenant-churn t=30 c=50 rps=- run=1: 1921/1000000 ok=1921 err=0
tenant-churn/turso-per-tenant/tenant-churn t=30 c=50 rps=- run=1: 2578/1000000 ok=2578 err=0
tenant-churn/turso-per-tenant/tenant-churn t=30 c=50 rps=- run=1: 3309/1000000 ok=3309 err=0
tenant-churn/turso-per-tenant/tenant-churn t=30 c=50 rps=- run=1: 4038/1000000 ok=4038 err=0
tenant-churn/turso-per-tenant/tenant-churn t=30 c=50 rps=- run=1: 4735/1000000 ok=4735 err=0
tenant-churn/turso-per-tenant/tenant-churn t=30 c=50 rps=- run=1: 5308/1000000 ok=5308 err=0
tenant-churn/turso-per-tenant/tenant-churn t=30 c=50 rps=- run=1: 5732/1000000 ok=5732 err=0
tenant-churn/turso-per-tenant/tenant-churn t=30 c=50 rps=- run=1: 6040/1000000 ok=6040 err=0
tenant-churn/turso-per-tenant/tenant-churn t=30 c=50 rps=- run=1: 6291/1000000 ok=6291 err=0
tenant-churn/turso-per-tenant/tenant-churn t=30 c=50 rps=- run=1: 6495/1000000 ok=6495 err=0
tenant-churn/turso-per-tenant/tenant-churn t=30 c=50 rps=- run=1: 6676/1000000 ok=6676 err=0
tenant-churn/turso-per-tenant/tenant-churn t=30 c=50 rps=- run=1: 6855/1000000 ok=6855 err=0
tenant-churn/turso-per-tenant/tenant-churn t=30 c=50 rps=- run=1: 7064/1000000 ok=7064 err=0
tenant-churn/turso-per-tenant/tenant-churn t=30 c=50 rps=- run=1: 7080/1000000 ok=7080 err=0
tenant-churn/tursodb-per-tenant/tenant-churn t=30 c=50 rps=- run=1: 257/1000000 ok=257 err=0
tenant-churn/tursodb-per-tenant/tenant-churn t=30 c=50 rps=- run=1: 962/1000000 ok=962 err=0
tenant-churn/tursodb-per-tenant/tenant-churn t=30 c=50 rps=- run=1: 1688/1000000 ok=1688 err=0
tenant-churn/tursodb-per-tenant/tenant-churn t=30 c=50 rps=- run=1: 2410/1000000 ok=2410 err=0
tenant-churn/tursodb-per-tenant/tenant-churn t=30 c=50 rps=- run=1: 3173/1000000 ok=3173 err=0
tenant-churn/tursodb-per-tenant/tenant-churn t=30 c=50 rps=- run=1: 3890/1000000 ok=3890 err=0
tenant-churn/tursodb-per-tenant/tenant-churn t=30 c=50 rps=- run=1: 4654/1000000 ok=4654 err=0
tenant-churn/tursodb-per-tenant/tenant-churn t=30 c=50 rps=- run=1: 5346/1000000 ok=5346 err=0
tenant-churn/tursodb-per-tenant/tenant-churn t=30 c=50 rps=- run=1: 5739/1000000 ok=5739 err=0
tenant-churn/tursodb-per-tenant/tenant-churn t=30 c=50 rps=- run=1: 6030/1000000 ok=6030 err=0
tenant-churn/tursodb-per-tenant/tenant-churn t=30 c=50 rps=- run=1: 6280/1000000 ok=6280 err=0
tenant-churn/tursodb-per-tenant/tenant-churn t=30 c=50 rps=- run=1: 6461/1000000 ok=6461 err=0
tenant-churn/tursodb-per-tenant/tenant-churn t=30 c=50 rps=- run=1: 6666/1000000 ok=6666 err=0
tenant-churn/tursodb-per-tenant/tenant-churn t=30 c=50 rps=- run=1: 6844/1000000 ok=6844 err=0
tenant-churn/tursodb-per-tenant/tenant-churn t=30 c=50 rps=- run=1: 7027/1000000 ok=7027 err=0
tenant-churn/tursodb-per-tenant/tenant-churn t=30 c=50 rps=- run=1: 7053/1000000 ok=7053 err=0
tenant-churn/d1-per-tenant/tenant-churn t=10 c=50 rps=- run=1: 758/1000000 ok=758 err=0
tenant-churn/d1-per-tenant/tenant-churn t=10 c=50 rps=- run=1: 1557/1000000 ok=1557 err=0
tenant-churn/d1-per-tenant/tenant-churn t=10 c=50 rps=- run=1: 2330/1000000 ok=2330 err=0
tenant-churn/d1-per-tenant/tenant-churn t=10 c=50 rps=- run=1: 3046/1000000 ok=3046 err=0
tenant-churn/d1-per-tenant/tenant-churn t=10 c=50 rps=- run=1: 3655/1000000 ok=3655 err=0
tenant-churn/d1-per-tenant/tenant-churn t=10 c=50 rps=- run=1: 4454/1000000 ok=4454 err=0
tenant-churn/d1-per-tenant/tenant-churn t=10 c=50 rps=- run=1: 5268/1000000 ok=5268 err=0
tenant-churn/d1-per-tenant/tenant-churn t=10 c=50 rps=- run=1: 6048/1000000 ok=6048 err=0
tenant-churn/d1-per-tenant/tenant-churn t=10 c=50 rps=- run=1: 6863/1000000 ok=6863 err=0
tenant-churn/d1-per-tenant/tenant-churn t=10 c=50 rps=- run=1: 7644/1000000 ok=7644 err=0
tenant-churn/d1-per-tenant/tenant-churn t=10 c=50 rps=- run=1: 8483/1000000 ok=8483 err=0
tenant-churn/d1-per-tenant/tenant-churn t=10 c=50 rps=- run=1: 9242/1000000 ok=9242 err=0
tenant-churn/d1-per-tenant/tenant-churn t=10 c=50 rps=- run=1: 9992/1000000 ok=9992 err=0
tenant-churn/d1-per-tenant/tenant-churn t=10 c=50 rps=- run=1: 10604/1000000 ok=10604 err=0
tenant-churn/d1-per-tenant/tenant-churn t=10 c=50 rps=- run=1: 11396/1000000 ok=11396 err=0
tenant-churn/d1-per-tenant/tenant-churn t=10 c=50 rps=- run=1: 11427/1000000 ok=11427 err=0
tenant-churn/turso-per-tenant/tenant-churn t=10 c=50 rps=- run=1: 556/1000000 ok=556 err=0
tenant-churn/turso-per-tenant/tenant-churn t=10 c=50 rps=- run=1: 1272/1000000 ok=1272 err=0
tenant-churn/turso-per-tenant/tenant-churn t=10 c=50 rps=- run=1: 2006/1000000 ok=2006 err=0
tenant-churn/turso-per-tenant/tenant-churn t=10 c=50 rps=- run=1: 2728/1000000 ok=2728 err=0
tenant-churn/turso-per-tenant/tenant-churn t=10 c=50 rps=- run=1: 3244/1000000 ok=3244 err=0
tenant-churn/turso-per-tenant/tenant-churn t=10 c=50 rps=- run=1: 3683/1000000 ok=3683 err=0
tenant-churn/turso-per-tenant/tenant-churn t=10 c=50 rps=- run=1: 3977/1000000 ok=3977 err=0
tenant-churn/turso-per-tenant/tenant-churn t=10 c=50 rps=- run=1: 4220/1000000 ok=4220 err=0
tenant-churn/turso-per-tenant/tenant-churn t=10 c=50 rps=- run=1: 4400/1000000 ok=4400 err=0
tenant-churn/turso-per-tenant/tenant-churn t=10 c=50 rps=- run=1: 4605/1000000 ok=4605 err=0
tenant-churn/turso-per-tenant/tenant-churn t=10 c=50 rps=- run=1: 4772/1000000 ok=4772 err=0
tenant-churn/turso-per-tenant/tenant-churn t=10 c=50 rps=- run=1: 5013/1000000 ok=5013 err=0
tenant-churn/turso-per-tenant/tenant-churn t=10 c=50 rps=- run=1: 5211/1000000 ok=5211 err=0
tenant-churn/turso-per-tenant/tenant-churn t=10 c=50 rps=- run=1: 5833/1000000 ok=5833 err=0
tenant-churn/turso-per-tenant/tenant-churn t=10 c=50 rps=- run=1: 6413/1000000 ok=6413 err=0
tenant-churn/tursodb-per-tenant/tenant-churn t=10 c=50 rps=- run=1: 518/1000000 ok=518 err=0
tenant-churn/tursodb-per-tenant/tenant-churn t=10 c=50 rps=- run=1: 1072/1000000 ok=1072 err=0
tenant-churn/tursodb-per-tenant/tenant-churn t=10 c=50 rps=- run=1: 1836/1000000 ok=1836 err=0
tenant-churn/tursodb-per-tenant/tenant-churn t=10 c=50 rps=- run=1: 2489/1000000 ok=2489 err=0
tenant-churn/tursodb-per-tenant/tenant-churn t=10 c=50 rps=- run=1: 3180/1000000 ok=3180 err=0
tenant-churn/tursodb-per-tenant/tenant-churn t=10 c=50 rps=- run=1: 3917/1000000 ok=3917 err=0
tenant-churn/tursodb-per-tenant/tenant-churn t=10 c=50 rps=- run=1: 4596/1000000 ok=4596 err=0
tenant-churn/tursodb-per-tenant/tenant-churn t=10 c=50 rps=- run=1: 5272/1000000 ok=5272 err=0
tenant-churn/tursodb-per-tenant/tenant-churn t=10 c=50 rps=- run=1: 5932/1000000 ok=5932 err=0
tenant-churn/tursodb-per-tenant/tenant-churn t=10 c=50 rps=- run=1: 6565/1000000 ok=6565 err=0
tenant-churn/tursodb-per-tenant/tenant-churn t=10 c=50 rps=- run=1: 7290/1000000 ok=7290 err=0
tenant-churn/tursodb-per-tenant/tenant-churn t=10 c=50 rps=- run=1: 8039/1000000 ok=8039 err=0
tenant-churn/tursodb-per-tenant/tenant-churn t=10 c=50 rps=- run=1: 8499/1000000 ok=8499 err=0
tenant-churn/tursodb-per-tenant/tenant-churn t=10 c=50 rps=- run=1: 8786/1000000 ok=8786 err=0
tenant-churn/tursodb-per-tenant/tenant-churn t=10 c=50 rps=- run=1: 9006/1000000 ok=9006 err=0
tenant-churn/tursodb-per-tenant/tenant-churn t=10 c=50 rps=- run=1: 9046/1000000 ok=9046 err=0
tenant-churn/d1-per-tenant/tenant-churn t=30 c=50 rps=- run=1: 151/1000000 ok=151 err=0
tenant-churn/d1-per-tenant/tenant-churn t=30 c=50 rps=- run=1: 358/1000000 ok=358 err=0
tenant-churn/d1-per-tenant/tenant-churn t=30 c=50 rps=- run=1: 597/1000000 ok=597 err=0
tenant-churn/d1-per-tenant/tenant-churn t=30 c=50 rps=- run=1: 1238/1000000 ok=1238 err=0
tenant-churn/d1-per-tenant/tenant-churn t=30 c=50 rps=- run=1: 1936/1000000 ok=1936 err=0
tenant-churn/d1-per-tenant/tenant-churn t=30 c=50 rps=- run=1: 2759/1000000 ok=2759 err=0
tenant-churn/d1-per-tenant/tenant-churn t=30 c=50 rps=- run=1: 3591/1000000 ok=3591 err=0
tenant-churn/d1-per-tenant/tenant-churn t=30 c=50 rps=- run=1: 4378/1000000 ok=4378 err=0
tenant-churn/d1-per-tenant/tenant-churn t=30 c=50 rps=- run=1: 5195/1000000 ok=5195 err=0
tenant-churn/d1-per-tenant/tenant-churn t=30 c=50 rps=- run=1: 5873/1000000 ok=5873 err=0
tenant-churn/d1-per-tenant/tenant-churn t=30 c=50 rps=- run=1: 6461/1000000 ok=6461 err=0
tenant-churn/d1-per-tenant/tenant-churn t=30 c=50 rps=- run=1: 7220/1000000 ok=7220 err=0
tenant-churn/d1-per-tenant/tenant-churn t=30 c=50 rps=- run=1: 8045/1000000 ok=8045 err=0
tenant-churn/d1-per-tenant/tenant-churn t=30 c=50 rps=- run=1: 8843/1000000 ok=8843 err=0
tenant-churn/d1-per-tenant/tenant-churn t=30 c=50 rps=- run=1: 9608/1000000 ok=9608 err=0
tenant-churn/turso-per-tenant/tenant-churn t=30 c=50 rps=- run=1: 515/1000000 ok=515 err=0
tenant-churn/turso-per-tenant/tenant-churn t=30 c=50 rps=- run=1: 989/1000000 ok=989 err=0
tenant-churn/turso-per-tenant/tenant-churn t=30 c=50 rps=- run=1: 1331/1000000 ok=1331 err=0
tenant-churn/turso-per-tenant/tenant-churn t=30 c=50 rps=- run=1: 1574/1000000 ok=1574 err=0
tenant-churn/turso-per-tenant/tenant-churn t=30 c=50 rps=- run=1: 1785/1000000 ok=1785 err=0
tenant-churn/turso-per-tenant/tenant-churn t=30 c=50 rps=- run=1: 1957/1000000 ok=1957 err=0
tenant-churn/turso-per-tenant/tenant-churn t=30 c=50 rps=- run=1: 2123/1000000 ok=2123 err=0
tenant-churn/turso-per-tenant/tenant-churn t=30 c=50 rps=- run=1: 2298/1000000 ok=2298 err=0
tenant-churn/turso-per-tenant/tenant-churn t=30 c=50 rps=- run=1: 2487/1000000 ok=2487 err=0
tenant-churn/turso-per-tenant/tenant-churn t=30 c=50 rps=- run=1: 3011/1000000 ok=3011 err=0
tenant-churn/turso-per-tenant/tenant-churn t=30 c=50 rps=- run=1: 3679/1000000 ok=3679 err=0
tenant-churn/turso-per-tenant/tenant-churn t=30 c=50 rps=- run=1: 4356/1000000 ok=4356 err=0
tenant-churn/turso-per-tenant/tenant-churn t=30 c=50 rps=- run=1: 4971/1000000 ok=4971 err=0
tenant-churn/turso-per-tenant/tenant-churn t=30 c=50 rps=- run=1: 5746/1000000 ok=5746 err=0
tenant-churn/turso-per-tenant/tenant-churn t=30 c=50 rps=- run=1: 6459/1000000 ok=6459 err=0
tenant-churn/tursodb-per-tenant/tenant-churn t=30 c=50 rps=- run=1: 215/1000000 ok=215 err=0
tenant-churn/tursodb-per-tenant/tenant-churn t=30 c=50 rps=- run=1: 951/1000000 ok=951 err=0
tenant-churn/tursodb-per-tenant/tenant-churn t=30 c=50 rps=- run=1: 1584/1000000 ok=1584 err=0
tenant-churn/tursodb-per-tenant/tenant-churn t=30 c=50 rps=- run=1: 2178/1000000 ok=2178 err=0
tenant-churn/tursodb-per-tenant/tenant-churn t=30 c=50 rps=- run=1: 2895/1000000 ok=2895 err=0
tenant-churn/tursodb-per-tenant/tenant-churn t=30 c=50 rps=- run=1: 3634/1000000 ok=3634 err=0
tenant-churn/tursodb-per-tenant/tenant-churn t=30 c=50 rps=- run=1: 4396/1000000 ok=4396 err=0
tenant-churn/tursodb-per-tenant/tenant-churn t=30 c=50 rps=- run=1: 5160/1000000 ok=5160 err=0
tenant-churn/tursodb-per-tenant/tenant-churn t=30 c=50 rps=- run=1: 5933/1000000 ok=5933 err=0
tenant-churn/tursodb-per-tenant/tenant-churn t=30 c=50 rps=- run=1: 6694/1000000 ok=6694 err=0
tenant-churn/tursodb-per-tenant/tenant-churn t=30 c=50 rps=- run=1: 7103/1000000 ok=7103 err=0
tenant-churn/tursodb-per-tenant/tenant-churn t=30 c=50 rps=- run=1: 7376/1000000 ok=7376 err=0
tenant-churn/tursodb-per-tenant/tenant-churn t=30 c=50 rps=- run=1: 7594/1000000 ok=7594 err=0
tenant-churn/tursodb-per-tenant/tenant-churn t=30 c=50 rps=- run=1: 7760/1000000 ok=7760 err=0
tenant-churn/tursodb-per-tenant/tenant-churn t=30 c=50 rps=- run=1: 7965/1000000 ok=7965 err=0
tenant-churn/tursodb-per-tenant/tenant-churn t=30 c=50 rps=- run=1: 7997/1000000 ok=7997 err=0
saturation/d1-per-tenant/lms-balanced t=1 c=1000 rps=10 run=1: 19/1000000 ok=19 err=0
saturation/d1-per-tenant/lms-balanced t=1 c=1000 rps=10 run=1: 39/1000000 ok=39 err=0
saturation/d1-per-tenant/lms-balanced t=1 c=1000 rps=10 run=1: 59/1000000 ok=59 err=0
saturation/d1-per-tenant/lms-balanced t=1 c=1000 rps=10 run=1: 81/1000000 ok=81 err=0
saturation/d1-per-tenant/lms-balanced t=1 c=1000 rps=10 run=1: 102/1000000 ok=102 err=0
saturation/d1-per-tenant/lms-balanced t=1 c=1000 rps=10 run=1: 123/1000000 ok=123 err=0
saturation/d1-per-tenant/lms-balanced t=1 c=1000 rps=10 run=1: 145/1000000 ok=145 err=0
saturation/d1-per-tenant/lms-balanced t=1 c=1000 rps=10 run=1: 166/1000000 ok=166 err=0
saturation/d1-per-tenant/lms-balanced t=1 c=1000 rps=10 run=1: 186/1000000 ok=186 err=0
saturation/d1-per-tenant/lms-balanced t=1 c=1000 rps=10 run=1: 208/1000000 ok=208 err=0
saturation/d1-per-tenant/lms-balanced t=1 c=1000 rps=10 run=1: 229/1000000 ok=229 err=0
saturation/d1-per-tenant/lms-balanced t=1 c=1000 rps=10 run=1: 249/1000000 ok=249 err=0
saturation/d1-per-tenant/lms-balanced t=1 c=1000 rps=10 run=1: 270/1000000 ok=270 err=0
saturation/d1-per-tenant/lms-balanced t=1 c=1000 rps=10 run=1: 290/1000000 ok=290 err=0
saturation/d1-per-tenant/lms-balanced t=1 c=1000 rps=10 run=1: 300/1000000 ok=300 err=0
saturation/turso-per-tenant/lms-balanced t=1 c=1000 rps=10 run=1: 19/1000000 ok=19 err=0
saturation/turso-per-tenant/lms-balanced t=1 c=1000 rps=10 run=1: 40/1000000 ok=40 err=0
saturation/turso-per-tenant/lms-balanced t=1 c=1000 rps=10 run=1: 62/1000000 ok=62 err=0
saturation/turso-per-tenant/lms-balanced t=1 c=1000 rps=10 run=1: 81/1000000 ok=81 err=0
saturation/turso-per-tenant/lms-balanced t=1 c=1000 rps=10 run=1: 100/1000000 ok=100 err=0
saturation/turso-per-tenant/lms-balanced t=1 c=1000 rps=10 run=1: 120/1000000 ok=120 err=0
saturation/turso-per-tenant/lms-balanced t=1 c=1000 rps=10 run=1: 141/1000000 ok=141 err=0
saturation/turso-per-tenant/lms-balanced t=1 c=1000 rps=10 run=1: 162/1000000 ok=162 err=0
saturation/turso-per-tenant/lms-balanced t=1 c=1000 rps=10 run=1: 182/1000000 ok=182 err=0
saturation/turso-per-tenant/lms-balanced t=1 c=1000 rps=10 run=1: 203/1000000 ok=203 err=0
saturation/turso-per-tenant/lms-balanced t=1 c=1000 rps=10 run=1: 227/1000000 ok=227 err=0
saturation/turso-per-tenant/lms-balanced t=1 c=1000 rps=10 run=1: 249/1000000 ok=249 err=0
saturation/turso-per-tenant/lms-balanced t=1 c=1000 rps=10 run=1: 270/1000000 ok=270 err=0
saturation/turso-per-tenant/lms-balanced t=1 c=1000 rps=10 run=1: 290/1000000 ok=290 err=0
saturation/turso-per-tenant/lms-balanced t=1 c=1000 rps=10 run=1: 300/1000000 ok=300 err=0
saturation/tursodb-per-tenant/lms-balanced t=1 c=1000 rps=10 run=1: 19/1000000 ok=19 err=0
saturation/tursodb-per-tenant/lms-balanced t=1 c=1000 rps=10 run=1: 40/1000000 ok=40 err=0
saturation/tursodb-per-tenant/lms-balanced t=1 c=1000 rps=10 run=1: 60/1000000 ok=59 err=1
saturation/tursodb-per-tenant/lms-balanced t=1 c=1000 rps=10 run=1: 81/1000000 ok=79 err=2
saturation/tursodb-per-tenant/lms-balanced t=1 c=1000 rps=10 run=1: 100/1000000 ok=97 err=3
saturation/tursodb-per-tenant/lms-balanced t=1 c=1000 rps=10 run=1: 120/1000000 ok=117 err=3
saturation/tursodb-per-tenant/lms-balanced t=1 c=1000 rps=10 run=1: 140/1000000 ok=137 err=3
saturation/tursodb-per-tenant/lms-balanced t=1 c=1000 rps=10 run=1: 161/1000000 ok=158 err=3
saturation/tursodb-per-tenant/lms-balanced t=1 c=1000 rps=10 run=1: 183/1000000 ok=179 err=4
saturation/tursodb-per-tenant/lms-balanced t=1 c=1000 rps=10 run=1: 208/1000000 ok=204 err=4
saturation/tursodb-per-tenant/lms-balanced t=1 c=1000 rps=10 run=1: 230/1000000 ok=226 err=4
saturation/tursodb-per-tenant/lms-balanced t=1 c=1000 rps=10 run=1: 249/1000000 ok=245 err=4
saturation/tursodb-per-tenant/lms-balanced t=1 c=1000 rps=10 run=1: 271/1000000 ok=267 err=4
saturation/tursodb-per-tenant/lms-balanced t=1 c=1000 rps=10 run=1: 291/1000000 ok=287 err=4
saturation/tursodb-per-tenant/lms-balanced t=1 c=1000 rps=10 run=1: 300/1000000 ok=296 err=4
saturation/d1-per-tenant/lms-balanced t=1 c=1000 rps=25 run=1: 45/1000000 ok=45 err=0
saturation/d1-per-tenant/lms-balanced t=1 c=1000 rps=25 run=1: 96/1000000 ok=96 err=0
saturation/d1-per-tenant/lms-balanced t=1 c=1000 rps=25 run=1: 146/1000000 ok=146 err=0
saturation/d1-per-tenant/lms-balanced t=1 c=1000 rps=25 run=1: 196/1000000 ok=196 err=0
saturation/d1-per-tenant/lms-balanced t=1 c=1000 rps=25 run=1: 249/1000000 ok=249 err=0
saturation/d1-per-tenant/lms-balanced t=1 c=1000 rps=25 run=1: 298/1000000 ok=298 err=0
saturation/d1-per-tenant/lms-balanced t=1 c=1000 rps=25 run=1: 350/1000000 ok=350 err=0
saturation/d1-per-tenant/lms-balanced t=1 c=1000 rps=25 run=1: 400/1000000 ok=400 err=0
saturation/d1-per-tenant/lms-balanced t=1 c=1000 rps=25 run=1: 451/1000000 ok=451 err=0
saturation/d1-per-tenant/lms-balanced t=1 c=1000 rps=25 run=1: 503/1000000 ok=503 err=0
saturation/d1-per-tenant/lms-balanced t=1 c=1000 rps=25 run=1: 553/1000000 ok=553 err=0
saturation/d1-per-tenant/lms-balanced t=1 c=1000 rps=25 run=1: 604/1000000 ok=604 err=0
saturation/d1-per-tenant/lms-balanced t=1 c=1000 rps=25 run=1: 656/1000000 ok=656 err=0
saturation/d1-per-tenant/lms-balanced t=1 c=1000 rps=25 run=1: 707/1000000 ok=707 err=0
saturation/d1-per-tenant/lms-balanced t=1 c=1000 rps=25 run=1: 750/1000000 ok=750 err=0
saturation/turso-per-tenant/lms-balanced t=1 c=1000 rps=25 run=1: 40/1000000 ok=40 err=0
saturation/turso-per-tenant/lms-balanced t=1 c=1000 rps=25 run=1: 89/1000000 ok=89 err=0
saturation/turso-per-tenant/lms-balanced t=1 c=1000 rps=25 run=1: 138/1000000 ok=138 err=0
saturation/turso-per-tenant/lms-balanced t=1 c=1000 rps=25 run=1: 181/1000000 ok=181 err=0
saturation/turso-per-tenant/lms-balanced t=1 c=1000 rps=25 run=1: 241/1000000 ok=241 err=0
saturation/turso-per-tenant/lms-balanced t=1 c=1000 rps=25 run=1: 289/1000000 ok=289 err=0
saturation/turso-per-tenant/lms-balanced t=1 c=1000 rps=25 run=1: 350/1000000 ok=350 err=0
saturation/turso-per-tenant/lms-balanced t=1 c=1000 rps=25 run=1: 403/1000000 ok=403 err=0
saturation/turso-per-tenant/lms-balanced t=1 c=1000 rps=25 run=1: 453/1000000 ok=453 err=0
saturation/turso-per-tenant/lms-balanced t=1 c=1000 rps=25 run=1: 505/1000000 ok=505 err=0
saturation/turso-per-tenant/lms-balanced t=1 c=1000 rps=25 run=1: 556/1000000 ok=556 err=0
saturation/turso-per-tenant/lms-balanced t=1 c=1000 rps=25 run=1: 608/1000000 ok=608 err=0
saturation/turso-per-tenant/lms-balanced t=1 c=1000 rps=25 run=1: 657/1000000 ok=657 err=0
saturation/turso-per-tenant/lms-balanced t=1 c=1000 rps=25 run=1: 706/1000000 ok=706 err=0
saturation/turso-per-tenant/lms-balanced t=1 c=1000 rps=25 run=1: 750/1000000 ok=750 err=0
saturation/tursodb-per-tenant/lms-balanced t=1 c=1000 rps=25 run=1: 31/1000000 ok=31 err=0
saturation/tursodb-per-tenant/lms-balanced t=1 c=1000 rps=25 run=1: 86/1000000 ok=83 err=3
saturation/tursodb-per-tenant/lms-balanced t=1 c=1000 rps=25 run=1: 136/1000000 ok=133 err=3
saturation/tursodb-per-tenant/lms-balanced t=1 c=1000 rps=25 run=1: 198/1000000 ok=194 err=4
saturation/tursodb-per-tenant/lms-balanced t=1 c=1000 rps=25 run=1: 250/1000000 ok=246 err=4
saturation/tursodb-per-tenant/lms-balanced t=1 c=1000 rps=25 run=1: 301/1000000 ok=297 err=4
saturation/tursodb-per-tenant/lms-balanced t=1 c=1000 rps=25 run=1: 351/1000000 ok=347 err=4
saturation/tursodb-per-tenant/lms-balanced t=1 c=1000 rps=25 run=1: 402/1000000 ok=398 err=4
saturation/tursodb-per-tenant/lms-balanced t=1 c=1000 rps=25 run=1: 453/1000000 ok=448 err=5
saturation/tursodb-per-tenant/lms-balanced t=1 c=1000 rps=25 run=1: 505/1000000 ok=500 err=5
saturation/tursodb-per-tenant/lms-balanced t=1 c=1000 rps=25 run=1: 557/1000000 ok=551 err=6
saturation/tursodb-per-tenant/lms-balanced t=1 c=1000 rps=25 run=1: 606/1000000 ok=597 err=9
saturation/tursodb-per-tenant/lms-balanced t=1 c=1000 rps=25 run=1: 658/1000000 ok=649 err=9
saturation/tursodb-per-tenant/lms-balanced t=1 c=1000 rps=25 run=1: 710/1000000 ok=700 err=10
saturation/tursodb-per-tenant/lms-balanced t=1 c=1000 rps=25 run=1: 750/1000000 ok=740 err=10
saturation/d1-per-tenant/lms-balanced t=1 c=1000 rps=50 run=1: 87/1000000 ok=87 err=0
saturation/d1-per-tenant/lms-balanced t=1 c=1000 rps=50 run=1: 188/1000000 ok=188 err=0
saturation/d1-per-tenant/lms-balanced t=1 c=1000 rps=50 run=1: 295/1000000 ok=295 err=0
saturation/d1-per-tenant/lms-balanced t=1 c=1000 rps=50 run=1: 392/1000000 ok=392 err=0
saturation/d1-per-tenant/lms-balanced t=1 c=1000 rps=50 run=1: 485/1000000 ok=485 err=0
saturation/d1-per-tenant/lms-balanced t=1 c=1000 rps=50 run=1: 574/1000000 ok=574 err=0
saturation/d1-per-tenant/lms-balanced t=1 c=1000 rps=50 run=1: 673/1000000 ok=673 err=0
saturation/d1-per-tenant/lms-balanced t=1 c=1000 rps=50 run=1: 766/1000000 ok=766 err=0
saturation/d1-per-tenant/lms-balanced t=1 c=1000 rps=50 run=1: 870/1000000 ok=870 err=0
saturation/d1-per-tenant/lms-balanced t=1 c=1000 rps=50 run=1: 982/1000000 ok=982 err=0
saturation/d1-per-tenant/lms-balanced t=1 c=1000 rps=50 run=1: 1086/1000000 ok=1086 err=0
saturation/d1-per-tenant/lms-balanced t=1 c=1000 rps=50 run=1: 1196/1000000 ok=1196 err=0
saturation/d1-per-tenant/lms-balanced t=1 c=1000 rps=50 run=1: 1318/1000000 ok=1318 err=0
saturation/d1-per-tenant/lms-balanced t=1 c=1000 rps=50 run=1: 1424/1000000 ok=1424 err=0
saturation/d1-per-tenant/lms-balanced t=1 c=1000 rps=50 run=1: 1500/1000000 ok=1500 err=0
saturation/turso-per-tenant/lms-balanced t=1 c=1000 rps=50 run=1: 86/1000000 ok=86 err=0
saturation/turso-per-tenant/lms-balanced t=1 c=1000 rps=50 run=1: 187/1000000 ok=187 err=0
saturation/turso-per-tenant/lms-balanced t=1 c=1000 rps=50 run=1: 287/1000000 ok=287 err=0
saturation/turso-per-tenant/lms-balanced t=1 c=1000 rps=50 run=1: 388/1000000 ok=388 err=0
saturation/turso-per-tenant/lms-balanced t=1 c=1000 rps=50 run=1: 488/1000000 ok=488 err=0
saturation/turso-per-tenant/lms-balanced t=1 c=1000 rps=50 run=1: 589/1000000 ok=589 err=0
saturation/turso-per-tenant/lms-balanced t=1 c=1000 rps=50 run=1: 685/1000000 ok=685 err=0
saturation/turso-per-tenant/lms-balanced t=1 c=1000 rps=50 run=1: 784/1000000 ok=784 err=0
saturation/turso-per-tenant/lms-balanced t=1 c=1000 rps=50 run=1: 881/1000000 ok=881 err=0
saturation/turso-per-tenant/lms-balanced t=1 c=1000 rps=50 run=1: 980/1000000 ok=980 err=0
saturation/turso-per-tenant/lms-balanced t=1 c=1000 rps=50 run=1: 1077/1000000 ok=1077 err=0
saturation/turso-per-tenant/lms-balanced t=1 c=1000 rps=50 run=1: 1182/1000000 ok=1182 err=0
saturation/turso-per-tenant/lms-balanced t=1 c=1000 rps=50 run=1: 1287/1000000 ok=1287 err=0
saturation/turso-per-tenant/lms-balanced t=1 c=1000 rps=50 run=1: 1398/1000000 ok=1398 err=0
saturation/turso-per-tenant/lms-balanced t=1 c=1000 rps=50 run=1: 1500/1000000 ok=1500 err=0
saturation/tursodb-per-tenant/lms-balanced t=1 c=1000 rps=50 run=1: 87/1000000 ok=84 err=3
saturation/tursodb-per-tenant/lms-balanced t=1 c=1000 rps=50 run=1: 189/1000000 ok=185 err=4
saturation/tursodb-per-tenant/lms-balanced t=1 c=1000 rps=50 run=1: 288/1000000 ok=284 err=4
saturation/tursodb-per-tenant/lms-balanced t=1 c=1000 rps=50 run=1: 389/1000000 ok=385 err=4
saturation/tursodb-per-tenant/lms-balanced t=1 c=1000 rps=50 run=1: 488/1000000 ok=483 err=5
saturation/tursodb-per-tenant/lms-balanced t=1 c=1000 rps=50 run=1: 589/1000000 ok=580 err=9
saturation/tursodb-per-tenant/lms-balanced t=1 c=1000 rps=50 run=1: 684/1000000 ok=674 err=10
saturation/tursodb-per-tenant/lms-balanced t=1 c=1000 rps=50 run=1: 782/1000000 ok=770 err=12
saturation/tursodb-per-tenant/lms-balanced t=1 c=1000 rps=50 run=1: 879/1000000 ok=865 err=14
saturation/tursodb-per-tenant/lms-balanced t=1 c=1000 rps=50 run=1: 974/1000000 ok=960 err=14
saturation/tursodb-per-tenant/lms-balanced t=1 c=1000 rps=50 run=1: 1073/1000000 ok=1059 err=14
saturation/tursodb-per-tenant/lms-balanced t=1 c=1000 rps=50 run=1: 1175/1000000 ok=1159 err=16
saturation/tursodb-per-tenant/lms-balanced t=1 c=1000 rps=50 run=1: 1283/1000000 ok=1267 err=16
saturation/tursodb-per-tenant/lms-balanced t=1 c=1000 rps=50 run=1: 1399/1000000 ok=1380 err=19
saturation/tursodb-per-tenant/lms-balanced t=1 c=1000 rps=50 run=1: 1498/1000000 ok=1479 err=19
saturation/tursodb-per-tenant/lms-balanced t=1 c=1000 rps=50 run=1: 1500/1000000 ok=1481 err=19
saturation/d1-per-tenant/lms-balanced t=1 c=1000 rps=100 run=1: 170/1000000 ok=170 err=0
saturation/d1-per-tenant/lms-balanced t=1 c=1000 rps=100 run=1: 361/1000000 ok=361 err=0
saturation/d1-per-tenant/lms-balanced t=1 c=1000 rps=100 run=1: 560/1000000 ok=560 err=0
saturation/d1-per-tenant/lms-balanced t=1 c=1000 rps=100 run=1: 763/1000000 ok=763 err=0
saturation/d1-per-tenant/lms-balanced t=1 c=1000 rps=100 run=1: 971/1000000 ok=971 err=0
saturation/d1-per-tenant/lms-balanced t=1 c=1000 rps=100 run=1: 1164/1000000 ok=1164 err=0
saturation/d1-per-tenant/lms-balanced t=1 c=1000 rps=100 run=1: 1374/1000000 ok=1374 err=0
saturation/d1-per-tenant/lms-balanced t=1 c=1000 rps=100 run=1: 1577/1000000 ok=1577 err=0
saturation/d1-per-tenant/lms-balanced t=1 c=1000 rps=100 run=1: 1763/1000000 ok=1763 err=0
saturation/d1-per-tenant/lms-balanced t=1 c=1000 rps=100 run=1: 1926/1000000 ok=1926 err=0
saturation/d1-per-tenant/lms-balanced t=1 c=1000 rps=100 run=1: 2195/1000000 ok=2195 err=0
saturation/d1-per-tenant/lms-balanced t=1 c=1000 rps=100 run=1: 2392/1000000 ok=2392 err=0
saturation/d1-per-tenant/lms-balanced t=1 c=1000 rps=100 run=1: 2605/1000000 ok=2605 err=0
saturation/d1-per-tenant/lms-balanced t=1 c=1000 rps=100 run=1: 2805/1000000 ok=2805 err=0
saturation/d1-per-tenant/lms-balanced t=1 c=1000 rps=100 run=1: 3000/1000000 ok=3000 err=0
saturation/turso-per-tenant/lms-balanced t=1 c=1000 rps=100 run=1: 173/1000000 ok=173 err=0
saturation/turso-per-tenant/lms-balanced t=1 c=1000 rps=100 run=1: 373/1000000 ok=373 err=0
saturation/turso-per-tenant/lms-balanced t=1 c=1000 rps=100 run=1: 572/1000000 ok=572 err=0
saturation/turso-per-tenant/lms-balanced t=1 c=1000 rps=100 run=1: 770/1000000 ok=770 err=0
saturation/turso-per-tenant/lms-balanced t=1 c=1000 rps=100 run=1: 979/1000000 ok=979 err=0
saturation/turso-per-tenant/lms-balanced t=1 c=1000 rps=100 run=1: 1178/1000000 ok=1178 err=0
saturation/turso-per-tenant/lms-balanced t=1 c=1000 rps=100 run=1: 1380/1000000 ok=1380 err=0
saturation/turso-per-tenant/lms-balanced t=1 c=1000 rps=100 run=1: 1582/1000000 ok=1582 err=0
saturation/turso-per-tenant/lms-balanced t=1 c=1000 rps=100 run=1: 1783/1000000 ok=1783 err=0
saturation/turso-per-tenant/lms-balanced t=1 c=1000 rps=100 run=1: 1985/1000000 ok=1985 err=0
saturation/turso-per-tenant/lms-balanced t=1 c=1000 rps=100 run=1: 2185/1000000 ok=2185 err=0
saturation/turso-per-tenant/lms-balanced t=1 c=1000 rps=100 run=1: 2389/1000000 ok=2389 err=0
saturation/turso-per-tenant/lms-balanced t=1 c=1000 rps=100 run=1: 2574/1000000 ok=2574 err=0
saturation/turso-per-tenant/lms-balanced t=1 c=1000 rps=100 run=1: 2770/1000000 ok=2770 err=0
saturation/turso-per-tenant/lms-balanced t=1 c=1000 rps=100 run=1: 2958/1000000 ok=2958 err=0
saturation/turso-per-tenant/lms-balanced t=1 c=1000 rps=100 run=1: 3000/1000000 ok=3000 err=0
saturation/tursodb-per-tenant/lms-balanced t=1 c=1000 rps=100 run=1: 88/1000000 ok=87 err=1
saturation/tursodb-per-tenant/lms-balanced t=1 c=1000 rps=100 run=1: 316/1000000 ok=312 err=4
saturation/tursodb-per-tenant/lms-balanced t=1 c=1000 rps=100 run=1: 572/1000000 ok=566 err=6
saturation/tursodb-per-tenant/lms-balanced t=1 c=1000 rps=100 run=1: 779/1000000 ok=767 err=12
saturation/tursodb-per-tenant/lms-balanced t=1 c=1000 rps=100 run=1: 982/1000000 ok=968 err=14
saturation/tursodb-per-tenant/lms-balanced t=1 c=1000 rps=100 run=1: 1180/1000000 ok=1164 err=16
saturation/tursodb-per-tenant/lms-balanced t=1 c=1000 rps=100 run=1: 1384/1000000 ok=1365 err=19
saturation/tursodb-per-tenant/lms-balanced t=1 c=1000 rps=100 run=1: 1582/1000000 ok=1560 err=22
saturation/tursodb-per-tenant/lms-balanced t=1 c=1000 rps=100 run=1: 1777/1000000 ok=1753 err=24
saturation/tursodb-per-tenant/lms-balanced t=1 c=1000 rps=100 run=1: 1966/1000000 ok=1941 err=25
saturation/tursodb-per-tenant/lms-balanced t=1 c=1000 rps=100 run=1: 2155/1000000 ok=2127 err=28
saturation/tursodb-per-tenant/lms-balanced t=1 c=1000 rps=100 run=1: 2347/1000000 ok=2313 err=34
saturation/tursodb-per-tenant/lms-balanced t=1 c=1000 rps=100 run=1: 2545/1000000 ok=2508 err=37
saturation/tursodb-per-tenant/lms-balanced t=1 c=1000 rps=100 run=1: 2749/1000000 ok=2708 err=41
saturation/tursodb-per-tenant/lms-balanced t=1 c=1000 rps=100 run=1: 2950/1000000 ok=2905 err=45
saturation/tursodb-per-tenant/lms-balanced t=1 c=1000 rps=100 run=1: 3000/1000000 ok=2955 err=45
saturation/d1-per-tenant/lms-balanced t=1 c=1000 rps=200 run=1: 140/1000000 ok=140 err=0
saturation/d1-per-tenant/lms-balanced t=1 c=1000 rps=200 run=1: 445/1000000 ok=445 err=0
saturation/d1-per-tenant/lms-balanced t=1 c=1000 rps=200 run=1: 707/1000000 ok=707 err=0
saturation/d1-per-tenant/lms-balanced t=1 c=1000 rps=200 run=1: 1055/1000000 ok=1055 err=0
saturation/d1-per-tenant/lms-balanced t=1 c=1000 rps=200 run=1: 1372/1000000 ok=1372 err=0
saturation/d1-per-tenant/lms-balanced t=1 c=1000 rps=200 run=1: 1714/1000000 ok=1710 err=4
saturation/d1-per-tenant/lms-balanced t=1 c=1000 rps=200 run=1: 2054/1000000 ok=1881 err=173
saturation/d1-per-tenant/lms-balanced t=1 c=1000 rps=200 run=1: 2431/1000000 ok=1935 err=496
saturation/d1-per-tenant/lms-balanced t=1 c=1000 rps=200 run=1: 2830/1000000 ok=1958 err=872
saturation/d1-per-tenant/lms-balanced t=1 c=1000 rps=200 run=1: 3230/1000000 ok=1958 err=1272
saturation/d1-per-tenant/lms-balanced t=1 c=1000 rps=200 run=1: 3630/1000000 ok=1958 err=1672
saturation/d1-per-tenant/lms-balanced t=1 c=1000 rps=200 run=1: 4027/1000000 ok=1958 err=2069
saturation/d1-per-tenant/lms-balanced t=1 c=1000 rps=200 run=1: 4427/1000000 ok=1958 err=2469
saturation/d1-per-tenant/lms-balanced t=1 c=1000 rps=200 run=1: 4827/1000000 ok=1958 err=2869
saturation/d1-per-tenant/lms-balanced t=1 c=1000 rps=200 run=1: 5226/1000000 ok=1958 err=3268
saturation/d1-per-tenant/lms-balanced t=1 c=1000 rps=200 run=1: 5623/1000000 ok=1958 err=3665
saturation/d1-per-tenant/lms-balanced t=1 c=1000 rps=200 run=1: 5989/1000000 ok=1958 err=4031
saturation/turso-per-tenant/lms-balanced t=1 c=1000 rps=200 run=1: 74/1000000 ok=74 err=0
saturation/turso-per-tenant/lms-balanced t=1 c=1000 rps=200 run=1: 655/1000000 ok=655 err=0
saturation/turso-per-tenant/lms-balanced t=1 c=1000 rps=200 run=1: 1071/1000000 ok=1071 err=0
saturation/turso-per-tenant/lms-balanced t=1 c=1000 rps=200 run=1: 1478/1000000 ok=1478 err=0
saturation/turso-per-tenant/lms-balanced t=1 c=1000 rps=200 run=1: 1873/1000000 ok=1873 err=0
saturation/turso-per-tenant/lms-balanced t=1 c=1000 rps=200 run=1: 2345/1000000 ok=2345 err=0
saturation/turso-per-tenant/lms-balanced t=1 c=1000 rps=200 run=1: 2760/1000000 ok=2760 err=0
saturation/turso-per-tenant/lms-balanced t=1 c=1000 rps=200 run=1: 3177/1000000 ok=3177 err=0
saturation/turso-per-tenant/lms-balanced t=1 c=1000 rps=200 run=1: 3574/1000000 ok=3574 err=0
saturation/turso-per-tenant/lms-balanced t=1 c=1000 rps=200 run=1: 3981/1000000 ok=3981 err=0
saturation/turso-per-tenant/lms-balanced t=1 c=1000 rps=200 run=1: 4377/1000000 ok=4377 err=0
saturation/turso-per-tenant/lms-balanced t=1 c=1000 rps=200 run=1: 4781/1000000 ok=4781 err=0
saturation/turso-per-tenant/lms-balanced t=1 c=1000 rps=200 run=1: 5142/1000000 ok=5142 err=0
saturation/turso-per-tenant/lms-balanced t=1 c=1000 rps=200 run=1: 5583/1000000 ok=5583 err=0
saturation/turso-per-tenant/lms-balanced t=1 c=1000 rps=200 run=1: 5971/1000000 ok=5971 err=0
saturation/turso-per-tenant/lms-balanced t=1 c=1000 rps=200 run=1: 6000/1000000 ok=6000 err=0
saturation/tursodb-per-tenant/lms-balanced t=1 c=1000 rps=200 run=1: 229/1000000 ok=225 err=4
saturation/tursodb-per-tenant/lms-balanced t=1 c=1000 rps=200 run=1: 567/1000000 ok=563 err=4
saturation/tursodb-per-tenant/lms-balanced t=1 c=1000 rps=200 run=1: 861/1000000 ok=853 err=8
saturation/tursodb-per-tenant/lms-balanced t=1 c=1000 rps=200 run=1: 1156/1000000 ok=1144 err=12
saturation/tursodb-per-tenant/lms-balanced t=1 c=1000 rps=200 run=1: 1421/1000000 ok=1383 err=38
saturation/tursodb-per-tenant/lms-balanced t=1 c=1000 rps=200 run=1: 1700/1000000 ok=1602 err=98
saturation/tursodb-per-tenant/lms-balanced t=1 c=1000 rps=200 run=1: 2027/1000000 ok=1852 err=175
saturation/tursodb-per-tenant/lms-balanced t=1 c=1000 rps=200 run=1: 2372/1000000 ok=2106 err=266
saturation/tursodb-per-tenant/lms-balanced t=1 c=1000 rps=200 run=1: 2774/1000000 ok=2394 err=380
saturation/tursodb-per-tenant/lms-balanced t=1 c=1000 rps=200 run=1: 3152/1000000 ok=2643 err=509
saturation/tursodb-per-tenant/lms-balanced t=1 c=1000 rps=200 run=1: 3569/1000000 ok=2867 err=702
saturation/tursodb-per-tenant/lms-balanced t=1 c=1000 rps=200 run=1: 3971/1000000 ok=3167 err=804
saturation/tursodb-per-tenant/lms-balanced t=1 c=1000 rps=200 run=1: 4438/1000000 ok=3566 err=872
saturation/tursodb-per-tenant/lms-balanced t=1 c=1000 rps=200 run=1: 4868/1000000 ok=3929 err=939
saturation/tursodb-per-tenant/lms-balanced t=1 c=1000 rps=200 run=1: 5296/1000000 ok=4268 err=1028
saturation/tursodb-per-tenant/lms-balanced t=1 c=1000 rps=200 run=1: 5742/1000000 ok=4644 err=1098
saturation/tursodb-per-tenant/lms-balanced t=1 c=1000 rps=200 run=1: 5976/1000000 ok=4817 err=1159
saturation/tursodb-per-tenant/lms-balanced t=1 c=1000 rps=200 run=1: 6000/1000000 ok=4817 err=1183
saturation/d1-per-tenant/lms-balanced t=1 c=1000 rps=500 run=1: 123/1000000 ok=123 err=0
saturation/d1-per-tenant/lms-balanced t=1 c=1000 rps=500 run=1: 409/1000000 ok=409 err=0
saturation/d1-per-tenant/lms-balanced t=1 c=1000 rps=500 run=1: 707/1000000 ok=707 err=0
saturation/d1-per-tenant/lms-balanced t=1 c=1000 rps=500 run=1: 1305/1000000 ok=768 err=537
saturation/d1-per-tenant/lms-balanced t=1 c=1000 rps=500 run=1: 1630/1000000 ok=790 err=840
saturation/d1-per-tenant/lms-balanced t=1 c=1000 rps=500 run=1: 2207/1000000 ok=796 err=1411
saturation/d1-per-tenant/lms-balanced t=1 c=1000 rps=500 run=1: 2479/1000000 ok=796 err=1683
saturation/d1-per-tenant/lms-balanced t=1 c=1000 rps=500 run=1: 2871/1000000 ok=816 err=2055
saturation/d1-per-tenant/lms-balanced t=1 c=1000 rps=500 run=1: 4474/1000000 ok=866 err=3608
saturation/d1-per-tenant/lms-balanced t=1 c=1000 rps=500 run=1: 4728/1000000 ok=1106 err=3622
saturation/d1-per-tenant/lms-balanced t=1 c=1000 rps=500 run=1: 5044/1000000 ok=1422 err=3622
saturation/d1-per-tenant/lms-balanced t=1 c=1000 rps=500 run=1: 5485/1000000 ok=1633 err=3852
saturation/d1-per-tenant/lms-balanced t=1 c=1000 rps=500 run=1: 5891/1000000 ok=1642 err=4249
saturation/d1-per-tenant/lms-balanced t=1 c=1000 rps=500 run=1: 6161/1000000 ok=1643 err=4518
saturation/d1-per-tenant/lms-balanced t=1 c=1000 rps=500 run=1: 6798/1000000 ok=1643 err=5155
saturation/d1-per-tenant/lms-balanced t=1 c=1000 rps=500 run=1: 7133/1000000 ok=1643 err=5490
saturation/d1-per-tenant/lms-balanced t=1 c=1000 rps=500 run=1: 7508/1000000 ok=1647 err=5861
saturation/turso-per-tenant/lms-balanced t=1 c=1000 rps=500 run=1: 526/1000000 ok=526 err=0
saturation/turso-per-tenant/lms-balanced t=1 c=1000 rps=500 run=1: 1220/1000000 ok=1220 err=0
saturation/turso-per-tenant/lms-balanced t=1 c=1000 rps=500 run=1: 1654/1000000 ok=1654 err=0
saturation/turso-per-tenant/lms-balanced t=1 c=1000 rps=500 run=1: 2017/1000000 ok=1941 err=76
saturation/turso-per-tenant/lms-balanced t=1 c=1000 rps=500 run=1: 2477/1000000 ok=2164 err=313
saturation/turso-per-tenant/lms-balanced t=1 c=1000 rps=500 run=1: 2852/1000000 ok=2289 err=563
saturation/turso-per-tenant/lms-balanced t=1 c=1000 rps=500 run=1: 3217/1000000 ok=2343 err=874
saturation/turso-per-tenant/lms-balanced t=1 c=1000 rps=500 run=1: 3694/1000000 ok=2375 err=1319
saturation/turso-per-tenant/lms-balanced t=1 c=1000 rps=500 run=1: 4034/1000000 ok=2404 err=1630
saturation/turso-per-tenant/lms-balanced t=1 c=1000 rps=500 run=1: 4486/1000000 ok=2428 err=2058
saturation/turso-per-tenant/lms-balanced t=1 c=1000 rps=500 run=1: 4861/1000000 ok=2439 err=2422
saturation/turso-per-tenant/lms-balanced t=1 c=1000 rps=500 run=1: 5348/1000000 ok=2653 err=2695
saturation/turso-per-tenant/lms-balanced t=1 c=1000 rps=500 run=1: 6059/1000000 ok=3269 err=2790
saturation/turso-per-tenant/lms-balanced t=1 c=1000 rps=500 run=1: 6554/1000000 ok=3710 err=2844
saturation/turso-per-tenant/lms-balanced t=1 c=1000 rps=500 run=1: 7052/1000000 ok=4099 err=2953
saturation/turso-per-tenant/lms-balanced t=1 c=1000 rps=500 run=1: 7625/1000000 ok=4574 err=3051
saturation/turso-per-tenant/lms-balanced t=1 c=1000 rps=500 run=1: 7986/1000000 ok=4846 err=3140
saturation/turso-per-tenant/lms-balanced t=1 c=1000 rps=500 run=1: 8029/1000000 ok=4849 err=3180
saturation/tursodb-per-tenant/lms-balanced t=1 c=1000 rps=500 run=1: 249/1000000 ok=246 err=3
saturation/tursodb-per-tenant/lms-balanced t=1 c=1000 rps=500 run=1: 650/1000000 ok=646 err=4
saturation/tursodb-per-tenant/lms-balanced t=1 c=1000 rps=500 run=1: 1074/1000000 ok=1018 err=56
saturation/tursodb-per-tenant/lms-balanced t=1 c=1000 rps=500 run=1: 1624/1000000 ok=1395 err=229
saturation/tursodb-per-tenant/lms-balanced t=1 c=1000 rps=500 run=1: 2113/1000000 ok=1786 err=327
saturation/tursodb-per-tenant/lms-balanced t=1 c=1000 rps=500 run=1: 2487/1000000 ok=2058 err=429
saturation/tursodb-per-tenant/lms-balanced t=1 c=1000 rps=500 run=1: 2919/1000000 ok=2207 err=712
saturation/tursodb-per-tenant/lms-balanced t=1 c=1000 rps=500 run=1: 3352/1000000 ok=2437 err=915
saturation/tursodb-per-tenant/lms-balanced t=1 c=1000 rps=500 run=1: 3790/1000000 ok=2732 err=1058
saturation/tursodb-per-tenant/lms-balanced t=1 c=1000 rps=500 run=1: 4243/1000000 ok=3034 err=1209
saturation/tursodb-per-tenant/lms-balanced t=1 c=1000 rps=500 run=1: 4655/1000000 ok=3317 err=1338
saturation/tursodb-per-tenant/lms-balanced t=1 c=1000 rps=500 run=1: 5071/1000000 ok=3505 err=1566
saturation/tursodb-per-tenant/lms-balanced t=1 c=1000 rps=500 run=1: 5481/1000000 ok=3623 err=1858
saturation/tursodb-per-tenant/lms-balanced t=1 c=1000 rps=500 run=1: 5894/1000000 ok=3704 err=2190
saturation/tursodb-per-tenant/lms-balanced t=1 c=1000 rps=500 run=1: 6294/1000000 ok=3766 err=2528
saturation/tursodb-per-tenant/lms-balanced t=1 c=1000 rps=500 run=1: 6694/1000000 ok=3812 err=2882
saturation/tursodb-per-tenant/lms-balanced t=1 c=1000 rps=500 run=1: 7106/1000000 ok=3850 err=3256
saturation/tursodb-per-tenant/lms-balanced t=1 c=1000 rps=500 run=1: 7263/1000000 ok=3865 err=3398
edge/d1-per-tenant/first-request-after-idle run=1 sample=1/1: idle 30000ms
edge/turso-per-tenant/first-request-after-idle run=1 sample=1/1: idle 30000ms
edge/tursodb-per-tenant/first-request-after-idle run=1 sample=1/1: idle 30000ms
edge/d1-per-tenant/first-request-after-idle run=1 sample=1/1: idle 30000ms
edge/turso-per-tenant/first-request-after-idle run=1 sample=1/1: idle 30000ms
edge/tursodb-per-tenant/first-request-after-idle run=1 sample=1/1: idle 30000ms
edge/d1-per-tenant/first-request-after-idle run=1 sample=1/1: idle 30000ms
edge/turso-per-tenant/first-request-after-idle run=1 sample=1/1: idle 30000ms
edge/tursodb-per-tenant/first-request-after-idle run=1 sample=1/1: idle 30000ms
edge/d1-per-tenant/first-request-after-idle run=1 sample=1/1: idle 30000ms
edge/turso-per-tenant/first-request-after-idle run=1 sample=1/1: idle 30000ms
edge/tursodb-per-tenant/first-request-after-idle run=1 sample=1/1: idle 30000ms
latency/turso-per-tenant/point-read t=1 c=1 rps=- run=2: 16/1000000 ok=16 err=0
latency/turso-per-tenant/point-read t=1 c=1 rps=- run=2: 32/1000000 ok=32 err=0
latency/turso-per-tenant/point-read t=1 c=1 rps=- run=2: 48/1000000 ok=48 err=0
latency/turso-per-tenant/point-read t=1 c=1 rps=- run=2: 65/1000000 ok=65 err=0
latency/turso-per-tenant/point-read t=1 c=1 rps=- run=2: 81/1000000 ok=81 err=0
latency/turso-per-tenant/point-read t=1 c=1 rps=- run=2: 97/1000000 ok=97 err=0
latency/turso-per-tenant/point-read t=1 c=1 rps=- run=2: 114/1000000 ok=114 err=0
latency/turso-per-tenant/point-read t=1 c=1 rps=- run=2: 130/1000000 ok=130 err=0
latency/turso-per-tenant/point-read t=1 c=1 rps=- run=2: 145/1000000 ok=145 err=0
latency/turso-per-tenant/point-read t=1 c=1 rps=- run=2: 162/1000000 ok=162 err=0
latency/turso-per-tenant/point-read t=1 c=1 rps=- run=2: 177/1000000 ok=177 err=0
latency/turso-per-tenant/point-read t=1 c=1 rps=- run=2: 193/1000000 ok=193 err=0
latency/turso-per-tenant/point-read t=1 c=1 rps=- run=2: 210/1000000 ok=210 err=0
latency/turso-per-tenant/point-read t=1 c=1 rps=- run=2: 225/1000000 ok=225 err=0
latency/turso-per-tenant/point-read t=1 c=1 rps=- run=2: 231/1000000 ok=231 err=0
latency/tursodb-per-tenant/point-read t=1 c=1 rps=- run=2: 6/1000000 ok=6 err=0
latency/tursodb-per-tenant/point-read t=1 c=1 rps=- run=2: 10/1000000 ok=10 err=0
latency/tursodb-per-tenant/point-read t=1 c=1 rps=- run=2: 14/1000000 ok=14 err=0
latency/tursodb-per-tenant/point-read t=1 c=1 rps=- run=2: 19/1000000 ok=19 err=0
latency/tursodb-per-tenant/point-read t=1 c=1 rps=- run=2: 23/1000000 ok=23 err=0
latency/tursodb-per-tenant/point-read t=1 c=1 rps=- run=2: 38/1000000 ok=38 err=0
latency/tursodb-per-tenant/point-read t=1 c=1 rps=- run=2: 54/1000000 ok=54 err=0
latency/tursodb-per-tenant/point-read t=1 c=1 rps=- run=2: 70/1000000 ok=70 err=0
latency/tursodb-per-tenant/point-read t=1 c=1 rps=- run=2: 85/1000000 ok=85 err=0
latency/tursodb-per-tenant/point-read t=1 c=1 rps=- run=2: 101/1000000 ok=101 err=0
latency/tursodb-per-tenant/point-read t=1 c=1 rps=- run=2: 114/1000000 ok=114 err=0
latency/tursodb-per-tenant/point-read t=1 c=1 rps=- run=2: 122/1000000 ok=122 err=0
latency/tursodb-per-tenant/point-read t=1 c=1 rps=- run=2: 128/1000000 ok=128 err=0
latency/tursodb-per-tenant/point-read t=1 c=1 rps=- run=2: 132/1000000 ok=132 err=0
latency/d1-per-tenant/point-read t=1 c=1 rps=- run=2: 5/1000000 ok=5 err=0
latency/d1-per-tenant/point-read t=1 c=1 rps=- run=2: 9/1000000 ok=9 err=0
latency/d1-per-tenant/point-read t=1 c=1 rps=- run=2: 21/1000000 ok=21 err=0
latency/d1-per-tenant/point-read t=1 c=1 rps=- run=2: 39/1000000 ok=39 err=0
latency/d1-per-tenant/point-read t=1 c=1 rps=- run=2: 57/1000000 ok=57 err=0
latency/d1-per-tenant/point-read t=1 c=1 rps=- run=2: 75/1000000 ok=75 err=0
latency/d1-per-tenant/point-read t=1 c=1 rps=- run=2: 93/1000000 ok=93 err=0
latency/d1-per-tenant/point-read t=1 c=1 rps=- run=2: 111/1000000 ok=111 err=0
latency/d1-per-tenant/point-read t=1 c=1 rps=- run=2: 129/1000000 ok=129 err=0
latency/d1-per-tenant/point-read t=1 c=1 rps=- run=2: 147/1000000 ok=147 err=0
latency/d1-per-tenant/point-read t=1 c=1 rps=- run=2: 165/1000000 ok=165 err=0
latency/d1-per-tenant/point-read t=1 c=1 rps=- run=2: 181/1000000 ok=181 err=0
latency/d1-per-tenant/point-read t=1 c=1 rps=- run=2: 199/1000000 ok=199 err=0
latency/d1-per-tenant/point-read t=1 c=1 rps=- run=2: 217/1000000 ok=217 err=0
latency/d1-per-tenant/point-read t=1 c=1 rps=- run=2: 224/1000000 ok=224 err=0
mixed-lms/turso-per-tenant/lms-balanced t=1 c=1 rps=- run=2: 8/1000000 ok=8 err=0
mixed-lms/turso-per-tenant/lms-balanced t=1 c=1 rps=- run=2: 15/1000000 ok=15 err=0
mixed-lms/turso-per-tenant/lms-balanced t=1 c=1 rps=- run=2: 22/1000000 ok=22 err=0
mixed-lms/turso-per-tenant/lms-balanced t=1 c=1 rps=- run=2: 28/1000000 ok=28 err=0
mixed-lms/turso-per-tenant/lms-balanced t=1 c=1 rps=- run=2: 35/1000000 ok=35 err=0
mixed-lms/turso-per-tenant/lms-balanced t=1 c=1 rps=- run=2: 43/1000000 ok=43 err=0
mixed-lms/turso-per-tenant/lms-balanced t=1 c=1 rps=- run=2: 49/1000000 ok=49 err=0
mixed-lms/turso-per-tenant/lms-balanced t=1 c=1 rps=- run=2: 54/1000000 ok=54 err=0
mixed-lms/turso-per-tenant/lms-balanced t=1 c=1 rps=- run=2: 58/1000000 ok=58 err=0
mixed-lms/turso-per-tenant/lms-balanced t=1 c=1 rps=- run=2: 62/1000000 ok=62 err=0
mixed-lms/turso-per-tenant/lms-balanced t=1 c=1 rps=- run=2: 65/1000000 ok=65 err=0
mixed-lms/turso-per-tenant/lms-balanced t=1 c=1 rps=- run=2: 69/1000000 ok=69 err=0
mixed-lms/turso-per-tenant/lms-balanced t=1 c=1 rps=- run=2: 74/1000000 ok=74 err=0
mixed-lms/turso-per-tenant/lms-balanced t=1 c=1 rps=- run=2: 76/1000000 ok=76 err=0
mixed-lms/tursodb-per-tenant/lms-balanced t=1 c=1 rps=- run=2: 7/1000000 ok=7 err=0
mixed-lms/tursodb-per-tenant/lms-balanced t=1 c=1 rps=- run=2: 14/1000000 ok=14 err=0
mixed-lms/tursodb-per-tenant/lms-balanced t=1 c=1 rps=- run=2: 21/1000000 ok=21 err=0
mixed-lms/tursodb-per-tenant/lms-balanced t=1 c=1 rps=- run=2: 28/1000000 ok=28 err=0
mixed-lms/tursodb-per-tenant/lms-balanced t=1 c=1 rps=- run=2: 33/1000000 ok=33 err=0
mixed-lms/tursodb-per-tenant/lms-balanced t=1 c=1 rps=- run=2: 37/1000000 ok=37 err=0
mixed-lms/tursodb-per-tenant/lms-balanced t=1 c=1 rps=- run=2: 41/1000000 ok=41 err=0
mixed-lms/tursodb-per-tenant/lms-balanced t=1 c=1 rps=- run=2: 44/1000000 ok=44 err=0
mixed-lms/tursodb-per-tenant/lms-balanced t=1 c=1 rps=- run=2: 48/1000000 ok=48 err=0
mixed-lms/tursodb-per-tenant/lms-balanced t=1 c=1 rps=- run=2: 54/1000000 ok=53 err=1
mixed-lms/tursodb-per-tenant/lms-balanced t=1 c=1 rps=- run=2: 61/1000000 ok=60 err=1
mixed-lms/tursodb-per-tenant/lms-balanced t=1 c=1 rps=- run=2: 68/1000000 ok=67 err=1
mixed-lms/tursodb-per-tenant/lms-balanced t=1 c=1 rps=- run=2: 75/1000000 ok=74 err=1
mixed-lms/tursodb-per-tenant/lms-balanced t=1 c=1 rps=- run=2: 76/1000000 ok=75 err=1
mixed-lms/d1-per-tenant/lms-balanced t=1 c=1 rps=- run=2: 8/1000000 ok=8 err=0
mixed-lms/d1-per-tenant/lms-balanced t=1 c=1 rps=- run=2: 16/1000000 ok=16 err=0
mixed-lms/d1-per-tenant/lms-balanced t=1 c=1 rps=- run=2: 22/1000000 ok=22 err=0
mixed-lms/d1-per-tenant/lms-balanced t=1 c=1 rps=- run=2: 26/1000000 ok=26 err=0
mixed-lms/d1-per-tenant/lms-balanced t=1 c=1 rps=- run=2: 30/1000000 ok=30 err=0
mixed-lms/d1-per-tenant/lms-balanced t=1 c=1 rps=- run=2: 34/1000000 ok=34 err=0
mixed-lms/d1-per-tenant/lms-balanced t=1 c=1 rps=- run=2: 38/1000000 ok=38 err=0
mixed-lms/d1-per-tenant/lms-balanced t=1 c=1 rps=- run=2: 41/1000000 ok=41 err=0
mixed-lms/d1-per-tenant/lms-balanced t=1 c=1 rps=- run=2: 45/1000000 ok=45 err=0
mixed-lms/d1-per-tenant/lms-balanced t=1 c=1 rps=- run=2: 52/1000000 ok=52 err=0
mixed-lms/d1-per-tenant/lms-balanced t=1 c=1 rps=- run=2: 60/1000000 ok=60 err=0
mixed-lms/d1-per-tenant/lms-balanced t=1 c=1 rps=- run=2: 68/1000000 ok=68 err=0
mixed-lms/d1-per-tenant/lms-balanced t=1 c=1 rps=- run=2: 76/1000000 ok=76 err=0
mixed-lms/d1-per-tenant/lms-balanced t=1 c=1 rps=- run=2: 82/1000000 ok=82 err=0
mixed-lms/turso-per-tenant/lms-balanced t=1 c=10 rps=- run=2: 54/1000000 ok=54 err=0
mixed-lms/turso-per-tenant/lms-balanced t=1 c=10 rps=- run=2: 124/1000000 ok=124 err=0
mixed-lms/turso-per-tenant/lms-balanced t=1 c=10 rps=- run=2: 193/1000000 ok=193 err=0
mixed-lms/turso-per-tenant/lms-balanced t=1 c=10 rps=- run=2: 263/1000000 ok=263 err=0
mixed-lms/turso-per-tenant/lms-balanced t=1 c=10 rps=- run=2: 334/1000000 ok=334 err=0
mixed-lms/turso-per-tenant/lms-balanced t=1 c=10 rps=- run=2: 405/1000000 ok=405 err=0
mixed-lms/turso-per-tenant/lms-balanced t=1 c=10 rps=- run=2: 473/1000000 ok=473 err=0
mixed-lms/turso-per-tenant/lms-balanced t=1 c=10 rps=- run=2: 543/1000000 ok=543 err=0
mixed-lms/turso-per-tenant/lms-balanced t=1 c=10 rps=- run=2: 612/1000000 ok=612 err=0
mixed-lms/turso-per-tenant/lms-balanced t=1 c=10 rps=- run=2: 685/1000000 ok=685 err=0
mixed-lms/turso-per-tenant/lms-balanced t=1 c=10 rps=- run=2: 758/1000000 ok=758 err=0
mixed-lms/turso-per-tenant/lms-balanced t=1 c=10 rps=- run=2: 830/1000000 ok=830 err=0
mixed-lms/turso-per-tenant/lms-balanced t=1 c=10 rps=- run=2: 902/1000000 ok=902 err=0
mixed-lms/turso-per-tenant/lms-balanced t=1 c=10 rps=- run=2: 969/1000000 ok=969 err=0
mixed-lms/turso-per-tenant/lms-balanced t=1 c=10 rps=- run=2: 1031/1000000 ok=1031 err=0
mixed-lms/tursodb-per-tenant/lms-balanced t=1 c=10 rps=- run=2: 54/1000000 ok=53 err=1
mixed-lms/tursodb-per-tenant/lms-balanced t=1 c=10 rps=- run=2: 122/1000000 ok=119 err=3
mixed-lms/tursodb-per-tenant/lms-balanced t=1 c=10 rps=- run=2: 191/1000000 ok=187 err=4
mixed-lms/tursodb-per-tenant/lms-balanced t=1 c=10 rps=- run=2: 259/1000000 ok=255 err=4
mixed-lms/tursodb-per-tenant/lms-balanced t=1 c=10 rps=- run=2: 326/1000000 ok=322 err=4
mixed-lms/tursodb-per-tenant/lms-balanced t=1 c=10 rps=- run=2: 394/1000000 ok=390 err=4
mixed-lms/tursodb-per-tenant/lms-balanced t=1 c=10 rps=- run=2: 460/1000000 ok=455 err=5
mixed-lms/tursodb-per-tenant/lms-balanced t=1 c=10 rps=- run=2: 528/1000000 ok=523 err=5
mixed-lms/tursodb-per-tenant/lms-balanced t=1 c=10 rps=- run=2: 597/1000000 ok=589 err=8
mixed-lms/tursodb-per-tenant/lms-balanced t=1 c=10 rps=- run=2: 665/1000000 ok=657 err=8
mixed-lms/tursodb-per-tenant/lms-balanced t=1 c=10 rps=- run=2: 730/1000000 ok=721 err=9
mixed-lms/tursodb-per-tenant/lms-balanced t=1 c=10 rps=- run=2: 800/1000000 ok=789 err=11
mixed-lms/tursodb-per-tenant/lms-balanced t=1 c=10 rps=- run=2: 863/1000000 ok=850 err=13
mixed-lms/tursodb-per-tenant/lms-balanced t=1 c=10 rps=- run=2: 932/1000000 ok=919 err=13
mixed-lms/tursodb-per-tenant/lms-balanced t=1 c=10 rps=- run=2: 999/1000000 ok=986 err=13
mixed-lms/tursodb-per-tenant/lms-balanced t=1 c=10 rps=- run=2: 999/1000000 ok=986 err=13
mixed-lms/d1-per-tenant/lms-balanced t=1 c=10 rps=- run=2: 68/1000000 ok=68 err=0
mixed-lms/d1-per-tenant/lms-balanced t=1 c=10 rps=- run=2: 143/1000000 ok=143 err=0
mixed-lms/d1-per-tenant/lms-balanced t=1 c=10 rps=- run=2: 216/1000000 ok=216 err=0
mixed-lms/d1-per-tenant/lms-balanced t=1 c=10 rps=- run=2: 291/1000000 ok=291 err=0
mixed-lms/d1-per-tenant/lms-balanced t=1 c=10 rps=- run=2: 366/1000000 ok=366 err=0
mixed-lms/d1-per-tenant/lms-balanced t=1 c=10 rps=- run=2: 441/1000000 ok=441 err=0
mixed-lms/d1-per-tenant/lms-balanced t=1 c=10 rps=- run=2: 513/1000000 ok=513 err=0
mixed-lms/d1-per-tenant/lms-balanced t=1 c=10 rps=- run=2: 586/1000000 ok=586 err=0
mixed-lms/d1-per-tenant/lms-balanced t=1 c=10 rps=- run=2: 657/1000000 ok=657 err=0
mixed-lms/d1-per-tenant/lms-balanced t=1 c=10 rps=- run=2: 735/1000000 ok=735 err=0
mixed-lms/d1-per-tenant/lms-balanced t=1 c=10 rps=- run=2: 807/1000000 ok=807 err=0
mixed-lms/d1-per-tenant/lms-balanced t=1 c=10 rps=- run=2: 879/1000000 ok=879 err=0
mixed-lms/d1-per-tenant/lms-balanced t=1 c=10 rps=- run=2: 958/1000000 ok=958 err=0
mixed-lms/d1-per-tenant/lms-balanced t=1 c=10 rps=- run=2: 1030/1000000 ok=1030 err=0
mixed-lms/d1-per-tenant/lms-balanced t=1 c=10 rps=- run=2: 1093/1000000 ok=1093 err=0
mixed-lms/turso-per-tenant/lms-balanced t=1 c=25 rps=- run=2: 119/1000000 ok=119 err=0
mixed-lms/turso-per-tenant/lms-balanced t=1 c=25 rps=- run=2: 243/1000000 ok=243 err=0
mixed-lms/turso-per-tenant/lms-balanced t=1 c=25 rps=- run=2: 397/1000000 ok=397 err=0
mixed-lms/turso-per-tenant/lms-balanced t=1 c=25 rps=- run=2: 531/1000000 ok=531 err=0
mixed-lms/turso-per-tenant/lms-balanced t=1 c=25 rps=- run=2: 629/1000000 ok=629 err=0
mixed-lms/turso-per-tenant/lms-balanced t=1 c=25 rps=- run=2: 715/1000000 ok=715 err=0
mixed-lms/turso-per-tenant/lms-balanced t=1 c=25 rps=- run=2: 785/1000000 ok=785 err=0
mixed-lms/turso-per-tenant/lms-balanced t=1 c=25 rps=- run=2: 862/1000000 ok=862 err=0
mixed-lms/turso-per-tenant/lms-balanced t=1 c=25 rps=- run=2: 936/1000000 ok=936 err=0
mixed-lms/turso-per-tenant/lms-balanced t=1 c=25 rps=- run=2: 1005/1000000 ok=1005 err=0
mixed-lms/turso-per-tenant/lms-balanced t=1 c=25 rps=- run=2: 1079/1000000 ok=1079 err=0
mixed-lms/turso-per-tenant/lms-balanced t=1 c=25 rps=- run=2: 1219/1000000 ok=1219 err=0
mixed-lms/turso-per-tenant/lms-balanced t=1 c=25 rps=- run=2: 1384/1000000 ok=1384 err=0
mixed-lms/turso-per-tenant/lms-balanced t=1 c=25 rps=- run=2: 1550/1000000 ok=1550 err=0
mixed-lms/turso-per-tenant/lms-balanced t=1 c=25 rps=- run=2: 1688/1000000 ok=1688 err=0
mixed-lms/tursodb-per-tenant/lms-balanced t=1 c=25 rps=- run=2: 130/1000000 ok=127 err=3
mixed-lms/tursodb-per-tenant/lms-balanced t=1 c=25 rps=- run=2: 292/1000000 ok=288 err=4
mixed-lms/tursodb-per-tenant/lms-balanced t=1 c=25 rps=- run=2: 460/1000000 ok=455 err=5
mixed-lms/tursodb-per-tenant/lms-balanced t=1 c=25 rps=- run=2: 626/1000000 ok=618 err=8
mixed-lms/tursodb-per-tenant/lms-balanced t=1 c=25 rps=- run=2: 790/1000000 ok=779 err=11
mixed-lms/tursodb-per-tenant/lms-balanced t=1 c=25 rps=- run=2: 927/1000000 ok=914 err=13
mixed-lms/tursodb-per-tenant/lms-balanced t=1 c=25 rps=- run=2: 1031/1000000 ok=1018 err=13
mixed-lms/tursodb-per-tenant/lms-balanced t=1 c=25 rps=- run=2: 1119/1000000 ok=1105 err=14
mixed-lms/tursodb-per-tenant/lms-balanced t=1 c=25 rps=- run=2: 1187/1000000 ok=1172 err=15
mixed-lms/tursodb-per-tenant/lms-balanced t=1 c=25 rps=- run=2: 1266/1000000 ok=1251 err=15
mixed-lms/tursodb-per-tenant/lms-balanced t=1 c=25 rps=- run=2: 1342/1000000 ok=1327 err=15
mixed-lms/tursodb-per-tenant/lms-balanced t=1 c=25 rps=- run=2: 1413/1000000 ok=1395 err=18
mixed-lms/tursodb-per-tenant/lms-balanced t=1 c=25 rps=- run=2: 1482/1000000 ok=1464 err=18
mixed-lms/tursodb-per-tenant/lms-balanced t=1 c=25 rps=- run=2: 1640/1000000 ok=1620 err=20
mixed-lms/tursodb-per-tenant/lms-balanced t=1 c=25 rps=- run=2: 1799/1000000 ok=1777 err=22
mixed-lms/tursodb-per-tenant/lms-balanced t=1 c=25 rps=- run=2: 1807/1000000 ok=1785 err=22
mixed-lms/d1-per-tenant/lms-balanced t=1 c=25 rps=- run=2: 133/1000000 ok=133 err=0
mixed-lms/d1-per-tenant/lms-balanced t=1 c=25 rps=- run=2: 278/1000000 ok=278 err=0
mixed-lms/d1-per-tenant/lms-balanced t=1 c=25 rps=- run=2: 435/1000000 ok=435 err=0
mixed-lms/d1-per-tenant/lms-balanced t=1 c=25 rps=- run=2: 585/1000000 ok=585 err=0
mixed-lms/d1-per-tenant/lms-balanced t=1 c=25 rps=- run=2: 747/1000000 ok=747 err=0
mixed-lms/d1-per-tenant/lms-balanced t=1 c=25 rps=- run=2: 902/1000000 ok=902 err=0
mixed-lms/d1-per-tenant/lms-balanced t=1 c=25 rps=- run=2: 1056/1000000 ok=1056 err=0
mixed-lms/d1-per-tenant/lms-balanced t=1 c=25 rps=- run=2: 1217/1000000 ok=1217 err=0
mixed-lms/d1-per-tenant/lms-balanced t=1 c=25 rps=- run=2: 1358/1000000 ok=1358 err=0
mixed-lms/d1-per-tenant/lms-balanced t=1 c=25 rps=- run=2: 1506/1000000 ok=1506 err=0
mixed-lms/d1-per-tenant/lms-balanced t=1 c=25 rps=- run=2: 1625/1000000 ok=1625 err=0
mixed-lms/d1-per-tenant/lms-balanced t=1 c=25 rps=- run=2: 1730/1000000 ok=1730 err=0
mixed-lms/d1-per-tenant/lms-balanced t=1 c=25 rps=- run=2: 1857/1000000 ok=1857 err=0
mixed-lms/d1-per-tenant/lms-balanced t=1 c=25 rps=- run=2: 1979/1000000 ok=1979 err=0
mixed-lms/d1-per-tenant/lms-balanced t=1 c=25 rps=- run=2: 2083/1000000 ok=2083 err=0
mixed-lms/turso-per-tenant/lms-balanced t=1 c=50 rps=- run=2: 51/1000000 ok=51 err=0
mixed-lms/turso-per-tenant/lms-balanced t=1 c=50 rps=- run=2: 325/1000000 ok=325 err=0
mixed-lms/turso-per-tenant/lms-balanced t=1 c=50 rps=- run=2: 648/1000000 ok=648 err=0
mixed-lms/turso-per-tenant/lms-balanced t=1 c=50 rps=- run=2: 970/1000000 ok=970 err=0
mixed-lms/turso-per-tenant/lms-balanced t=1 c=50 rps=- run=2: 1290/1000000 ok=1290 err=0
mixed-lms/turso-per-tenant/lms-balanced t=1 c=50 rps=- run=2: 1606/1000000 ok=1606 err=0
mixed-lms/turso-per-tenant/lms-balanced t=1 c=50 rps=- run=2: 1891/1000000 ok=1891 err=0
mixed-lms/turso-per-tenant/lms-balanced t=1 c=50 rps=- run=2: 2216/1000000 ok=2216 err=0
mixed-lms/turso-per-tenant/lms-balanced t=1 c=50 rps=- run=2: 2542/1000000 ok=2542 err=0
mixed-lms/turso-per-tenant/lms-balanced t=1 c=50 rps=- run=2: 2868/1000000 ok=2868 err=0
mixed-lms/turso-per-tenant/lms-balanced t=1 c=50 rps=- run=2: 3197/1000000 ok=3197 err=0
mixed-lms/turso-per-tenant/lms-balanced t=1 c=50 rps=- run=2: 3521/1000000 ok=3521 err=0
mixed-lms/turso-per-tenant/lms-balanced t=1 c=50 rps=- run=2: 3830/1000000 ok=3830 err=0
mixed-lms/turso-per-tenant/lms-balanced t=1 c=50 rps=- run=2: 4119/1000000 ok=4119 err=0
mixed-lms/turso-per-tenant/lms-balanced t=1 c=50 rps=- run=2: 4345/1000000 ok=4345 err=0
mixed-lms/turso-per-tenant/lms-balanced t=1 c=50 rps=- run=2: 4364/1000000 ok=4364 err=0
mixed-lms/tursodb-per-tenant/lms-balanced t=1 c=50 rps=- run=2: 78/1000000 ok=75 err=3
mixed-lms/tursodb-per-tenant/lms-balanced t=1 c=50 rps=- run=2: 224/1000000 ok=220 err=4
mixed-lms/tursodb-per-tenant/lms-balanced t=1 c=50 rps=- run=2: 364/1000000 ok=360 err=4
mixed-lms/tursodb-per-tenant/lms-balanced t=1 c=50 rps=- run=2: 520/1000000 ok=515 err=5
mixed-lms/tursodb-per-tenant/lms-balanced t=1 c=50 rps=- run=2: 663/1000000 ok=655 err=8
mixed-lms/tursodb-per-tenant/lms-balanced t=1 c=50 rps=- run=2: 889/1000000 ok=876 err=13
mixed-lms/tursodb-per-tenant/lms-balanced t=1 c=50 rps=- run=2: 1141/1000000 ok=1127 err=14
mixed-lms/tursodb-per-tenant/lms-balanced t=1 c=50 rps=- run=2: 1391/1000000 ok=1375 err=16
mixed-lms/tursodb-per-tenant/lms-balanced t=1 c=50 rps=- run=2: 1623/1000000 ok=1603 err=20
mixed-lms/tursodb-per-tenant/lms-balanced t=1 c=50 rps=- run=2: 1864/1000000 ok=1842 err=22
mixed-lms/tursodb-per-tenant/lms-balanced t=1 c=50 rps=- run=2: 2089/1000000 ok=2064 err=25
mixed-lms/tursodb-per-tenant/lms-balanced t=1 c=50 rps=- run=2: 2323/1000000 ok=2292 err=31
mixed-lms/tursodb-per-tenant/lms-balanced t=1 c=50 rps=- run=2: 2556/1000000 ok=2521 err=35
mixed-lms/tursodb-per-tenant/lms-balanced t=1 c=50 rps=- run=2: 2785/1000000 ok=2746 err=39
mixed-lms/tursodb-per-tenant/lms-balanced t=1 c=50 rps=- run=2: 3003/1000000 ok=2960 err=43
mixed-lms/tursodb-per-tenant/lms-balanced t=1 c=50 rps=- run=2: 3032/1000000 ok=2988 err=44
mixed-lms/d1-per-tenant/lms-balanced t=1 c=50 rps=- run=2: 167/1000000 ok=167 err=0
mixed-lms/d1-per-tenant/lms-balanced t=1 c=50 rps=- run=2: 374/1000000 ok=374 err=0
mixed-lms/d1-per-tenant/lms-balanced t=1 c=50 rps=- run=2: 600/1000000 ok=600 err=0
mixed-lms/d1-per-tenant/lms-balanced t=1 c=50 rps=- run=2: 798/1000000 ok=798 err=0
mixed-lms/d1-per-tenant/lms-balanced t=1 c=50 rps=- run=2: 1002/1000000 ok=1002 err=0
mixed-lms/d1-per-tenant/lms-balanced t=1 c=50 rps=- run=2: 1226/1000000 ok=1226 err=0
mixed-lms/d1-per-tenant/lms-balanced t=1 c=50 rps=- run=2: 1454/1000000 ok=1454 err=0
mixed-lms/d1-per-tenant/lms-balanced t=1 c=50 rps=- run=2: 1669/1000000 ok=1669 err=0
mixed-lms/d1-per-tenant/lms-balanced t=1 c=50 rps=- run=2: 1912/1000000 ok=1912 err=0
mixed-lms/d1-per-tenant/lms-balanced t=1 c=50 rps=- run=2: 2131/1000000 ok=2131 err=0
mixed-lms/d1-per-tenant/lms-balanced t=1 c=50 rps=- run=2: 2380/1000000 ok=2380 err=0
mixed-lms/d1-per-tenant/lms-balanced t=1 c=50 rps=- run=2: 2603/1000000 ok=2603 err=0
mixed-lms/d1-per-tenant/lms-balanced t=1 c=50 rps=- run=2: 2816/1000000 ok=2816 err=0
mixed-lms/d1-per-tenant/lms-balanced t=1 c=50 rps=- run=2: 3043/1000000 ok=3043 err=0
mixed-lms/d1-per-tenant/lms-balanced t=1 c=50 rps=- run=2: 3227/1000000 ok=3227 err=0
mixed-lms/turso-per-tenant/lms-balanced t=1 c=100 rps=- run=2: 379/1000000 ok=379 err=0
mixed-lms/turso-per-tenant/lms-balanced t=1 c=100 rps=- run=2: 836/1000000 ok=836 err=0
mixed-lms/turso-per-tenant/lms-balanced t=1 c=100 rps=- run=2: 1317/1000000 ok=1317 err=0
mixed-lms/turso-per-tenant/lms-balanced t=1 c=100 rps=- run=2: 1794/1000000 ok=1794 err=0
mixed-lms/turso-per-tenant/lms-balanced t=1 c=100 rps=- run=2: 2228/1000000 ok=2228 err=0
mixed-lms/turso-per-tenant/lms-balanced t=1 c=100 rps=- run=2: 2724/1000000 ok=2724 err=0
mixed-lms/turso-per-tenant/lms-balanced t=1 c=100 rps=- run=2: 3245/1000000 ok=3245 err=0
mixed-lms/turso-per-tenant/lms-balanced t=1 c=100 rps=- run=2: 3744/1000000 ok=3744 err=0
mixed-lms/turso-per-tenant/lms-balanced t=1 c=100 rps=- run=2: 4278/1000000 ok=4278 err=0
mixed-lms/turso-per-tenant/lms-balanced t=1 c=100 rps=- run=2: 4603/1000000 ok=4603 err=0
mixed-lms/turso-per-tenant/lms-balanced t=1 c=100 rps=- run=2: 5125/1000000 ok=5125 err=0
mixed-lms/turso-per-tenant/lms-balanced t=1 c=100 rps=- run=2: 5642/1000000 ok=5642 err=0
mixed-lms/turso-per-tenant/lms-balanced t=1 c=100 rps=- run=2: 6112/1000000 ok=6112 err=0
mixed-lms/turso-per-tenant/lms-balanced t=1 c=100 rps=- run=2: 6594/1000000 ok=6594 err=0
mixed-lms/turso-per-tenant/lms-balanced t=1 c=100 rps=- run=2: 7031/1000000 ok=7031 err=0
mixed-lms/turso-per-tenant/lms-balanced t=1 c=100 rps=- run=2: 7101/1000000 ok=7101 err=0
mixed-lms/tursodb-per-tenant/lms-balanced t=1 c=100 rps=- run=2: 226/1000000 ok=224 err=2
mixed-lms/tursodb-per-tenant/lms-balanced t=1 c=100 rps=- run=2: 549/1000000 ok=545 err=4
mixed-lms/tursodb-per-tenant/lms-balanced t=1 c=100 rps=- run=2: 833/1000000 ok=825 err=8
mixed-lms/tursodb-per-tenant/lms-balanced t=1 c=100 rps=- run=2: 1090/1000000 ok=1077 err=13
mixed-lms/tursodb-per-tenant/lms-balanced t=1 c=100 rps=- run=2: 1309/1000000 ok=1295 err=14
mixed-lms/tursodb-per-tenant/lms-balanced t=1 c=100 rps=- run=2: 1552/1000000 ok=1537 err=15
mixed-lms/tursodb-per-tenant/lms-balanced t=1 c=100 rps=- run=2: 1794/1000000 ok=1775 err=19
mixed-lms/tursodb-per-tenant/lms-balanced t=1 c=100 rps=- run=2: 2029/1000000 ok=2007 err=22
mixed-lms/tursodb-per-tenant/lms-balanced t=1 c=100 rps=- run=2: 2272/1000000 ok=2248 err=24
mixed-lms/tursodb-per-tenant/lms-balanced t=1 c=100 rps=- run=2: 2509/1000000 ok=2478 err=31
mixed-lms/tursodb-per-tenant/lms-balanced t=1 c=100 rps=- run=2: 2753/1000000 ok=2718 err=35
mixed-lms/tursodb-per-tenant/lms-balanced t=1 c=100 rps=- run=2: 2989/1000000 ok=2950 err=39
mixed-lms/tursodb-per-tenant/lms-balanced t=1 c=100 rps=- run=2: 3196/1000000 ok=3154 err=42
mixed-lms/tursodb-per-tenant/lms-balanced t=1 c=100 rps=- run=2: 3398/1000000 ok=3352 err=46
mixed-lms/tursodb-per-tenant/lms-balanced t=1 c=100 rps=- run=2: 3605/1000000 ok=3554 err=51
mixed-lms/tursodb-per-tenant/lms-balanced t=1 c=100 rps=- run=2: 3670/1000000 ok=3616 err=54
mixed-lms/tursodb-per-tenant/lms-balanced t=1 c=100 rps=- run=2: 3688/1000000 ok=3632 err=56
mixed-lms/tursodb-per-tenant/lms-balanced t=1 c=100 rps=- run=2: 3691/1000000 ok=3635 err=56
mixed-lms/d1-per-tenant/lms-balanced t=1 c=100 rps=- run=2: 168/1000000 ok=168 err=0
mixed-lms/d1-per-tenant/lms-balanced t=1 c=100 rps=- run=2: 423/1000000 ok=423 err=0
mixed-lms/d1-per-tenant/lms-balanced t=1 c=100 rps=- run=2: 663/1000000 ok=663 err=0
mixed-lms/d1-per-tenant/lms-balanced t=1 c=100 rps=- run=2: 883/1000000 ok=883 err=0
mixed-lms/d1-per-tenant/lms-balanced t=1 c=100 rps=- run=2: 1135/1000000 ok=1135 err=0
mixed-lms/d1-per-tenant/lms-balanced t=1 c=100 rps=- run=2: 1372/1000000 ok=1372 err=0
mixed-lms/d1-per-tenant/lms-balanced t=1 c=100 rps=- run=2: 1576/1000000 ok=1576 err=0
mixed-lms/d1-per-tenant/lms-balanced t=1 c=100 rps=- run=2: 1875/1000000 ok=1875 err=0
mixed-lms/d1-per-tenant/lms-balanced t=1 c=100 rps=- run=2: 2131/1000000 ok=2131 err=0
mixed-lms/d1-per-tenant/lms-balanced t=1 c=100 rps=- run=2: 2394/1000000 ok=2394 err=0
mixed-lms/d1-per-tenant/lms-balanced t=1 c=100 rps=- run=2: 2652/1000000 ok=2652 err=0
mixed-lms/d1-per-tenant/lms-balanced t=1 c=100 rps=- run=2: 2886/1000000 ok=2886 err=0
mixed-lms/d1-per-tenant/lms-balanced t=1 c=100 rps=- run=2: 3172/1000000 ok=3172 err=0
mixed-lms/d1-per-tenant/lms-balanced t=1 c=100 rps=- run=2: 3447/1000000 ok=3447 err=0
mixed-lms/d1-per-tenant/lms-balanced t=1 c=100 rps=- run=2: 3694/1000000 ok=3694 err=0
mixed-lms/d1-per-tenant/lms-balanced t=1 c=100 rps=- run=2: 3747/1000000 ok=3747 err=0
mixed-lms/turso-per-tenant/lms-balanced t=1 c=200 rps=- run=2: 124/1000000 ok=124 err=0
mixed-lms/turso-per-tenant/lms-balanced t=1 c=200 rps=- run=2: 502/1000000 ok=502 err=0
mixed-lms/turso-per-tenant/lms-balanced t=1 c=200 rps=- run=2: 944/1000000 ok=875 err=69
mixed-lms/turso-per-tenant/lms-balanced t=1 c=200 rps=- run=2: 1445/1000000 ok=1376 err=69
mixed-lms/turso-per-tenant/lms-balanced t=1 c=200 rps=- run=2: 1971/1000000 ok=1902 err=69
mixed-lms/turso-per-tenant/lms-balanced t=1 c=200 rps=- run=2: 2418/1000000 ok=2349 err=69
mixed-lms/turso-per-tenant/lms-balanced t=1 c=200 rps=- run=2: 3020/1000000 ok=2951 err=69
mixed-lms/turso-per-tenant/lms-balanced t=1 c=200 rps=- run=2: 3703/1000000 ok=3634 err=69
mixed-lms/turso-per-tenant/lms-balanced t=1 c=200 rps=- run=2: 4309/1000000 ok=4240 err=69
mixed-lms/turso-per-tenant/lms-balanced t=1 c=200 rps=- run=2: 4803/1000000 ok=4734 err=69
mixed-lms/turso-per-tenant/lms-balanced t=1 c=200 rps=- run=2: 5326/1000000 ok=5257 err=69
mixed-lms/turso-per-tenant/lms-balanced t=1 c=200 rps=- run=2: 5839/1000000 ok=5770 err=69
mixed-lms/turso-per-tenant/lms-balanced t=1 c=200 rps=- run=2: 6362/1000000 ok=6293 err=69
mixed-lms/turso-per-tenant/lms-balanced t=1 c=200 rps=- run=2: 6880/1000000 ok=6811 err=69
mixed-lms/turso-per-tenant/lms-balanced t=1 c=200 rps=- run=2: 7316/1000000 ok=7247 err=69
mixed-lms/turso-per-tenant/lms-balanced t=1 c=200 rps=- run=2: 7483/1000000 ok=7414 err=69
mixed-lms/turso-per-tenant/lms-balanced t=1 c=200 rps=- run=2: 7497/1000000 ok=7428 err=69
mixed-lms/tursodb-per-tenant/lms-balanced t=1 c=200 rps=- run=2: 298/1000000 ok=297 err=1
mixed-lms/tursodb-per-tenant/lms-balanced t=1 c=200 rps=- run=2: 710/1000000 ok=707 err=3
mixed-lms/tursodb-per-tenant/lms-balanced t=1 c=200 rps=- run=2: 984/1000000 ok=978 err=6
mixed-lms/tursodb-per-tenant/lms-balanced t=1 c=200 rps=- run=2: 1224/1000000 ok=1170 err=54
mixed-lms/tursodb-per-tenant/lms-balanced t=1 c=200 rps=- run=2: 1501/1000000 ok=1400 err=101
mixed-lms/tursodb-per-tenant/lms-balanced t=1 c=200 rps=- run=2: 1710/1000000 ok=1571 err=139
mixed-lms/tursodb-per-tenant/lms-balanced t=1 c=200 rps=- run=2: 1937/1000000 ok=1757 err=180
mixed-lms/tursodb-per-tenant/lms-balanced t=1 c=200 rps=- run=2: 2248/1000000 ok=2034 err=214
mixed-lms/tursodb-per-tenant/lms-balanced t=1 c=200 rps=- run=2: 2514/1000000 ok=2269 err=245
mixed-lms/tursodb-per-tenant/lms-balanced t=1 c=200 rps=- run=2: 2770/1000000 ok=2481 err=289
mixed-lms/tursodb-per-tenant/lms-balanced t=1 c=200 rps=- run=2: 3061/1000000 ok=2728 err=333
mixed-lms/tursodb-per-tenant/lms-balanced t=1 c=200 rps=- run=2: 3362/1000000 ok=2990 err=372
mixed-lms/tursodb-per-tenant/lms-balanced t=1 c=200 rps=- run=2: 3631/1000000 ok=3219 err=412
mixed-lms/tursodb-per-tenant/lms-balanced t=1 c=200 rps=- run=2: 3923/1000000 ok=3464 err=459
mixed-lms/tursodb-per-tenant/lms-balanced t=1 c=200 rps=- run=2: 4234/1000000 ok=3733 err=501
mixed-lms/tursodb-per-tenant/lms-balanced t=1 c=200 rps=- run=2: 4336/1000000 ok=3796 err=540
mixed-lms/tursodb-per-tenant/lms-balanced t=1 c=200 rps=- run=2: 4385/1000000 ok=3797 err=588
mixed-lms/tursodb-per-tenant/lms-balanced t=1 c=200 rps=- run=2: 4401/1000000 ok=3797 err=604
mixed-lms/d1-per-tenant/lms-balanced t=1 c=200 rps=- run=2: 154/1000000 ok=154 err=0
mixed-lms/d1-per-tenant/lms-balanced t=1 c=200 rps=- run=2: 447/1000000 ok=447 err=0
mixed-lms/d1-per-tenant/lms-balanced t=1 c=200 rps=- run=2: 795/1000000 ok=795 err=0
mixed-lms/d1-per-tenant/lms-balanced t=1 c=200 rps=- run=2: 1111/1000000 ok=1111 err=0
mixed-lms/d1-per-tenant/lms-balanced t=1 c=200 rps=- run=2: 1385/1000000 ok=1385 err=0
mixed-lms/d1-per-tenant/lms-balanced t=1 c=200 rps=- run=2: 1689/1000000 ok=1689 err=0
mixed-lms/d1-per-tenant/lms-balanced t=1 c=200 rps=- run=2: 1962/1000000 ok=1962 err=0
mixed-lms/d1-per-tenant/lms-balanced t=1 c=200 rps=- run=2: 2298/1000000 ok=2298 err=0
mixed-lms/d1-per-tenant/lms-balanced t=1 c=200 rps=- run=2: 2637/1000000 ok=2637 err=0
mixed-lms/d1-per-tenant/lms-balanced t=1 c=200 rps=- run=2: 2925/1000000 ok=2925 err=0
mixed-lms/d1-per-tenant/lms-balanced t=1 c=200 rps=- run=2: 3206/1000000 ok=3206 err=0
mixed-lms/d1-per-tenant/lms-balanced t=1 c=200 rps=- run=2: 3499/1000000 ok=3499 err=0
mixed-lms/d1-per-tenant/lms-balanced t=1 c=200 rps=- run=2: 3783/1000000 ok=3783 err=0
mixed-lms/d1-per-tenant/lms-balanced t=1 c=200 rps=- run=2: 4088/1000000 ok=4088 err=0
mixed-lms/d1-per-tenant/lms-balanced t=1 c=200 rps=- run=2: 4392/1000000 ok=4392 err=0
writes/turso-per-tenant/update-progress t=1 c=1 rps=- run=2: 12/1000000 ok=12 err=0
writes/turso-per-tenant/update-progress t=1 c=1 rps=- run=2: 25/1000000 ok=25 err=0
writes/turso-per-tenant/update-progress t=1 c=1 rps=- run=2: 38/1000000 ok=38 err=0
writes/turso-per-tenant/update-progress t=1 c=1 rps=- run=2: 51/1000000 ok=51 err=0
writes/turso-per-tenant/update-progress t=1 c=1 rps=- run=2: 65/1000000 ok=65 err=0
writes/turso-per-tenant/update-progress t=1 c=1 rps=- run=2: 79/1000000 ok=79 err=0
writes/turso-per-tenant/update-progress t=1 c=1 rps=- run=2: 92/1000000 ok=92 err=0
writes/turso-per-tenant/update-progress t=1 c=1 rps=- run=2: 105/1000000 ok=105 err=0
writes/turso-per-tenant/update-progress t=1 c=1 rps=- run=2: 117/1000000 ok=117 err=0
writes/turso-per-tenant/update-progress t=1 c=1 rps=- run=2: 129/1000000 ok=129 err=0
writes/turso-per-tenant/update-progress t=1 c=1 rps=- run=2: 142/1000000 ok=142 err=0
writes/turso-per-tenant/update-progress t=1 c=1 rps=- run=2: 152/1000000 ok=152 err=0
writes/turso-per-tenant/update-progress t=1 c=1 rps=- run=2: 160/1000000 ok=160 err=0
writes/turso-per-tenant/update-progress t=1 c=1 rps=- run=2: 165/1000000 ok=165 err=0
writes/turso-per-tenant/update-progress t=1 c=1 rps=- run=2: 167/1000000 ok=167 err=0
writes/tursodb-per-tenant/update-progress t=1 c=1 rps=- run=2: 3/1000000 ok=3 err=0
writes/tursodb-per-tenant/update-progress t=1 c=1 rps=- run=2: 6/1000000 ok=6 err=0
writes/tursodb-per-tenant/update-progress t=1 c=1 rps=- run=2: 10/1000000 ok=8 err=2
writes/tursodb-per-tenant/update-progress t=1 c=1 rps=- run=2: 16/1000000 ok=12 err=4
writes/tursodb-per-tenant/update-progress t=1 c=1 rps=- run=2: 24/1000000 ok=17 err=7
writes/tursodb-per-tenant/update-progress t=1 c=1 rps=- run=2: 32/1000000 ok=23 err=9
writes/tursodb-per-tenant/update-progress t=1 c=1 rps=- run=2: 41/1000000 ok=29 err=12
writes/tursodb-per-tenant/update-progress t=1 c=1 rps=- run=2: 49/1000000 ok=37 err=12
writes/tursodb-per-tenant/update-progress t=1 c=1 rps=- run=2: 57/1000000 ok=43 err=14
writes/tursodb-per-tenant/update-progress t=1 c=1 rps=- run=2: 64/1000000 ok=50 err=14
writes/tursodb-per-tenant/update-progress t=1 c=1 rps=- run=2: 67/1000000 ok=53 err=14
writes/tursodb-per-tenant/update-progress t=1 c=1 rps=- run=2: 75/1000000 ok=60 err=15
writes/tursodb-per-tenant/update-progress t=1 c=1 rps=- run=2: 84/1000000 ok=67 err=17
writes/tursodb-per-tenant/update-progress t=1 c=1 rps=- run=2: 90/1000000 ok=72 err=18
writes/tursodb-per-tenant/update-progress t=1 c=1 rps=- run=2: 91/1000000 ok=73 err=18
writes/d1-per-tenant/update-progress t=1 c=1 rps=- run=2: 4/1000000 ok=4 err=0
writes/d1-per-tenant/update-progress t=1 c=1 rps=- run=2: 9/1000000 ok=9 err=0
writes/d1-per-tenant/update-progress t=1 c=1 rps=- run=2: 13/1000000 ok=13 err=0
writes/d1-per-tenant/update-progress t=1 c=1 rps=- run=2: 17/1000000 ok=17 err=0
writes/d1-per-tenant/update-progress t=1 c=1 rps=- run=2: 23/1000000 ok=23 err=0
writes/d1-per-tenant/update-progress t=1 c=1 rps=- run=2: 29/1000000 ok=29 err=0
writes/d1-per-tenant/update-progress t=1 c=1 rps=- run=2: 42/1000000 ok=42 err=0
writes/d1-per-tenant/update-progress t=1 c=1 rps=- run=2: 56/1000000 ok=56 err=0
writes/d1-per-tenant/update-progress t=1 c=1 rps=- run=2: 70/1000000 ok=70 err=0
writes/d1-per-tenant/update-progress t=1 c=1 rps=- run=2: 79/1000000 ok=79 err=0
writes/d1-per-tenant/update-progress t=1 c=1 rps=- run=2: 91/1000000 ok=91 err=0
writes/d1-per-tenant/update-progress t=1 c=1 rps=- run=2: 106/1000000 ok=106 err=0
writes/d1-per-tenant/update-progress t=1 c=1 rps=- run=2: 120/1000000 ok=120 err=0
writes/d1-per-tenant/update-progress t=1 c=1 rps=- run=2: 135/1000000 ok=135 err=0
writes/d1-per-tenant/update-progress t=1 c=1 rps=- run=2: 137/1000000 ok=137 err=0
writes/turso-per-tenant/update-progress t=1 c=10 rps=- run=2: 69/1000000 ok=69 err=0
writes/turso-per-tenant/update-progress t=1 c=10 rps=- run=2: 163/1000000 ok=163 err=0
writes/turso-per-tenant/update-progress t=1 c=10 rps=- run=2: 233/1000000 ok=233 err=0
writes/turso-per-tenant/update-progress t=1 c=10 rps=- run=2: 319/1000000 ok=319 err=0
writes/turso-per-tenant/update-progress t=1 c=10 rps=- run=2: 411/1000000 ok=411 err=0
writes/turso-per-tenant/update-progress t=1 c=10 rps=- run=2: 475/1000000 ok=475 err=0
writes/turso-per-tenant/update-progress t=1 c=10 rps=- run=2: 526/1000000 ok=526 err=0
writes/turso-per-tenant/update-progress t=1 c=10 rps=- run=2: 568/1000000 ok=568 err=0
writes/turso-per-tenant/update-progress t=1 c=10 rps=- run=2: 601/1000000 ok=601 err=0
writes/turso-per-tenant/update-progress t=1 c=10 rps=- run=2: 641/1000000 ok=641 err=0
writes/turso-per-tenant/update-progress t=1 c=10 rps=- run=2: 681/1000000 ok=681 err=0
writes/turso-per-tenant/update-progress t=1 c=10 rps=- run=2: 719/1000000 ok=719 err=0
writes/turso-per-tenant/update-progress t=1 c=10 rps=- run=2: 779/1000000 ok=779 err=0
writes/turso-per-tenant/update-progress t=1 c=10 rps=- run=2: 856/1000000 ok=856 err=0
writes/turso-per-tenant/update-progress t=1 c=10 rps=- run=2: 898/1000000 ok=898 err=0
writes/tursodb-per-tenant/update-progress t=1 c=10 rps=- run=2: 40/1000000 ok=28 err=12
writes/tursodb-per-tenant/update-progress t=1 c=10 rps=- run=2: 68/1000000 ok=54 err=14
writes/tursodb-per-tenant/update-progress t=1 c=10 rps=- run=2: 101/1000000 ok=81 err=20
writes/tursodb-per-tenant/update-progress t=1 c=10 rps=- run=2: 124/1000000 ok=101 err=23
writes/tursodb-per-tenant/update-progress t=1 c=10 rps=- run=2: 153/1000000 ok=127 err=26
writes/tursodb-per-tenant/update-progress t=1 c=10 rps=- run=2: 180/1000000 ok=152 err=28
writes/tursodb-per-tenant/update-progress t=1 c=10 rps=- run=2: 218/1000000 ok=180 err=38
writes/tursodb-per-tenant/update-progress t=1 c=10 rps=- run=2: 262/1000000 ok=212 err=50
writes/tursodb-per-tenant/update-progress t=1 c=10 rps=- run=2: 291/1000000 ok=239 err=52
writes/tursodb-per-tenant/update-progress t=1 c=10 rps=- run=2: 318/1000000 ok=263 err=55
writes/tursodb-per-tenant/update-progress t=1 c=10 rps=- run=2: 363/1000000 ok=299 err=64
writes/tursodb-per-tenant/update-progress t=1 c=10 rps=- run=2: 401/1000000 ok=331 err=70
writes/tursodb-per-tenant/update-progress t=1 c=10 rps=- run=2: 429/1000000 ok=356 err=73
writes/tursodb-per-tenant/update-progress t=1 c=10 rps=- run=2: 463/1000000 ok=383 err=80
writes/tursodb-per-tenant/update-progress t=1 c=10 rps=- run=2: 490/1000000 ok=406 err=84
writes/tursodb-per-tenant/update-progress t=1 c=10 rps=- run=2: 494/1000000 ok=409 err=85
writes/d1-per-tenant/update-progress t=1 c=10 rps=- run=2: 31/1000000 ok=31 err=0
writes/d1-per-tenant/update-progress t=1 c=10 rps=- run=2: 71/1000000 ok=71 err=0
writes/d1-per-tenant/update-progress t=1 c=10 rps=- run=2: 111/1000000 ok=111 err=0
writes/d1-per-tenant/update-progress t=1 c=10 rps=- run=2: 151/1000000 ok=151 err=0
writes/d1-per-tenant/update-progress t=1 c=10 rps=- run=2: 201/1000000 ok=201 err=0
writes/d1-per-tenant/update-progress t=1 c=10 rps=- run=2: 332/1000000 ok=332 err=0
writes/d1-per-tenant/update-progress t=1 c=10 rps=- run=2: 467/1000000 ok=467 err=0
writes/d1-per-tenant/update-progress t=1 c=10 rps=- run=2: 593/1000000 ok=593 err=0
writes/d1-per-tenant/update-progress t=1 c=10 rps=- run=2: 724/1000000 ok=724 err=0
writes/d1-per-tenant/update-progress t=1 c=10 rps=- run=2: 849/1000000 ok=849 err=0
writes/d1-per-tenant/update-progress t=1 c=10 rps=- run=2: 982/1000000 ok=982 err=0
writes/d1-per-tenant/update-progress t=1 c=10 rps=- run=2: 1117/1000000 ok=1117 err=0
writes/d1-per-tenant/update-progress t=1 c=10 rps=- run=2: 1245/1000000 ok=1245 err=0
writes/d1-per-tenant/update-progress t=1 c=10 rps=- run=2: 1377/1000000 ok=1377 err=0
writes/d1-per-tenant/update-progress t=1 c=10 rps=- run=2: 1432/1000000 ok=1432 err=0
writes/turso-per-tenant/update-progress t=1 c=50 rps=- run=2: 41/1000000 ok=41 err=0
writes/turso-per-tenant/update-progress t=1 c=50 rps=- run=2: 98/1000000 ok=98 err=0
writes/turso-per-tenant/update-progress t=1 c=50 rps=- run=2: 174/1000000 ok=174 err=0
writes/turso-per-tenant/update-progress t=1 c=50 rps=- run=2: 250/1000000 ok=250 err=0
writes/turso-per-tenant/update-progress t=1 c=50 rps=- run=2: 332/1000000 ok=332 err=0
writes/turso-per-tenant/update-progress t=1 c=50 rps=- run=2: 411/1000000 ok=411 err=0
writes/turso-per-tenant/update-progress t=1 c=50 rps=- run=2: 495/1000000 ok=495 err=0
writes/turso-per-tenant/update-progress t=1 c=50 rps=- run=2: 578/1000000 ok=578 err=0
writes/turso-per-tenant/update-progress t=1 c=50 rps=- run=2: 650/1000000 ok=650 err=0
writes/turso-per-tenant/update-progress t=1 c=50 rps=- run=2: 736/1000000 ok=736 err=0
writes/turso-per-tenant/update-progress t=1 c=50 rps=- run=2: 818/1000000 ok=818 err=0
writes/turso-per-tenant/update-progress t=1 c=50 rps=- run=2: 893/1000000 ok=893 err=0
writes/turso-per-tenant/update-progress t=1 c=50 rps=- run=2: 985/1000000 ok=985 err=0
writes/turso-per-tenant/update-progress t=1 c=50 rps=- run=2: 1072/1000000 ok=1072 err=0
writes/turso-per-tenant/update-progress t=1 c=50 rps=- run=2: 1154/1000000 ok=1154 err=0
writes/turso-per-tenant/update-progress t=1 c=50 rps=- run=2: 1195/1000000 ok=1195 err=0
writes/tursodb-per-tenant/update-progress t=1 c=50 rps=- run=2: 20/1000000 ok=17 err=3
writes/tursodb-per-tenant/update-progress t=1 c=50 rps=- run=2: 58/1000000 ok=44 err=14
writes/tursodb-per-tenant/update-progress t=1 c=50 rps=- run=2: 84/1000000 ok=67 err=17
writes/tursodb-per-tenant/update-progress t=1 c=50 rps=- run=2: 119/1000000 ok=97 err=22
writes/tursodb-per-tenant/update-progress t=1 c=50 rps=- run=2: 145/1000000 ok=120 err=25
writes/tursodb-per-tenant/update-progress t=1 c=50 rps=- run=2: 171/1000000 ok=144 err=27
writes/tursodb-per-tenant/update-progress t=1 c=50 rps=- run=2: 205/1000000 ok=168 err=37
writes/tursodb-per-tenant/update-progress t=1 c=50 rps=- run=2: 234/1000000 ok=193 err=41
writes/tursodb-per-tenant/update-progress t=1 c=50 rps=- run=2: 279/1000000 ok=226 err=53
writes/tursodb-per-tenant/update-progress t=1 c=50 rps=- run=2: 302/1000000 ok=247 err=55
writes/tursodb-per-tenant/update-progress t=1 c=50 rps=- run=2: 335/1000000 ok=275 err=60
writes/tursodb-per-tenant/update-progress t=1 c=50 rps=- run=2: 367/1000000 ok=299 err=68
writes/tursodb-per-tenant/update-progress t=1 c=50 rps=- run=2: 394/1000000 ok=322 err=72
writes/tursodb-per-tenant/update-progress t=1 c=50 rps=- run=2: 416/1000000 ok=344 err=72
writes/tursodb-per-tenant/update-progress t=1 c=50 rps=- run=2: 446/1000000 ok=368 err=78
writes/tursodb-per-tenant/update-progress t=1 c=50 rps=- run=2: 469/1000000 ok=386 err=83
writes/tursodb-per-tenant/update-progress t=1 c=50 rps=- run=2: 489/1000000 ok=403 err=86
writes/d1-per-tenant/update-progress t=1 c=50 rps=- run=2: 454/1000000 ok=454 err=0
writes/d1-per-tenant/update-progress t=1 c=50 rps=- run=2: 962/1000000 ok=962 err=0
writes/d1-per-tenant/update-progress t=1 c=50 rps=- run=2: 1459/1000000 ok=1459 err=0
writes/d1-per-tenant/update-progress t=1 c=50 rps=- run=2: 2008/1000000 ok=2008 err=0
writes/d1-per-tenant/update-progress t=1 c=50 rps=- run=2: 2429/1000000 ok=2429 err=0
writes/d1-per-tenant/update-progress t=1 c=50 rps=- run=2: 2970/1000000 ok=2970 err=0
writes/d1-per-tenant/update-progress t=1 c=50 rps=- run=2: 3501/1000000 ok=3501 err=0
writes/d1-per-tenant/update-progress t=1 c=50 rps=- run=2: 3869/1000000 ok=3869 err=0
writes/d1-per-tenant/update-progress t=1 c=50 rps=- run=2: 4144/1000000 ok=4144 err=0
writes/d1-per-tenant/update-progress t=1 c=50 rps=- run=2: 4367/1000000 ok=4367 err=0
writes/d1-per-tenant/update-progress t=1 c=50 rps=- run=2: 4556/1000000 ok=4556 err=0
writes/d1-per-tenant/update-progress t=1 c=50 rps=- run=2: 4723/1000000 ok=4723 err=0
writes/d1-per-tenant/update-progress t=1 c=50 rps=- run=2: 4882/1000000 ok=4882 err=0
writes/d1-per-tenant/update-progress t=1 c=50 rps=- run=2: 5063/1000000 ok=5063 err=0
writes/d1-per-tenant/update-progress t=1 c=50 rps=- run=2: 5283/1000000 ok=5283 err=0
writes/d1-per-tenant/update-progress t=1 c=50 rps=- run=2: 5299/1000000 ok=5299 err=0
writes/turso-per-tenant/update-progress t=1 c=100 rps=- run=2: 53/1000000 ok=53 err=0
writes/turso-per-tenant/update-progress t=1 c=100 rps=- run=2: 113/1000000 ok=113 err=0
writes/turso-per-tenant/update-progress t=1 c=100 rps=- run=2: 193/1000000 ok=191 err=2
writes/turso-per-tenant/update-progress t=1 c=100 rps=- run=2: 284/1000000 ok=281 err=3
writes/turso-per-tenant/update-progress t=1 c=100 rps=- run=2: 373/1000000 ok=370 err=3
writes/turso-per-tenant/update-progress t=1 c=100 rps=- run=2: 449/1000000 ok=446 err=3
writes/turso-per-tenant/update-progress t=1 c=100 rps=- run=2: 540/1000000 ok=537 err=3
writes/turso-per-tenant/update-progress t=1 c=100 rps=- run=2: 627/1000000 ok=624 err=3
writes/turso-per-tenant/update-progress t=1 c=100 rps=- run=2: 705/1000000 ok=702 err=3
writes/turso-per-tenant/update-progress t=1 c=100 rps=- run=2: 797/1000000 ok=793 err=4
writes/turso-per-tenant/update-progress t=1 c=100 rps=- run=2: 886/1000000 ok=881 err=5
writes/turso-per-tenant/update-progress t=1 c=100 rps=- run=2: 969/1000000 ok=963 err=6
writes/turso-per-tenant/update-progress t=1 c=100 rps=- run=2: 1060/1000000 ok=1054 err=6
writes/turso-per-tenant/update-progress t=1 c=100 rps=- run=2: 1146/1000000 ok=1140 err=6
writes/turso-per-tenant/update-progress t=1 c=100 rps=- run=2: 1224/1000000 ok=1218 err=6
writes/turso-per-tenant/update-progress t=1 c=100 rps=- run=2: 1312/1000000 ok=1306 err=6
writes/turso-per-tenant/update-progress t=1 c=100 rps=- run=2: 1314/1000000 ok=1308 err=6
writes/tursodb-per-tenant/update-progress t=1 c=100 rps=- run=2: 45/1000000 ok=34 err=11
writes/tursodb-per-tenant/update-progress t=1 c=100 rps=- run=2: 86/1000000 ok=71 err=15
writes/tursodb-per-tenant/update-progress t=1 c=100 rps=- run=2: 143/1000000 ok=108 err=35
writes/tursodb-per-tenant/update-progress t=1 c=100 rps=- run=2: 184/1000000 ok=130 err=54
writes/tursodb-per-tenant/update-progress t=1 c=100 rps=- run=2: 239/1000000 ok=161 err=78
writes/tursodb-per-tenant/update-progress t=1 c=100 rps=- run=2: 283/1000000 ok=189 err=94
writes/tursodb-per-tenant/update-progress t=1 c=100 rps=- run=2: 330/1000000 ok=222 err=108
writes/tursodb-per-tenant/update-progress t=1 c=100 rps=- run=2: 381/1000000 ok=251 err=130
writes/tursodb-per-tenant/update-progress t=1 c=100 rps=- run=2: 420/1000000 ok=275 err=145
writes/tursodb-per-tenant/update-progress t=1 c=100 rps=- run=2: 467/1000000 ok=300 err=167
writes/tursodb-per-tenant/update-progress t=1 c=100 rps=- run=2: 513/1000000 ok=322 err=191
writes/tursodb-per-tenant/update-progress t=1 c=100 rps=- run=2: 562/1000000 ok=355 err=207
writes/tursodb-per-tenant/update-progress t=1 c=100 rps=- run=2: 603/1000000 ok=385 err=218
writes/tursodb-per-tenant/update-progress t=1 c=100 rps=- run=2: 654/1000000 ok=419 err=235
writes/tursodb-per-tenant/update-progress t=1 c=100 rps=- run=2: 701/1000000 ok=449 err=252
writes/tursodb-per-tenant/update-progress t=1 c=100 rps=- run=2: 739/1000000 ok=471 err=268
writes/tursodb-per-tenant/update-progress t=1 c=100 rps=- run=2: 780/1000000 ok=476 err=304
writes/tursodb-per-tenant/update-progress t=1 c=100 rps=- run=2: 788/1000000 ok=476 err=312
writes/d1-per-tenant/update-progress t=1 c=100 rps=- run=2: 602/1000000 ok=602 err=0
writes/d1-per-tenant/update-progress t=1 c=100 rps=- run=2: 1312/1000000 ok=1312 err=0
writes/d1-per-tenant/update-progress t=1 c=100 rps=- run=2: 1926/1000000 ok=1926 err=0
writes/d1-per-tenant/update-progress t=1 c=100 rps=- run=2: 2544/1000000 ok=2544 err=0
writes/d1-per-tenant/update-progress t=1 c=100 rps=- run=2: 3315/1000000 ok=3315 err=0
writes/d1-per-tenant/update-progress t=1 c=100 rps=- run=2: 3890/1000000 ok=3890 err=0
writes/d1-per-tenant/update-progress t=1 c=100 rps=- run=2: 4578/1000000 ok=4578 err=0
writes/d1-per-tenant/update-progress t=1 c=100 rps=- run=2: 5108/1000000 ok=5108 err=0
writes/d1-per-tenant/update-progress t=1 c=100 rps=- run=2: 5558/1000000 ok=5558 err=0
writes/d1-per-tenant/update-progress t=1 c=100 rps=- run=2: 5891/1000000 ok=5891 err=0
writes/d1-per-tenant/update-progress t=1 c=100 rps=- run=2: 6246/1000000 ok=6246 err=0
writes/d1-per-tenant/update-progress t=1 c=100 rps=- run=2: 6581/1000000 ok=6581 err=0
writes/d1-per-tenant/update-progress t=1 c=100 rps=- run=2: 6953/1000000 ok=6953 err=0
writes/d1-per-tenant/update-progress t=1 c=100 rps=- run=2: 7332/1000000 ok=7332 err=0
writes/d1-per-tenant/update-progress t=1 c=100 rps=- run=2: 7777/1000000 ok=7777 err=0
writes/turso-per-tenant/submit-quiz-answer t=1 c=1 rps=- run=2: 10/1000000 ok=10 err=0
writes/turso-per-tenant/submit-quiz-answer t=1 c=1 rps=- run=2: 20/1000000 ok=20 err=0
writes/turso-per-tenant/submit-quiz-answer t=1 c=1 rps=- run=2: 30/1000000 ok=30 err=0
writes/turso-per-tenant/submit-quiz-answer t=1 c=1 rps=- run=2: 40/1000000 ok=40 err=0
writes/turso-per-tenant/submit-quiz-answer t=1 c=1 rps=- run=2: 48/1000000 ok=48 err=0
writes/turso-per-tenant/submit-quiz-answer t=1 c=1 rps=- run=2: 54/1000000 ok=54 err=0
writes/turso-per-tenant/submit-quiz-answer t=1 c=1 rps=- run=2: 59/1000000 ok=59 err=0
writes/turso-per-tenant/submit-quiz-answer t=1 c=1 rps=- run=2: 62/1000000 ok=62 err=0
writes/turso-per-tenant/submit-quiz-answer t=1 c=1 rps=- run=2: 66/1000000 ok=66 err=0
writes/turso-per-tenant/submit-quiz-answer t=1 c=1 rps=- run=2: 70/1000000 ok=70 err=0
writes/turso-per-tenant/submit-quiz-answer t=1 c=1 rps=- run=2: 74/1000000 ok=74 err=0
writes/turso-per-tenant/submit-quiz-answer t=1 c=1 rps=- run=2: 78/1000000 ok=78 err=0
writes/turso-per-tenant/submit-quiz-answer t=1 c=1 rps=- run=2: 86/1000000 ok=86 err=0
writes/turso-per-tenant/submit-quiz-answer t=1 c=1 rps=- run=2: 86/1000000 ok=86 err=0
writes/tursodb-per-tenant/submit-quiz-answer t=1 c=1 rps=- run=2: 6/1000000 ok=6 err=0
writes/tursodb-per-tenant/submit-quiz-answer t=1 c=1 rps=- run=2: 12/1000000 ok=12 err=0
writes/tursodb-per-tenant/submit-quiz-answer t=1 c=1 rps=- run=2: 18/1000000 ok=18 err=0
writes/tursodb-per-tenant/submit-quiz-answer t=1 c=1 rps=- run=2: 24/1000000 ok=24 err=0
writes/tursodb-per-tenant/submit-quiz-answer t=1 c=1 rps=- run=2: 31/1000000 ok=31 err=0
writes/tursodb-per-tenant/submit-quiz-answer t=1 c=1 rps=- run=2: 37/1000000 ok=37 err=0
writes/tursodb-per-tenant/submit-quiz-answer t=1 c=1 rps=- run=2: 42/1000000 ok=42 err=0
writes/tursodb-per-tenant/submit-quiz-answer t=1 c=1 rps=- run=2: 46/1000000 ok=46 err=0
writes/tursodb-per-tenant/submit-quiz-answer t=1 c=1 rps=- run=2: 50/1000000 ok=50 err=0
writes/tursodb-per-tenant/submit-quiz-answer t=1 c=1 rps=- run=2: 54/1000000 ok=54 err=0
writes/tursodb-per-tenant/submit-quiz-answer t=1 c=1 rps=- run=2: 57/1000000 ok=57 err=0
writes/tursodb-per-tenant/submit-quiz-answer t=1 c=1 rps=- run=2: 61/1000000 ok=61 err=0
writes/tursodb-per-tenant/submit-quiz-answer t=1 c=1 rps=- run=2: 64/1000000 ok=64 err=0
writes/tursodb-per-tenant/submit-quiz-answer t=1 c=1 rps=- run=2: 65/1000000 ok=65 err=0
writes/d1-per-tenant/submit-quiz-answer t=1 c=1 rps=- run=2: 11/1000000 ok=11 err=0
writes/d1-per-tenant/submit-quiz-answer t=1 c=1 rps=- run=2: 21/1000000 ok=21 err=0
writes/d1-per-tenant/submit-quiz-answer t=1 c=1 rps=- run=2: 32/1000000 ok=32 err=0
writes/d1-per-tenant/submit-quiz-answer t=1 c=1 rps=- run=2: 42/1000000 ok=42 err=0
writes/d1-per-tenant/submit-quiz-answer t=1 c=1 rps=- run=2: 53/1000000 ok=53 err=0
writes/d1-per-tenant/submit-quiz-answer t=1 c=1 rps=- run=2: 64/1000000 ok=64 err=0
writes/d1-per-tenant/submit-quiz-answer t=1 c=1 rps=- run=2: 70/1000000 ok=70 err=0
writes/d1-per-tenant/submit-quiz-answer t=1 c=1 rps=- run=2: 75/1000000 ok=75 err=0
writes/d1-per-tenant/submit-quiz-answer t=1 c=1 rps=- run=2: 79/1000000 ok=79 err=0
writes/d1-per-tenant/submit-quiz-answer t=1 c=1 rps=- run=2: 83/1000000 ok=83 err=0
writes/d1-per-tenant/submit-quiz-answer t=1 c=1 rps=- run=2: 87/1000000 ok=87 err=0
writes/d1-per-tenant/submit-quiz-answer t=1 c=1 rps=- run=2: 91/1000000 ok=91 err=0
writes/d1-per-tenant/submit-quiz-answer t=1 c=1 rps=- run=2: 95/1000000 ok=95 err=0
writes/d1-per-tenant/submit-quiz-answer t=1 c=1 rps=- run=2: 97/1000000 ok=97 err=0
writes/turso-per-tenant/submit-quiz-answer t=1 c=10 rps=- run=2: 58/1000000 ok=58 err=0
writes/turso-per-tenant/submit-quiz-answer t=1 c=10 rps=- run=2: 140/1000000 ok=140 err=0
writes/turso-per-tenant/submit-quiz-answer t=1 c=10 rps=- run=2: 222/1000000 ok=222 err=0
writes/turso-per-tenant/submit-quiz-answer t=1 c=10 rps=- run=2: 308/1000000 ok=308 err=0
writes/turso-per-tenant/submit-quiz-answer t=1 c=10 rps=- run=2: 389/1000000 ok=389 err=0
writes/turso-per-tenant/submit-quiz-answer t=1 c=10 rps=- run=2: 472/1000000 ok=472 err=0
writes/turso-per-tenant/submit-quiz-answer t=1 c=10 rps=- run=2: 551/1000000 ok=551 err=0
writes/turso-per-tenant/submit-quiz-answer t=1 c=10 rps=- run=2: 620/1000000 ok=620 err=0
writes/turso-per-tenant/submit-quiz-answer t=1 c=10 rps=- run=2: 674/1000000 ok=674 err=0
writes/turso-per-tenant/submit-quiz-answer t=1 c=10 rps=- run=2: 716/1000000 ok=716 err=0
writes/turso-per-tenant/submit-quiz-answer t=1 c=10 rps=- run=2: 753/1000000 ok=753 err=0
writes/turso-per-tenant/submit-quiz-answer t=1 c=10 rps=- run=2: 784/1000000 ok=784 err=0
writes/turso-per-tenant/submit-quiz-answer t=1 c=10 rps=- run=2: 815/1000000 ok=815 err=0
writes/turso-per-tenant/submit-quiz-answer t=1 c=10 rps=- run=2: 851/1000000 ok=851 err=0
writes/turso-per-tenant/submit-quiz-answer t=1 c=10 rps=- run=2: 882/1000000 ok=882 err=0
writes/tursodb-per-tenant/submit-quiz-answer t=1 c=10 rps=- run=2: 29/1000000 ok=29 err=0
writes/tursodb-per-tenant/submit-quiz-answer t=1 c=10 rps=- run=2: 59/1000000 ok=59 err=0
writes/tursodb-per-tenant/submit-quiz-answer t=1 c=10 rps=- run=2: 94/1000000 ok=94 err=0
writes/tursodb-per-tenant/submit-quiz-answer t=1 c=10 rps=- run=2: 128/1000000 ok=128 err=0
writes/tursodb-per-tenant/submit-quiz-answer t=1 c=10 rps=- run=2: 162/1000000 ok=162 err=0
writes/tursodb-per-tenant/submit-quiz-answer t=1 c=10 rps=- run=2: 192/1000000 ok=192 err=0
writes/tursodb-per-tenant/submit-quiz-answer t=1 c=10 rps=- run=2: 226/1000000 ok=226 err=0
writes/tursodb-per-tenant/submit-quiz-answer t=1 c=10 rps=- run=2: 257/1000000 ok=257 err=0
writes/tursodb-per-tenant/submit-quiz-answer t=1 c=10 rps=- run=2: 288/1000000 ok=288 err=0
writes/tursodb-per-tenant/submit-quiz-answer t=1 c=10 rps=- run=2: 321/1000000 ok=321 err=0
writes/tursodb-per-tenant/submit-quiz-answer t=1 c=10 rps=- run=2: 354/1000000 ok=354 err=0
writes/tursodb-per-tenant/submit-quiz-answer t=1 c=10 rps=- run=2: 386/1000000 ok=386 err=0
writes/tursodb-per-tenant/submit-quiz-answer t=1 c=10 rps=- run=2: 420/1000000 ok=420 err=0
writes/tursodb-per-tenant/submit-quiz-answer t=1 c=10 rps=- run=2: 457/1000000 ok=457 err=0
writes/tursodb-per-tenant/submit-quiz-answer t=1 c=10 rps=- run=2: 490/1000000 ok=490 err=0
writes/tursodb-per-tenant/submit-quiz-answer t=1 c=10 rps=- run=2: 494/1000000 ok=494 err=0
writes/d1-per-tenant/submit-quiz-answer t=1 c=10 rps=- run=2: 82/1000000 ok=82 err=0
writes/d1-per-tenant/submit-quiz-answer t=1 c=10 rps=- run=2: 171/1000000 ok=171 err=0
writes/d1-per-tenant/submit-quiz-answer t=1 c=10 rps=- run=2: 256/1000000 ok=256 err=0
writes/d1-per-tenant/submit-quiz-answer t=1 c=10 rps=- run=2: 340/1000000 ok=340 err=0
writes/d1-per-tenant/submit-quiz-answer t=1 c=10 rps=- run=2: 424/1000000 ok=424 err=0
writes/d1-per-tenant/submit-quiz-answer t=1 c=10 rps=- run=2: 510/1000000 ok=510 err=0
writes/d1-per-tenant/submit-quiz-answer t=1 c=10 rps=- run=2: 595/1000000 ok=595 err=0
writes/d1-per-tenant/submit-quiz-answer t=1 c=10 rps=- run=2: 678/1000000 ok=678 err=0
writes/d1-per-tenant/submit-quiz-answer t=1 c=10 rps=- run=2: 759/1000000 ok=759 err=0
writes/d1-per-tenant/submit-quiz-answer t=1 c=10 rps=- run=2: 840/1000000 ok=840 err=0
writes/d1-per-tenant/submit-quiz-answer t=1 c=10 rps=- run=2: 925/1000000 ok=925 err=0
writes/d1-per-tenant/submit-quiz-answer t=1 c=10 rps=- run=2: 1014/1000000 ok=1014 err=0
writes/d1-per-tenant/submit-quiz-answer t=1 c=10 rps=- run=2: 1098/1000000 ok=1098 err=0
writes/d1-per-tenant/submit-quiz-answer t=1 c=10 rps=- run=2: 1183/1000000 ok=1183 err=0
writes/d1-per-tenant/submit-quiz-answer t=1 c=10 rps=- run=2: 1259/1000000 ok=1259 err=0
writes/turso-per-tenant/submit-quiz-answer t=1 c=50 rps=- run=2: 40/1000000 ok=40 err=0
writes/turso-per-tenant/submit-quiz-answer t=1 c=50 rps=- run=2: 125/1000000 ok=125 err=0
writes/turso-per-tenant/submit-quiz-answer t=1 c=50 rps=- run=2: 212/1000000 ok=212 err=0
writes/turso-per-tenant/submit-quiz-answer t=1 c=50 rps=- run=2: 300/1000000 ok=300 err=0
writes/turso-per-tenant/submit-quiz-answer t=1 c=50 rps=- run=2: 384/1000000 ok=384 err=0
writes/turso-per-tenant/submit-quiz-answer t=1 c=50 rps=- run=2: 476/1000000 ok=476 err=0
writes/turso-per-tenant/submit-quiz-answer t=1 c=50 rps=- run=2: 566/1000000 ok=566 err=0
writes/turso-per-tenant/submit-quiz-answer t=1 c=50 rps=- run=2: 657/1000000 ok=657 err=0
writes/turso-per-tenant/submit-quiz-answer t=1 c=50 rps=- run=2: 744/1000000 ok=744 err=0
writes/turso-per-tenant/submit-quiz-answer t=1 c=50 rps=- run=2: 832/1000000 ok=832 err=0
writes/turso-per-tenant/submit-quiz-answer t=1 c=50 rps=- run=2: 914/1000000 ok=914 err=0
writes/turso-per-tenant/submit-quiz-answer t=1 c=50 rps=- run=2: 982/1000000 ok=982 err=0
writes/turso-per-tenant/submit-quiz-answer t=1 c=50 rps=- run=2: 1032/1000000 ok=1032 err=0
writes/turso-per-tenant/submit-quiz-answer t=1 c=50 rps=- run=2: 1042/1000000 ok=1042 err=0
writes/turso-per-tenant/submit-quiz-answer t=1 c=50 rps=- run=2: 1116/1000000 ok=1116 err=0
writes/turso-per-tenant/submit-quiz-answer t=1 c=50 rps=- run=2: 1155/1000000 ok=1155 err=0
writes/tursodb-per-tenant/submit-quiz-answer t=1 c=50 rps=- run=2: 28/1000000 ok=28 err=0
writes/tursodb-per-tenant/submit-quiz-answer t=1 c=50 rps=- run=2: 58/1000000 ok=58 err=0
writes/tursodb-per-tenant/submit-quiz-answer t=1 c=50 rps=- run=2: 86/1000000 ok=86 err=0
writes/tursodb-per-tenant/submit-quiz-answer t=1 c=50 rps=- run=2: 113/1000000 ok=109 err=4
writes/tursodb-per-tenant/submit-quiz-answer t=1 c=50 rps=- run=2: 140/1000000 ok=134 err=6
writes/tursodb-per-tenant/submit-quiz-answer t=1 c=50 rps=- run=2: 173/1000000 ok=164 err=9
writes/tursodb-per-tenant/submit-quiz-answer t=1 c=50 rps=- run=2: 203/1000000 ok=194 err=9
writes/tursodb-per-tenant/submit-quiz-answer t=1 c=50 rps=- run=2: 233/1000000 ok=224 err=9
writes/tursodb-per-tenant/submit-quiz-answer t=1 c=50 rps=- run=2: 264/1000000 ok=255 err=9
writes/tursodb-per-tenant/submit-quiz-answer t=1 c=50 rps=- run=2: 293/1000000 ok=284 err=9
writes/tursodb-per-tenant/submit-quiz-answer t=1 c=50 rps=- run=2: 322/1000000 ok=313 err=9
writes/tursodb-per-tenant/submit-quiz-answer t=1 c=50 rps=- run=2: 353/1000000 ok=344 err=9
writes/tursodb-per-tenant/submit-quiz-answer t=1 c=50 rps=- run=2: 384/1000000 ok=375 err=9
writes/tursodb-per-tenant/submit-quiz-answer t=1 c=50 rps=- run=2: 417/1000000 ok=408 err=9
writes/tursodb-per-tenant/submit-quiz-answer t=1 c=50 rps=- run=2: 447/1000000 ok=438 err=9
writes/tursodb-per-tenant/submit-quiz-answer t=1 c=50 rps=- run=2: 466/1000000 ok=457 err=9
writes/tursodb-per-tenant/submit-quiz-answer t=1 c=50 rps=- run=2: 484/1000000 ok=472 err=12
writes/tursodb-per-tenant/submit-quiz-answer t=1 c=50 rps=- run=2: 486/1000000 ok=472 err=14
writes/d1-per-tenant/submit-quiz-answer t=1 c=50 rps=- run=2: 90/1000000 ok=90 err=0
writes/d1-per-tenant/submit-quiz-answer t=1 c=50 rps=- run=2: 242/1000000 ok=242 err=0
writes/d1-per-tenant/submit-quiz-answer t=1 c=50 rps=- run=2: 393/1000000 ok=393 err=0
writes/d1-per-tenant/submit-quiz-answer t=1 c=50 rps=- run=2: 522/1000000 ok=522 err=0
writes/d1-per-tenant/submit-quiz-answer t=1 c=50 rps=- run=2: 672/1000000 ok=672 err=0
writes/d1-per-tenant/submit-quiz-answer t=1 c=50 rps=- run=2: 915/1000000 ok=915 err=0
writes/d1-per-tenant/submit-quiz-answer t=1 c=50 rps=- run=2: 1175/1000000 ok=1175 err=0
writes/d1-per-tenant/submit-quiz-answer t=1 c=50 rps=- run=2: 1433/1000000 ok=1433 err=0
writes/d1-per-tenant/submit-quiz-answer t=1 c=50 rps=- run=2: 1784/1000000 ok=1784 err=0
writes/d1-per-tenant/submit-quiz-answer t=1 c=50 rps=- run=2: 2006/1000000 ok=2006 err=0
writes/d1-per-tenant/submit-quiz-answer t=1 c=50 rps=- run=2: 2340/1000000 ok=2340 err=0
writes/d1-per-tenant/submit-quiz-answer t=1 c=50 rps=- run=2: 2626/1000000 ok=2626 err=0
writes/d1-per-tenant/submit-quiz-answer t=1 c=50 rps=- run=2: 2858/1000000 ok=2858 err=0
writes/d1-per-tenant/submit-quiz-answer t=1 c=50 rps=- run=2: 3048/1000000 ok=3048 err=0
writes/d1-per-tenant/submit-quiz-answer t=1 c=50 rps=- run=2: 3217/1000000 ok=3217 err=0
writes/turso-per-tenant/submit-quiz-answer t=1 c=100 rps=- run=2: 54/1000000 ok=54 err=0
writes/turso-per-tenant/submit-quiz-answer t=1 c=100 rps=- run=2: 141/1000000 ok=141 err=0
writes/turso-per-tenant/submit-quiz-answer t=1 c=100 rps=- run=2: 250/1000000 ok=223 err=27
writes/turso-per-tenant/submit-quiz-answer t=1 c=100 rps=- run=2: 320/1000000 ok=293 err=27
writes/turso-per-tenant/submit-quiz-answer t=1 c=100 rps=- run=2: 402/1000000 ok=373 err=29
writes/turso-per-tenant/submit-quiz-answer t=1 c=100 rps=- run=2: 492/1000000 ok=462 err=30
writes/turso-per-tenant/submit-quiz-answer t=1 c=100 rps=- run=2: 580/1000000 ok=549 err=31
writes/turso-per-tenant/submit-quiz-answer t=1 c=100 rps=- run=2: 667/1000000 ok=636 err=31
writes/turso-per-tenant/submit-quiz-answer t=1 c=100 rps=- run=2: 755/1000000 ok=723 err=32
writes/turso-per-tenant/submit-quiz-answer t=1 c=100 rps=- run=2: 830/1000000 ok=798 err=32
writes/turso-per-tenant/submit-quiz-answer t=1 c=100 rps=- run=2: 921/1000000 ok=889 err=32
writes/turso-per-tenant/submit-quiz-answer t=1 c=100 rps=- run=2: 1009/1000000 ok=977 err=32
writes/turso-per-tenant/submit-quiz-answer t=1 c=100 rps=- run=2: 1096/1000000 ok=1064 err=32
writes/turso-per-tenant/submit-quiz-answer t=1 c=100 rps=- run=2: 1188/1000000 ok=1155 err=33
writes/turso-per-tenant/submit-quiz-answer t=1 c=100 rps=- run=2: 1264/1000000 ok=1231 err=33
writes/turso-per-tenant/submit-quiz-answer t=1 c=100 rps=- run=2: 1327/1000000 ok=1294 err=33
writes/turso-per-tenant/submit-quiz-answer t=1 c=100 rps=- run=2: 1334/1000000 ok=1301 err=33
writes/tursodb-per-tenant/submit-quiz-answer t=1 c=100 rps=- run=2: 30/1000000 ok=30 err=0
writes/tursodb-per-tenant/submit-quiz-answer t=1 c=100 rps=- run=2: 58/1000000 ok=58 err=0
writes/tursodb-per-tenant/submit-quiz-answer t=1 c=100 rps=- run=2: 117/1000000 ok=71 err=46
writes/tursodb-per-tenant/submit-quiz-answer t=1 c=100 rps=- run=2: 154/1000000 ok=85 err=69
writes/tursodb-per-tenant/submit-quiz-answer t=1 c=100 rps=- run=2: 205/1000000 ok=95 err=110
writes/tursodb-per-tenant/submit-quiz-answer t=1 c=100 rps=- run=2: 238/1000000 ok=99 err=139
writes/tursodb-per-tenant/submit-quiz-answer t=1 c=100 rps=- run=2: 279/1000000 ok=108 err=171
writes/tursodb-per-tenant/submit-quiz-answer t=1 c=100 rps=- run=2: 328/1000000 ok=112 err=216
writes/tursodb-per-tenant/submit-quiz-answer t=1 c=100 rps=- run=2: 361/1000000 ok=120 err=241
writes/tursodb-per-tenant/submit-quiz-answer t=1 c=100 rps=- run=2: 408/1000000 ok=121 err=287
writes/tursodb-per-tenant/submit-quiz-answer t=1 c=100 rps=- run=2: 442/1000000 ok=121 err=321
writes/tursodb-per-tenant/submit-quiz-answer t=1 c=100 rps=- run=2: 481/1000000 ok=121 err=360
writes/tursodb-per-tenant/submit-quiz-answer t=1 c=100 rps=- run=2: 529/1000000 ok=121 err=408
writes/tursodb-per-tenant/submit-quiz-answer t=1 c=100 rps=- run=2: 563/1000000 ok=121 err=442
writes/tursodb-per-tenant/submit-quiz-answer t=1 c=100 rps=- run=2: 611/1000000 ok=121 err=490
writes/tursodb-per-tenant/submit-quiz-answer t=1 c=100 rps=- run=2: 645/1000000 ok=121 err=524
writes/tursodb-per-tenant/submit-quiz-answer t=1 c=100 rps=- run=2: 685/1000000 ok=121 err=564
writes/tursodb-per-tenant/submit-quiz-answer t=1 c=100 rps=- run=2: 685/1000000 ok=121 err=564
writes/d1-per-tenant/submit-quiz-answer t=1 c=100 rps=- run=2: 230/1000000 ok=230 err=0
writes/d1-per-tenant/submit-quiz-answer t=1 c=100 rps=- run=2: 650/1000000 ok=650 err=0
writes/d1-per-tenant/submit-quiz-answer t=1 c=100 rps=- run=2: 1029/1000000 ok=1029 err=0
writes/d1-per-tenant/submit-quiz-answer t=1 c=100 rps=- run=2: 1428/1000000 ok=1428 err=0
writes/d1-per-tenant/submit-quiz-answer t=1 c=100 rps=- run=2: 1792/1000000 ok=1792 err=0
writes/d1-per-tenant/submit-quiz-answer t=1 c=100 rps=- run=2: 2194/1000000 ok=2194 err=0
writes/d1-per-tenant/submit-quiz-answer t=1 c=100 rps=- run=2: 2596/1000000 ok=2596 err=0
writes/d1-per-tenant/submit-quiz-answer t=1 c=100 rps=- run=2: 2950/1000000 ok=2950 err=0
writes/d1-per-tenant/submit-quiz-answer t=1 c=100 rps=- run=2: 3352/1000000 ok=3352 err=0
writes/d1-per-tenant/submit-quiz-answer t=1 c=100 rps=- run=2: 3775/1000000 ok=3775 err=0
writes/d1-per-tenant/submit-quiz-answer t=1 c=100 rps=- run=2: 4098/1000000 ok=4098 err=0
writes/d1-per-tenant/submit-quiz-answer t=1 c=100 rps=- run=2: 4325/1000000 ok=4325 err=0
writes/d1-per-tenant/submit-quiz-answer t=1 c=100 rps=- run=2: 4731/1000000 ok=4731 err=0
writes/d1-per-tenant/submit-quiz-answer t=1 c=100 rps=- run=2: 5049/1000000 ok=5049 err=0
writes/d1-per-tenant/submit-quiz-answer t=1 c=100 rps=- run=2: 5353/1000000 ok=5353 err=0
writes/turso-per-tenant/order-event t=1 c=1 rps=- run=2: 4/1000000 ok=4 err=0
writes/turso-per-tenant/order-event t=1 c=1 rps=- run=2: 8/1000000 ok=8 err=0
writes/turso-per-tenant/order-event t=1 c=1 rps=- run=2: 13/1000000 ok=13 err=0
writes/turso-per-tenant/order-event t=1 c=1 rps=- run=2: 17/1000000 ok=17 err=0
writes/turso-per-tenant/order-event t=1 c=1 rps=- run=2: 22/1000000 ok=22 err=0
writes/turso-per-tenant/order-event t=1 c=1 rps=- run=2: 29/1000000 ok=29 err=0
writes/turso-per-tenant/order-event t=1 c=1 rps=- run=2: 40/1000000 ok=40 err=0
writes/turso-per-tenant/order-event t=1 c=1 rps=- run=2: 54/1000000 ok=54 err=0
writes/turso-per-tenant/order-event t=1 c=1 rps=- run=2: 66/1000000 ok=66 err=0
writes/turso-per-tenant/order-event t=1 c=1 rps=- run=2: 80/1000000 ok=80 err=0
writes/turso-per-tenant/order-event t=1 c=1 rps=- run=2: 94/1000000 ok=94 err=0
writes/turso-per-tenant/order-event t=1 c=1 rps=- run=2: 109/1000000 ok=109 err=0
writes/turso-per-tenant/order-event t=1 c=1 rps=- run=2: 123/1000000 ok=123 err=0
writes/turso-per-tenant/order-event t=1 c=1 rps=- run=2: 136/1000000 ok=136 err=0
writes/tursodb-per-tenant/order-event t=1 c=1 rps=- run=2: 8/1000000 ok=8 err=0
writes/tursodb-per-tenant/order-event t=1 c=1 rps=- run=2: 17/1000000 ok=17 err=0
writes/tursodb-per-tenant/order-event t=1 c=1 rps=- run=2: 26/1000000 ok=26 err=0
writes/tursodb-per-tenant/order-event t=1 c=1 rps=- run=2: 34/1000000 ok=34 err=0
writes/tursodb-per-tenant/order-event t=1 c=1 rps=- run=2: 43/1000000 ok=43 err=0
writes/tursodb-per-tenant/order-event t=1 c=1 rps=- run=2: 52/1000000 ok=52 err=0
writes/tursodb-per-tenant/order-event t=1 c=1 rps=- run=2: 60/1000000 ok=60 err=0
writes/tursodb-per-tenant/order-event t=1 c=1 rps=- run=2: 67/1000000 ok=67 err=0
writes/tursodb-per-tenant/order-event t=1 c=1 rps=- run=2: 75/1000000 ok=75 err=0
writes/tursodb-per-tenant/order-event t=1 c=1 rps=- run=2: 84/1000000 ok=84 err=0
writes/tursodb-per-tenant/order-event t=1 c=1 rps=- run=2: 93/1000000 ok=93 err=0
writes/tursodb-per-tenant/order-event t=1 c=1 rps=- run=2: 101/1000000 ok=101 err=0
writes/tursodb-per-tenant/order-event t=1 c=1 rps=- run=2: 109/1000000 ok=109 err=0
writes/tursodb-per-tenant/order-event t=1 c=1 rps=- run=2: 117/1000000 ok=117 err=0
writes/tursodb-per-tenant/order-event t=1 c=1 rps=- run=2: 117/1000000 ok=117 err=0
writes/d1-per-tenant/order-event t=1 c=1 rps=- run=2: 15/1000000 ok=15 err=0
writes/d1-per-tenant/order-event t=1 c=1 rps=- run=2: 28/1000000 ok=28 err=0
writes/d1-per-tenant/order-event t=1 c=1 rps=- run=2: 43/1000000 ok=43 err=0
writes/d1-per-tenant/order-event t=1 c=1 rps=- run=2: 58/1000000 ok=58 err=0
writes/d1-per-tenant/order-event t=1 c=1 rps=- run=2: 73/1000000 ok=73 err=0
writes/d1-per-tenant/order-event t=1 c=1 rps=- run=2: 88/1000000 ok=88 err=0
writes/d1-per-tenant/order-event t=1 c=1 rps=- run=2: 102/1000000 ok=102 err=0
writes/d1-per-tenant/order-event t=1 c=1 rps=- run=2: 118/1000000 ok=118 err=0
writes/d1-per-tenant/order-event t=1 c=1 rps=- run=2: 133/1000000 ok=133 err=0
writes/d1-per-tenant/order-event t=1 c=1 rps=- run=2: 147/1000000 ok=147 err=0
writes/d1-per-tenant/order-event t=1 c=1 rps=- run=2: 159/1000000 ok=159 err=0
writes/d1-per-tenant/order-event t=1 c=1 rps=- run=2: 175/1000000 ok=175 err=0
writes/d1-per-tenant/order-event t=1 c=1 rps=- run=2: 189/1000000 ok=189 err=0
writes/d1-per-tenant/order-event t=1 c=1 rps=- run=2: 205/1000000 ok=205 err=0
writes/d1-per-tenant/order-event t=1 c=1 rps=- run=2: 212/1000000 ok=212 err=0
writes/turso-per-tenant/order-event t=1 c=10 rps=- run=2: 70/1000000 ok=70 err=0
writes/turso-per-tenant/order-event t=1 c=10 rps=- run=2: 145/1000000 ok=145 err=0
writes/turso-per-tenant/order-event t=1 c=10 rps=- run=2: 234/1000000 ok=234 err=0
writes/turso-per-tenant/order-event t=1 c=10 rps=- run=2: 328/1000000 ok=328 err=0
writes/turso-per-tenant/order-event t=1 c=10 rps=- run=2: 411/1000000 ok=411 err=0
writes/turso-per-tenant/order-event t=1 c=10 rps=- run=2: 497/1000000 ok=497 err=0
writes/turso-per-tenant/order-event t=1 c=10 rps=- run=2: 568/1000000 ok=568 err=0
writes/turso-per-tenant/order-event t=1 c=10 rps=- run=2: 650/1000000 ok=650 err=0
writes/turso-per-tenant/order-event t=1 c=10 rps=- run=2: 751/1000000 ok=751 err=0
writes/turso-per-tenant/order-event t=1 c=10 rps=- run=2: 841/1000000 ok=841 err=0
writes/turso-per-tenant/order-event t=1 c=10 rps=- run=2: 932/1000000 ok=932 err=0
writes/turso-per-tenant/order-event t=1 c=10 rps=- run=2: 1003/1000000 ok=1003 err=0
writes/turso-per-tenant/order-event t=1 c=10 rps=- run=2: 1067/1000000 ok=1067 err=0
writes/turso-per-tenant/order-event t=1 c=10 rps=- run=2: 1117/1000000 ok=1117 err=0
writes/turso-per-tenant/order-event t=1 c=10 rps=- run=2: 1208/1000000 ok=1208 err=0
writes/turso-per-tenant/order-event t=1 c=10 rps=- run=2: 1208/1000000 ok=1208 err=0
writes/tursodb-per-tenant/order-event t=1 c=10 rps=- run=2: 18/1000000 ok=18 err=0
writes/tursodb-per-tenant/order-event t=1 c=10 rps=- run=2: 48/1000000 ok=48 err=0
writes/tursodb-per-tenant/order-event t=1 c=10 rps=- run=2: 74/1000000 ok=74 err=0
writes/tursodb-per-tenant/order-event t=1 c=10 rps=- run=2: 107/1000000 ok=107 err=0
writes/tursodb-per-tenant/order-event t=1 c=10 rps=- run=2: 133/1000000 ok=133 err=0
writes/tursodb-per-tenant/order-event t=1 c=10 rps=- run=2: 157/1000000 ok=157 err=0
writes/tursodb-per-tenant/order-event t=1 c=10 rps=- run=2: 181/1000000 ok=181 err=0
writes/tursodb-per-tenant/order-event t=1 c=10 rps=- run=2: 207/1000000 ok=207 err=0
writes/tursodb-per-tenant/order-event t=1 c=10 rps=- run=2: 229/1000000 ok=229 err=0
writes/tursodb-per-tenant/order-event t=1 c=10 rps=- run=2: 257/1000000 ok=257 err=0
writes/tursodb-per-tenant/order-event t=1 c=10 rps=- run=2: 275/1000000 ok=275 err=0
writes/tursodb-per-tenant/order-event t=1 c=10 rps=- run=2: 297/1000000 ok=297 err=0
writes/tursodb-per-tenant/order-event t=1 c=10 rps=- run=2: 318/1000000 ok=318 err=0
writes/tursodb-per-tenant/order-event t=1 c=10 rps=- run=2: 351/1000000 ok=351 err=0
writes/tursodb-per-tenant/order-event t=1 c=10 rps=- run=2: 381/1000000 ok=381 err=0
writes/tursodb-per-tenant/order-event t=1 c=10 rps=- run=2: 382/1000000 ok=382 err=0
writes/d1-per-tenant/order-event t=1 c=10 rps=- run=2: 88/1000000 ok=88 err=0
writes/d1-per-tenant/order-event t=1 c=10 rps=- run=2: 182/1000000 ok=182 err=0
writes/d1-per-tenant/order-event t=1 c=10 rps=- run=2: 322/1000000 ok=322 err=0
writes/d1-per-tenant/order-event t=1 c=10 rps=- run=2: 458/1000000 ok=458 err=0
writes/d1-per-tenant/order-event t=1 c=10 rps=- run=2: 594/1000000 ok=594 err=0
writes/d1-per-tenant/order-event t=1 c=10 rps=- run=2: 724/1000000 ok=724 err=0
writes/d1-per-tenant/order-event t=1 c=10 rps=- run=2: 823/1000000 ok=823 err=0
writes/d1-per-tenant/order-event t=1 c=10 rps=- run=2: 900/1000000 ok=900 err=0
writes/d1-per-tenant/order-event t=1 c=10 rps=- run=2: 1039/1000000 ok=1039 err=0
writes/d1-per-tenant/order-event t=1 c=10 rps=- run=2: 1170/1000000 ok=1170 err=0
writes/d1-per-tenant/order-event t=1 c=10 rps=- run=2: 1307/1000000 ok=1307 err=0
writes/d1-per-tenant/order-event t=1 c=10 rps=- run=2: 1430/1000000 ok=1430 err=0
writes/d1-per-tenant/order-event t=1 c=10 rps=- run=2: 1567/1000000 ok=1567 err=0
writes/d1-per-tenant/order-event t=1 c=10 rps=- run=2: 1688/1000000 ok=1688 err=0
writes/d1-per-tenant/order-event t=1 c=10 rps=- run=2: 1791/1000000 ok=1791 err=0
writes/turso-per-tenant/order-event t=1 c=50 rps=- run=2: 43/1000000 ok=43 err=0
writes/turso-per-tenant/order-event t=1 c=50 rps=- run=2: 129/1000000 ok=129 err=0
writes/turso-per-tenant/order-event t=1 c=50 rps=- run=2: 230/1000000 ok=230 err=0
writes/turso-per-tenant/order-event t=1 c=50 rps=- run=2: 331/1000000 ok=331 err=0
writes/turso-per-tenant/order-event t=1 c=50 rps=- run=2: 429/1000000 ok=429 err=0
writes/turso-per-tenant/order-event t=1 c=50 rps=- run=2: 535/1000000 ok=535 err=0
writes/turso-per-tenant/order-event t=1 c=50 rps=- run=2: 642/1000000 ok=642 err=0
writes/turso-per-tenant/order-event t=1 c=50 rps=- run=2: 735/1000000 ok=735 err=0
writes/turso-per-tenant/order-event t=1 c=50 rps=- run=2: 800/1000000 ok=800 err=0
writes/turso-per-tenant/order-event t=1 c=50 rps=- run=2: 884/1000000 ok=884 err=0
writes/turso-per-tenant/order-event t=1 c=50 rps=- run=2: 978/1000000 ok=978 err=0
writes/turso-per-tenant/order-event t=1 c=50 rps=- run=2: 1054/1000000 ok=1054 err=0
writes/turso-per-tenant/order-event t=1 c=50 rps=- run=2: 1132/1000000 ok=1132 err=0
writes/turso-per-tenant/order-event t=1 c=50 rps=- run=2: 1212/1000000 ok=1212 err=0
writes/turso-per-tenant/order-event t=1 c=50 rps=- run=2: 1303/1000000 ok=1303 err=0
writes/turso-per-tenant/order-event t=1 c=50 rps=- run=2: 1342/1000000 ok=1342 err=0
writes/tursodb-per-tenant/order-event t=1 c=50 rps=- run=2: 25/1000000 ok=25 err=0
writes/tursodb-per-tenant/order-event t=1 c=50 rps=- run=2: 50/1000000 ok=50 err=0
writes/tursodb-per-tenant/order-event t=1 c=50 rps=- run=2: 75/1000000 ok=71 err=4
writes/tursodb-per-tenant/order-event t=1 c=50 rps=- run=2: 96/1000000 ok=88 err=8
writes/tursodb-per-tenant/order-event t=1 c=50 rps=- run=2: 114/1000000 ok=103 err=11
writes/tursodb-per-tenant/order-event t=1 c=50 rps=- run=2: 137/1000000 ok=119 err=18
writes/tursodb-per-tenant/order-event t=1 c=50 rps=- run=2: 159/1000000 ok=141 err=18
writes/tursodb-per-tenant/order-event t=1 c=50 rps=- run=2: 184/1000000 ok=165 err=19
writes/tursodb-per-tenant/order-event t=1 c=50 rps=- run=2: 206/1000000 ok=186 err=20
writes/tursodb-per-tenant/order-event t=1 c=50 rps=- run=2: 227/1000000 ok=195 err=32
writes/tursodb-per-tenant/order-event t=1 c=50 rps=- run=2: 247/1000000 ok=208 err=39
writes/tursodb-per-tenant/order-event t=1 c=50 rps=- run=2: 269/1000000 ok=229 err=40
writes/tursodb-per-tenant/order-event t=1 c=50 rps=- run=2: 295/1000000 ok=250 err=45
writes/tursodb-per-tenant/order-event t=1 c=50 rps=- run=2: 318/1000000 ok=269 err=49
writes/tursodb-per-tenant/order-event t=1 c=50 rps=- run=2: 342/1000000 ok=287 err=55
writes/tursodb-per-tenant/order-event t=1 c=50 rps=- run=2: 361/1000000 ok=300 err=61
writes/tursodb-per-tenant/order-event t=1 c=50 rps=- run=2: 381/1000000 ok=307 err=74
writes/d1-per-tenant/order-event t=1 c=50 rps=- run=2: 421/1000000 ok=421 err=0
writes/d1-per-tenant/order-event t=1 c=50 rps=- run=2: 696/1000000 ok=696 err=0
writes/d1-per-tenant/order-event t=1 c=50 rps=- run=2: 1063/1000000 ok=1063 err=0
writes/d1-per-tenant/order-event t=1 c=50 rps=- run=2: 1654/1000000 ok=1654 err=0
writes/d1-per-tenant/order-event t=1 c=50 rps=- run=2: 2127/1000000 ok=2127 err=0
writes/d1-per-tenant/order-event t=1 c=50 rps=- run=2: 2667/1000000 ok=2667 err=0
writes/d1-per-tenant/order-event t=1 c=50 rps=- run=2: 3160/1000000 ok=3160 err=0
writes/d1-per-tenant/order-event t=1 c=50 rps=- run=2: 3742/1000000 ok=3742 err=0
writes/d1-per-tenant/order-event t=1 c=50 rps=- run=2: 4157/1000000 ok=4157 err=0
writes/d1-per-tenant/order-event t=1 c=50 rps=- run=2: 4591/1000000 ok=4591 err=0
writes/d1-per-tenant/order-event t=1 c=50 rps=- run=2: 4980/1000000 ok=4980 err=0
writes/d1-per-tenant/order-event t=1 c=50 rps=- run=2: 5504/1000000 ok=5504 err=0
writes/d1-per-tenant/order-event t=1 c=50 rps=- run=2: 6056/1000000 ok=6056 err=0
writes/d1-per-tenant/order-event t=1 c=50 rps=- run=2: 6546/1000000 ok=6546 err=0
writes/d1-per-tenant/order-event t=1 c=50 rps=- run=2: 6978/1000000 ok=6978 err=0
writes/d1-per-tenant/order-event t=1 c=50 rps=- run=2: 6978/1000000 ok=6978 err=0
writes/turso-per-tenant/order-event t=1 c=100 rps=- run=2: 62/1000000 ok=62 err=0
writes/turso-per-tenant/order-event t=1 c=100 rps=- run=2: 147/1000000 ok=147 err=0
writes/turso-per-tenant/order-event t=1 c=100 rps=- run=2: 244/1000000 ok=244 err=0
writes/turso-per-tenant/order-event t=1 c=100 rps=- run=2: 337/1000000 ok=337 err=0
writes/turso-per-tenant/order-event t=1 c=100 rps=- run=2: 436/1000000 ok=436 err=0
writes/turso-per-tenant/order-event t=1 c=100 rps=- run=2: 539/1000000 ok=538 err=1
writes/turso-per-tenant/order-event t=1 c=100 rps=- run=2: 643/1000000 ok=642 err=1
writes/turso-per-tenant/order-event t=1 c=100 rps=- run=2: 727/1000000 ok=726 err=1
writes/turso-per-tenant/order-event t=1 c=100 rps=- run=2: 813/1000000 ok=812 err=1
writes/turso-per-tenant/order-event t=1 c=100 rps=- run=2: 922/1000000 ok=921 err=1
writes/turso-per-tenant/order-event t=1 c=100 rps=- run=2: 1027/1000000 ok=1026 err=1
writes/turso-per-tenant/order-event t=1 c=100 rps=- run=2: 1133/1000000 ok=1131 err=2
writes/turso-per-tenant/order-event t=1 c=100 rps=- run=2: 1230/1000000 ok=1228 err=2
writes/turso-per-tenant/order-event t=1 c=100 rps=- run=2: 1333/1000000 ok=1331 err=2
writes/turso-per-tenant/order-event t=1 c=100 rps=- run=2: 1431/1000000 ok=1429 err=2
writes/turso-per-tenant/order-event t=1 c=100 rps=- run=2: 1521/1000000 ok=1519 err=2
writes/tursodb-per-tenant/order-event t=1 c=100 rps=- run=2: 35/1000000 ok=35 err=0
writes/tursodb-per-tenant/order-event t=1 c=100 rps=- run=2: 75/1000000 ok=75 err=0
writes/tursodb-per-tenant/order-event t=1 c=100 rps=- run=2: 122/1000000 ok=104 err=18
writes/tursodb-per-tenant/order-event t=1 c=100 rps=- run=2: 171/1000000 ok=134 err=37
writes/tursodb-per-tenant/order-event t=1 c=100 rps=- run=2: 213/1000000 ok=149 err=64
writes/tursodb-per-tenant/order-event t=1 c=100 rps=- run=2: 256/1000000 ok=166 err=90
writes/tursodb-per-tenant/order-event t=1 c=100 rps=- run=2: 293/1000000 ok=181 err=112
writes/tursodb-per-tenant/order-event t=1 c=100 rps=- run=2: 334/1000000 ok=194 err=140
writes/tursodb-per-tenant/order-event t=1 c=100 rps=- run=2: 380/1000000 ok=205 err=175
writes/tursodb-per-tenant/order-event t=1 c=100 rps=- run=2: 421/1000000 ok=219 err=202
writes/tursodb-per-tenant/order-event t=1 c=100 rps=- run=2: 464/1000000 ok=228 err=236
writes/tursodb-per-tenant/order-event t=1 c=100 rps=- run=2: 503/1000000 ok=241 err=262
writes/tursodb-per-tenant/order-event t=1 c=100 rps=- run=2: 547/1000000 ok=258 err=289
writes/tursodb-per-tenant/order-event t=1 c=100 rps=- run=2: 587/1000000 ok=269 err=318
writes/tursodb-per-tenant/order-event t=1 c=100 rps=- run=2: 630/1000000 ok=275 err=355
writes/tursodb-per-tenant/order-event t=1 c=100 rps=- run=2: 671/1000000 ok=277 err=394
writes/tursodb-per-tenant/order-event t=1 c=100 rps=- run=2: 707/1000000 ok=279 err=428
writes/tursodb-per-tenant/order-event t=1 c=100 rps=- run=2: 716/1000000 ok=279 err=437
writes/d1-per-tenant/order-event t=1 c=100 rps=- run=2: 524/1000000 ok=524 err=0
writes/d1-per-tenant/order-event t=1 c=100 rps=- run=2: 1283/1000000 ok=1283 err=0
writes/d1-per-tenant/order-event t=1 c=100 rps=- run=2: 1898/1000000 ok=1898 err=0
writes/d1-per-tenant/order-event t=1 c=100 rps=- run=2: 2625/1000000 ok=2625 err=0
writes/d1-per-tenant/order-event t=1 c=100 rps=- run=2: 3267/1000000 ok=3267 err=0
writes/d1-per-tenant/order-event t=1 c=100 rps=- run=2: 3911/1000000 ok=3911 err=0
writes/d1-per-tenant/order-event t=1 c=100 rps=- run=2: 4504/1000000 ok=4504 err=0
writes/d1-per-tenant/order-event t=1 c=100 rps=- run=2: 5107/1000000 ok=5107 err=0
writes/d1-per-tenant/order-event t=1 c=100 rps=- run=2: 5754/1000000 ok=5754 err=0
writes/d1-per-tenant/order-event t=1 c=100 rps=- run=2: 6410/1000000 ok=6410 err=0
writes/d1-per-tenant/order-event t=1 c=100 rps=- run=2: 7129/1000000 ok=7129 err=0
writes/d1-per-tenant/order-event t=1 c=100 rps=- run=2: 7785/1000000 ok=7785 err=0
writes/d1-per-tenant/order-event t=1 c=100 rps=- run=2: 8405/1000000 ok=8405 err=0
writes/d1-per-tenant/order-event t=1 c=100 rps=- run=2: 8952/1000000 ok=8951 err=1
writes/d1-per-tenant/order-event t=1 c=100 rps=- run=2: 9455/1000000 ok=9454 err=1
writes/turso-per-tenant/exam-burst t=1 c=50 rps=- run=2: 1/50 ok=1 err=0
writes/turso-per-tenant/exam-burst t=1 c=50 rps=- run=2: 50/50 ok=50 err=0
writes/turso-per-tenant/exam-burst t=1 c=50 rps=- run=2: 50/50 ok=50 err=0
writes/tursodb-per-tenant/exam-burst t=1 c=50 rps=- run=2: 1/50 ok=1 err=0
writes/tursodb-per-tenant/exam-burst t=1 c=50 rps=- run=2: 50/50 ok=37 err=13
writes/tursodb-per-tenant/exam-burst t=1 c=50 rps=- run=2: 50/50 ok=37 err=13
writes/d1-per-tenant/exam-burst t=1 c=50 rps=- run=2: 50/50 ok=50 err=0
writes/d1-per-tenant/exam-burst t=1 c=50 rps=- run=2: 50/50 ok=50 err=0
writes/turso-per-tenant/exam-burst t=1 c=100 rps=- run=2: 1/100 ok=1 err=0
writes/turso-per-tenant/exam-burst t=1 c=100 rps=- run=2: 100/100 ok=100 err=0
writes/turso-per-tenant/exam-burst t=1 c=100 rps=- run=2: 100/100 ok=100 err=0
writes/tursodb-per-tenant/exam-burst t=1 c=100 rps=- run=2: 1/100 ok=1 err=0
writes/tursodb-per-tenant/exam-burst t=1 c=100 rps=- run=2: 100/100 ok=56 err=44
writes/tursodb-per-tenant/exam-burst t=1 c=100 rps=- run=2: 100/100 ok=56 err=44
writes/d1-per-tenant/exam-burst t=1 c=100 rps=- run=2: 100/100 ok=100 err=0
writes/d1-per-tenant/exam-burst t=1 c=100 rps=- run=2: 100/100 ok=100 err=0
writes/turso-per-tenant/exam-burst t=1 c=250 rps=- run=2: 1/250 ok=1 err=0
writes/turso-per-tenant/exam-burst t=1 c=250 rps=- run=2: 250/250 ok=147 err=103
writes/turso-per-tenant/exam-burst t=1 c=250 rps=- run=2: 250/250 ok=147 err=103
writes/tursodb-per-tenant/exam-burst t=1 c=250 rps=- run=2: 1/250 ok=1 err=0
writes/tursodb-per-tenant/exam-burst t=1 c=250 rps=- run=2: 250/250 ok=88 err=162
writes/tursodb-per-tenant/exam-burst t=1 c=250 rps=- run=2: 250/250 ok=88 err=162
writes/d1-per-tenant/exam-burst t=1 c=250 rps=- run=2: 1/250 ok=1 err=0
writes/d1-per-tenant/exam-burst t=1 c=250 rps=- run=2: 250/250 ok=250 err=0
writes/d1-per-tenant/exam-burst t=1 c=250 rps=- run=2: 250/250 ok=250 err=0
writes/turso-per-tenant/exam-burst t=1 c=500 rps=- run=2: 1/500 ok=1 err=0
writes/turso-per-tenant/exam-burst t=1 c=500 rps=- run=2: 500/500 ok=116 err=384
writes/turso-per-tenant/exam-burst t=1 c=500 rps=- run=2: 500/500 ok=116 err=384
writes/tursodb-per-tenant/exam-burst t=1 c=500 rps=- run=2: 1/500 ok=1 err=0
writes/tursodb-per-tenant/exam-burst t=1 c=500 rps=- run=2: 500/500 ok=64 err=436
writes/tursodb-per-tenant/exam-burst t=1 c=500 rps=- run=2: 500/500 ok=64 err=436
writes/d1-per-tenant/exam-burst t=1 c=500 rps=- run=2: 1/500 ok=1 err=0
writes/d1-per-tenant/exam-burst t=1 c=500 rps=- run=2: 500/500 ok=500 err=0
writes/d1-per-tenant/exam-burst t=1 c=500 rps=- run=2: 500/500 ok=500 err=0
tenant-churn/turso-per-tenant/tenant-churn t=10 c=50 rps=- run=2: 503/1000000 ok=503 err=0
tenant-churn/turso-per-tenant/tenant-churn t=10 c=50 rps=- run=2: 1218/1000000 ok=1218 err=0
tenant-churn/turso-per-tenant/tenant-churn t=10 c=50 rps=- run=2: 1756/1000000 ok=1756 err=0
tenant-churn/turso-per-tenant/tenant-churn t=10 c=50 rps=- run=2: 2186/1000000 ok=2186 err=0
tenant-churn/turso-per-tenant/tenant-churn t=10 c=50 rps=- run=2: 2517/1000000 ok=2517 err=0
tenant-churn/turso-per-tenant/tenant-churn t=10 c=50 rps=- run=2: 3099/1000000 ok=3099 err=0
tenant-churn/turso-per-tenant/tenant-churn t=10 c=50 rps=- run=2: 3629/1000000 ok=3629 err=0
tenant-churn/turso-per-tenant/tenant-churn t=10 c=50 rps=- run=2: 3996/1000000 ok=3996 err=0
tenant-churn/turso-per-tenant/tenant-churn t=10 c=50 rps=- run=2: 4302/1000000 ok=4302 err=0
tenant-churn/turso-per-tenant/tenant-churn t=10 c=50 rps=- run=2: 4539/1000000 ok=4539 err=0
tenant-churn/turso-per-tenant/tenant-churn t=10 c=50 rps=- run=2: 4706/1000000 ok=4706 err=0
tenant-churn/turso-per-tenant/tenant-churn t=10 c=50 rps=- run=2: 4914/1000000 ok=4914 err=0
tenant-churn/turso-per-tenant/tenant-churn t=10 c=50 rps=- run=2: 5268/1000000 ok=5268 err=0
tenant-churn/turso-per-tenant/tenant-churn t=10 c=50 rps=- run=2: 5990/1000000 ok=5990 err=0
tenant-churn/turso-per-tenant/tenant-churn t=10 c=50 rps=- run=2: 6473/1000000 ok=6473 err=0
tenant-churn/turso-per-tenant/tenant-churn t=10 c=50 rps=- run=2: 6493/1000000 ok=6493 err=0
tenant-churn/tursodb-per-tenant/tenant-churn t=10 c=50 rps=- run=2: 61/1000000 ok=61 err=0
tenant-churn/tursodb-per-tenant/tenant-churn t=10 c=50 rps=- run=2: 381/1000000 ok=381 err=0
tenant-churn/tursodb-per-tenant/tenant-churn t=10 c=50 rps=- run=2: 646/1000000 ok=646 err=0
tenant-churn/tursodb-per-tenant/tenant-churn t=10 c=50 rps=- run=2: 850/1000000 ok=850 err=0
tenant-churn/tursodb-per-tenant/tenant-churn t=10 c=50 rps=- run=2: 1097/1000000 ok=1097 err=0
tenant-churn/tursodb-per-tenant/tenant-churn t=10 c=50 rps=- run=2: 1822/1000000 ok=1822 err=0
tenant-churn/tursodb-per-tenant/tenant-churn t=10 c=50 rps=- run=2: 2527/1000000 ok=2527 err=0
tenant-churn/tursodb-per-tenant/tenant-churn t=10 c=50 rps=- run=2: 3039/1000000 ok=3039 err=0
tenant-churn/tursodb-per-tenant/tenant-churn t=10 c=50 rps=- run=2: 3417/1000000 ok=3417 err=0
tenant-churn/tursodb-per-tenant/tenant-churn t=10 c=50 rps=- run=2: 4081/1000000 ok=4081 err=0
tenant-churn/tursodb-per-tenant/tenant-churn t=10 c=50 rps=- run=2: 4817/1000000 ok=4817 err=0
tenant-churn/tursodb-per-tenant/tenant-churn t=10 c=50 rps=- run=2: 5571/1000000 ok=5571 err=0
tenant-churn/tursodb-per-tenant/tenant-churn t=10 c=50 rps=- run=2: 6284/1000000 ok=6284 err=0
tenant-churn/tursodb-per-tenant/tenant-churn t=10 c=50 rps=- run=2: 6773/1000000 ok=6773 err=0
tenant-churn/d1-per-tenant/tenant-churn t=10 c=50 rps=- run=2: 685/1000000 ok=685 err=0
tenant-churn/d1-per-tenant/tenant-churn t=10 c=50 rps=- run=2: 1235/1000000 ok=1235 err=0
tenant-churn/d1-per-tenant/tenant-churn t=10 c=50 rps=- run=2: 1615/1000000 ok=1615 err=0
tenant-churn/d1-per-tenant/tenant-churn t=10 c=50 rps=- run=2: 1954/1000000 ok=1954 err=0
tenant-churn/d1-per-tenant/tenant-churn t=10 c=50 rps=- run=2: 2762/1000000 ok=2762 err=0
tenant-churn/d1-per-tenant/tenant-churn t=10 c=50 rps=- run=2: 3451/1000000 ok=3451 err=0
tenant-churn/d1-per-tenant/tenant-churn t=10 c=50 rps=- run=2: 3819/1000000 ok=3819 err=0
tenant-churn/d1-per-tenant/tenant-churn t=10 c=50 rps=- run=2: 4397/1000000 ok=4397 err=0
tenant-churn/d1-per-tenant/tenant-churn t=10 c=50 rps=- run=2: 5114/1000000 ok=5114 err=0
tenant-churn/d1-per-tenant/tenant-churn t=10 c=50 rps=- run=2: 5864/1000000 ok=5864 err=0
tenant-churn/d1-per-tenant/tenant-churn t=10 c=50 rps=- run=2: 6448/1000000 ok=6448 err=0
tenant-churn/d1-per-tenant/tenant-churn t=10 c=50 rps=- run=2: 7150/1000000 ok=7150 err=0
tenant-churn/d1-per-tenant/tenant-churn t=10 c=50 rps=- run=2: 7780/1000000 ok=7780 err=0
tenant-churn/d1-per-tenant/tenant-churn t=10 c=50 rps=- run=2: 8563/1000000 ok=8563 err=0
tenant-churn/d1-per-tenant/tenant-churn t=10 c=50 rps=- run=2: 9189/1000000 ok=9189 err=0
tenant-churn/turso-per-tenant/tenant-churn t=30 c=50 rps=- run=2: 427/1000000 ok=427 err=0
tenant-churn/turso-per-tenant/tenant-churn t=30 c=50 rps=- run=2: 1056/1000000 ok=1056 err=0
tenant-churn/turso-per-tenant/tenant-churn t=30 c=50 rps=- run=2: 1587/1000000 ok=1587 err=0
tenant-churn/turso-per-tenant/tenant-churn t=30 c=50 rps=- run=2: 2290/1000000 ok=2290 err=0
tenant-churn/turso-per-tenant/tenant-churn t=30 c=50 rps=- run=2: 2662/1000000 ok=2662 err=0
tenant-churn/turso-per-tenant/tenant-churn t=30 c=50 rps=- run=2: 3039/1000000 ok=3039 err=0
tenant-churn/turso-per-tenant/tenant-churn t=30 c=50 rps=- run=2: 3778/1000000 ok=3778 err=0
tenant-churn/turso-per-tenant/tenant-churn t=30 c=50 rps=- run=2: 4483/1000000 ok=4483 err=0
tenant-churn/turso-per-tenant/tenant-churn t=30 c=50 rps=- run=2: 5225/1000000 ok=5225 err=0
tenant-churn/turso-per-tenant/tenant-churn t=30 c=50 rps=- run=2: 5963/1000000 ok=5963 err=0
tenant-churn/turso-per-tenant/tenant-churn t=30 c=50 rps=- run=2: 6556/1000000 ok=6556 err=0
tenant-churn/turso-per-tenant/tenant-churn t=30 c=50 rps=- run=2: 7253/1000000 ok=7253 err=0
tenant-churn/turso-per-tenant/tenant-churn t=30 c=50 rps=- run=2: 7927/1000000 ok=7927 err=0
tenant-churn/turso-per-tenant/tenant-churn t=30 c=50 rps=- run=2: 8425/1000000 ok=8425 err=0
tenant-churn/turso-per-tenant/tenant-churn t=30 c=50 rps=- run=2: 8782/1000000 ok=8782 err=0
tenant-churn/tursodb-per-tenant/tenant-churn t=30 c=50 rps=- run=2: 34/1000000 ok=33 err=1
tenant-churn/tursodb-per-tenant/tenant-churn t=30 c=50 rps=- run=2: 110/1000000 ok=59 err=51
tenant-churn/tursodb-per-tenant/tenant-churn t=30 c=50 rps=- run=2: 160/1000000 ok=60 err=100
tenant-churn/tursodb-per-tenant/tenant-churn t=30 c=50 rps=- run=2: 580/1000000 ok=480 err=100
tenant-churn/tursodb-per-tenant/tenant-churn t=30 c=50 rps=- run=2: 1249/1000000 ok=1149 err=100
tenant-churn/tursodb-per-tenant/tenant-churn t=30 c=50 rps=- run=2: 1841/1000000 ok=1741 err=100
tenant-churn/tursodb-per-tenant/tenant-churn t=30 c=50 rps=- run=2: 2524/1000000 ok=2424 err=100
tenant-churn/tursodb-per-tenant/tenant-churn t=30 c=50 rps=- run=2: 3253/1000000 ok=3153 err=100
tenant-churn/tursodb-per-tenant/tenant-churn t=30 c=50 rps=- run=2: 3999/1000000 ok=3899 err=100
tenant-churn/tursodb-per-tenant/tenant-churn t=30 c=50 rps=- run=2: 4734/1000000 ok=4634 err=100
tenant-churn/tursodb-per-tenant/tenant-churn t=30 c=50 rps=- run=2: 5246/1000000 ok=5146 err=100
tenant-churn/tursodb-per-tenant/tenant-churn t=30 c=50 rps=- run=2: 5450/1000000 ok=5350 err=100
tenant-churn/d1-per-tenant/tenant-churn t=30 c=50 rps=- run=2: 714/1000000 ok=714 err=0
tenant-churn/d1-per-tenant/tenant-churn t=30 c=50 rps=- run=2: 1507/1000000 ok=1507 err=0
tenant-churn/d1-per-tenant/tenant-churn t=30 c=50 rps=- run=2: 2302/1000000 ok=2302 err=0
tenant-churn/d1-per-tenant/tenant-churn t=30 c=50 rps=- run=2: 3089/1000000 ok=3089 err=0
tenant-churn/d1-per-tenant/tenant-churn t=30 c=50 rps=- run=2: 3643/1000000 ok=3643 err=0
tenant-churn/d1-per-tenant/tenant-churn t=30 c=50 rps=- run=2: 3966/1000000 ok=3966 err=0
tenant-churn/d1-per-tenant/tenant-churn t=30 c=50 rps=- run=2: 4590/1000000 ok=4590 err=0
tenant-churn/d1-per-tenant/tenant-churn t=30 c=50 rps=- run=2: 5392/1000000 ok=5392 err=0
tenant-churn/d1-per-tenant/tenant-churn t=30 c=50 rps=- run=2: 6100/1000000 ok=6100 err=0
tenant-churn/d1-per-tenant/tenant-churn t=30 c=50 rps=- run=2: 6858/1000000 ok=6858 err=0
tenant-churn/d1-per-tenant/tenant-churn t=30 c=50 rps=- run=2: 7672/1000000 ok=7672 err=0
tenant-churn/d1-per-tenant/tenant-churn t=30 c=50 rps=- run=2: 8322/1000000 ok=8322 err=0
tenant-churn/d1-per-tenant/tenant-churn t=30 c=50 rps=- run=2: 8865/1000000 ok=8865 err=0
tenant-churn/d1-per-tenant/tenant-churn t=30 c=50 rps=- run=2: 9205/1000000 ok=9205 err=0
tenant-churn/d1-per-tenant/tenant-churn t=30 c=50 rps=- run=2: 9947/1000000 ok=9947 err=0
tenant-churn/turso-per-tenant/tenant-churn t=10 c=50 rps=- run=2: 565/1000000 ok=565 err=0
tenant-churn/turso-per-tenant/tenant-churn t=10 c=50 rps=- run=2: 1302/1000000 ok=1302 err=0
tenant-churn/turso-per-tenant/tenant-churn t=10 c=50 rps=- run=2: 1853/1000000 ok=1853 err=0
tenant-churn/turso-per-tenant/tenant-churn t=10 c=50 rps=- run=2: 2256/1000000 ok=2256 err=0
tenant-churn/turso-per-tenant/tenant-churn t=10 c=50 rps=- run=2: 2583/1000000 ok=2583 err=0
tenant-churn/turso-per-tenant/tenant-churn t=10 c=50 rps=- run=2: 3298/1000000 ok=3298 err=0
tenant-churn/turso-per-tenant/tenant-churn t=10 c=50 rps=- run=2: 4015/1000000 ok=4015 err=0
tenant-churn/turso-per-tenant/tenant-churn t=10 c=50 rps=- run=2: 4650/1000000 ok=4650 err=0
tenant-churn/turso-per-tenant/tenant-churn t=10 c=50 rps=- run=2: 5402/1000000 ok=5402 err=0
tenant-churn/turso-per-tenant/tenant-churn t=10 c=50 rps=- run=2: 5877/1000000 ok=5877 err=0
tenant-churn/turso-per-tenant/tenant-churn t=10 c=50 rps=- run=2: 6579/1000000 ok=6579 err=0
tenant-churn/turso-per-tenant/tenant-churn t=10 c=50 rps=- run=2: 7275/1000000 ok=7275 err=0
tenant-churn/turso-per-tenant/tenant-churn t=10 c=50 rps=- run=2: 7636/1000000 ok=7636 err=0
tenant-churn/turso-per-tenant/tenant-churn t=10 c=50 rps=- run=2: 7899/1000000 ok=7899 err=0
tenant-churn/turso-per-tenant/tenant-churn t=10 c=50 rps=- run=2: 8581/1000000 ok=8581 err=0
tenant-churn/tursodb-per-tenant/tenant-churn t=10 c=50 rps=- run=2: 322/1000000 ok=322 err=0
tenant-churn/tursodb-per-tenant/tenant-churn t=10 c=50 rps=- run=2: 599/1000000 ok=599 err=0
tenant-churn/tursodb-per-tenant/tenant-churn t=10 c=50 rps=- run=2: 1226/1000000 ok=1226 err=0
tenant-churn/tursodb-per-tenant/tenant-churn t=10 c=50 rps=- run=2: 1889/1000000 ok=1889 err=0
tenant-churn/tursodb-per-tenant/tenant-churn t=10 c=50 rps=- run=2: 2504/1000000 ok=2504 err=0
tenant-churn/tursodb-per-tenant/tenant-churn t=10 c=50 rps=- run=2: 3232/1000000 ok=3232 err=0
tenant-churn/tursodb-per-tenant/tenant-churn t=10 c=50 rps=- run=2: 3702/1000000 ok=3702 err=0
tenant-churn/tursodb-per-tenant/tenant-churn t=10 c=50 rps=- run=2: 4161/1000000 ok=4161 err=0
tenant-churn/tursodb-per-tenant/tenant-churn t=10 c=50 rps=- run=2: 4511/1000000 ok=4511 err=0
tenant-churn/tursodb-per-tenant/tenant-churn t=10 c=50 rps=- run=2: 5102/1000000 ok=5102 err=0
tenant-churn/tursodb-per-tenant/tenant-churn t=10 c=50 rps=- run=2: 5859/1000000 ok=5859 err=0
tenant-churn/tursodb-per-tenant/tenant-churn t=10 c=50 rps=- run=2: 6520/1000000 ok=6520 err=0
tenant-churn/tursodb-per-tenant/tenant-churn t=10 c=50 rps=- run=2: 6922/1000000 ok=6922 err=0
tenant-churn/tursodb-per-tenant/tenant-churn t=10 c=50 rps=- run=2: 7459/1000000 ok=7459 err=0
tenant-churn/tursodb-per-tenant/tenant-churn t=10 c=50 rps=- run=2: 7908/1000000 ok=7908 err=0
tenant-churn/d1-per-tenant/tenant-churn t=10 c=50 rps=- run=2: 469/1000000 ok=469 err=0
tenant-churn/d1-per-tenant/tenant-churn t=10 c=50 rps=- run=2: 1047/1000000 ok=1047 err=0
tenant-churn/d1-per-tenant/tenant-churn t=10 c=50 rps=- run=2: 1532/1000000 ok=1532 err=0
tenant-churn/d1-per-tenant/tenant-churn t=10 c=50 rps=- run=2: 1908/1000000 ok=1908 err=0
tenant-churn/d1-per-tenant/tenant-churn t=10 c=50 rps=- run=2: 2180/1000000 ok=2180 err=0
tenant-churn/d1-per-tenant/tenant-churn t=10 c=50 rps=- run=2: 2639/1000000 ok=2639 err=0
tenant-churn/d1-per-tenant/tenant-churn t=10 c=50 rps=- run=2: 3305/1000000 ok=3305 err=0
tenant-churn/d1-per-tenant/tenant-churn t=10 c=50 rps=- run=2: 3966/1000000 ok=3966 err=0
tenant-churn/d1-per-tenant/tenant-churn t=10 c=50 rps=- run=2: 4481/1000000 ok=4481 err=0
tenant-churn/d1-per-tenant/tenant-churn t=10 c=50 rps=- run=2: 4972/1000000 ok=4972 err=0
tenant-churn/d1-per-tenant/tenant-churn t=10 c=50 rps=- run=2: 5651/1000000 ok=5651 err=0
tenant-churn/d1-per-tenant/tenant-churn t=10 c=50 rps=- run=2: 6220/1000000 ok=6220 err=0
tenant-churn/d1-per-tenant/tenant-churn t=10 c=50 rps=- run=2: 6827/1000000 ok=6827 err=0
tenant-churn/d1-per-tenant/tenant-churn t=10 c=50 rps=- run=2: 7540/1000000 ok=7540 err=0
tenant-churn/d1-per-tenant/tenant-churn t=10 c=50 rps=- run=2: 8044/1000000 ok=8044 err=0
tenant-churn/d1-per-tenant/tenant-churn t=10 c=50 rps=- run=2: 8044/1000000 ok=8044 err=0
tenant-churn/turso-per-tenant/tenant-churn t=30 c=50 rps=- run=2: 528/1000000 ok=528 err=0
tenant-churn/turso-per-tenant/tenant-churn t=30 c=50 rps=- run=2: 1218/1000000 ok=1218 err=0
tenant-churn/turso-per-tenant/tenant-churn t=30 c=50 rps=- run=2: 1966/1000000 ok=1966 err=0
tenant-churn/turso-per-tenant/tenant-churn t=30 c=50 rps=- run=2: 2701/1000000 ok=2701 err=0
tenant-churn/turso-per-tenant/tenant-churn t=30 c=50 rps=- run=2: 3445/1000000 ok=3445 err=0
tenant-churn/turso-per-tenant/tenant-churn t=30 c=50 rps=- run=2: 3987/1000000 ok=3987 err=0
tenant-churn/turso-per-tenant/tenant-churn t=30 c=50 rps=- run=2: 4717/1000000 ok=4717 err=0
tenant-churn/turso-per-tenant/tenant-churn t=30 c=50 rps=- run=2: 5400/1000000 ok=5400 err=0
tenant-churn/turso-per-tenant/tenant-churn t=30 c=50 rps=- run=2: 6094/1000000 ok=6094 err=0
tenant-churn/turso-per-tenant/tenant-churn t=30 c=50 rps=- run=2: 6740/1000000 ok=6740 err=0
tenant-churn/turso-per-tenant/tenant-churn t=30 c=50 rps=- run=2: 7360/1000000 ok=7360 err=0
tenant-churn/turso-per-tenant/tenant-churn t=30 c=50 rps=- run=2: 8111/1000000 ok=8111 err=0
tenant-churn/turso-per-tenant/tenant-churn t=30 c=50 rps=- run=2: 8846/1000000 ok=8846 err=0
tenant-churn/turso-per-tenant/tenant-churn t=30 c=50 rps=- run=2: 9455/1000000 ok=9455 err=0
tenant-churn/turso-per-tenant/tenant-churn t=30 c=50 rps=- run=2: 10089/1000000 ok=10089 err=0
tenant-churn/turso-per-tenant/tenant-churn t=30 c=50 rps=- run=2: 10116/1000000 ok=10116 err=0
tenant-churn/tursodb-per-tenant/tenant-churn t=30 c=50 rps=- run=2: 275/1000000 ok=275 err=0
tenant-churn/tursodb-per-tenant/tenant-churn t=30 c=50 rps=- run=2: 794/1000000 ok=794 err=0
tenant-churn/tursodb-per-tenant/tenant-churn t=30 c=50 rps=- run=2: 1191/1000000 ok=1191 err=0
tenant-churn/tursodb-per-tenant/tenant-churn t=30 c=50 rps=- run=2: 1771/1000000 ok=1771 err=0
tenant-churn/tursodb-per-tenant/tenant-churn t=30 c=50 rps=- run=2: 2441/1000000 ok=2441 err=0
tenant-churn/tursodb-per-tenant/tenant-churn t=30 c=50 rps=- run=2: 3100/1000000 ok=3100 err=0
tenant-churn/tursodb-per-tenant/tenant-churn t=30 c=50 rps=- run=2: 3824/1000000 ok=3824 err=0
tenant-churn/tursodb-per-tenant/tenant-churn t=30 c=50 rps=- run=2: 4428/1000000 ok=4428 err=0
tenant-churn/tursodb-per-tenant/tenant-churn t=30 c=50 rps=- run=2: 5036/1000000 ok=5036 err=0
tenant-churn/tursodb-per-tenant/tenant-churn t=30 c=50 rps=- run=2: 5564/1000000 ok=5564 err=0
tenant-churn/tursodb-per-tenant/tenant-churn t=30 c=50 rps=- run=2: 5873/1000000 ok=5873 err=0
tenant-churn/tursodb-per-tenant/tenant-churn t=30 c=50 rps=- run=2: 6083/1000000 ok=6083 err=0
tenant-churn/tursodb-per-tenant/tenant-churn t=30 c=50 rps=- run=2: 6572/1000000 ok=6572 err=0
tenant-churn/tursodb-per-tenant/tenant-churn t=30 c=50 rps=- run=2: 7325/1000000 ok=7325 err=0
tenant-churn/tursodb-per-tenant/tenant-churn t=30 c=50 rps=- run=2: 7975/1000000 ok=7975 err=0
tenant-churn/d1-per-tenant/tenant-churn t=30 c=50 rps=- run=2: 755/1000000 ok=755 err=0
tenant-churn/d1-per-tenant/tenant-churn t=30 c=50 rps=- run=2: 1537/1000000 ok=1537 err=0
tenant-churn/d1-per-tenant/tenant-churn t=30 c=50 rps=- run=2: 2364/1000000 ok=2364 err=0
tenant-churn/d1-per-tenant/tenant-churn t=30 c=50 rps=- run=2: 3167/1000000 ok=3167 err=0
tenant-churn/d1-per-tenant/tenant-churn t=30 c=50 rps=- run=2: 3990/1000000 ok=3990 err=0
tenant-churn/d1-per-tenant/tenant-churn t=30 c=50 rps=- run=2: 4830/1000000 ok=4830 err=0
tenant-churn/d1-per-tenant/tenant-churn t=30 c=50 rps=- run=2: 5585/1000000 ok=5585 err=0
tenant-churn/d1-per-tenant/tenant-churn t=30 c=50 rps=- run=2: 6277/1000000 ok=6277 err=0
tenant-churn/d1-per-tenant/tenant-churn t=30 c=50 rps=- run=2: 7076/1000000 ok=7076 err=0
tenant-churn/d1-per-tenant/tenant-churn t=30 c=50 rps=- run=2: 7822/1000000 ok=7822 err=0
tenant-churn/d1-per-tenant/tenant-churn t=30 c=50 rps=- run=2: 8642/1000000 ok=8642 err=0
tenant-churn/d1-per-tenant/tenant-churn t=30 c=50 rps=- run=2: 9469/1000000 ok=9469 err=0
tenant-churn/d1-per-tenant/tenant-churn t=30 c=50 rps=- run=2: 10011/1000000 ok=10011 err=0
tenant-churn/d1-per-tenant/tenant-churn t=30 c=50 rps=- run=2: 10667/1000000 ok=10667 err=0
tenant-churn/d1-per-tenant/tenant-churn t=30 c=50 rps=- run=2: 11361/1000000 ok=11361 err=0
tenant-churn/turso-per-tenant/tenant-churn t=10 c=50 rps=- run=2: 537/1000000 ok=537 err=0
tenant-churn/turso-per-tenant/tenant-churn t=10 c=50 rps=- run=2: 937/1000000 ok=937 err=0
tenant-churn/turso-per-tenant/tenant-churn t=10 c=50 rps=- run=2: 1691/1000000 ok=1691 err=0
tenant-churn/turso-per-tenant/tenant-churn t=10 c=50 rps=- run=2: 2393/1000000 ok=2393 err=0
tenant-churn/turso-per-tenant/tenant-churn t=10 c=50 rps=- run=2: 3165/1000000 ok=3165 err=0
tenant-churn/turso-per-tenant/tenant-churn t=10 c=50 rps=- run=2: 3739/1000000 ok=3739 err=0
tenant-churn/turso-per-tenant/tenant-churn t=10 c=50 rps=- run=2: 4093/1000000 ok=4093 err=0
tenant-churn/turso-per-tenant/tenant-churn t=10 c=50 rps=- run=2: 4491/1000000 ok=4491 err=0
tenant-churn/turso-per-tenant/tenant-churn t=10 c=50 rps=- run=2: 5169/1000000 ok=5169 err=0
tenant-churn/turso-per-tenant/tenant-churn t=10 c=50 rps=- run=2: 5824/1000000 ok=5824 err=0
tenant-churn/turso-per-tenant/tenant-churn t=10 c=50 rps=- run=2: 6576/1000000 ok=6576 err=0
tenant-churn/turso-per-tenant/tenant-churn t=10 c=50 rps=- run=2: 7268/1000000 ok=7268 err=0
tenant-churn/turso-per-tenant/tenant-churn t=10 c=50 rps=- run=2: 7916/1000000 ok=7916 err=0
tenant-churn/turso-per-tenant/tenant-churn t=10 c=50 rps=- run=2: 8598/1000000 ok=8598 err=0
tenant-churn/turso-per-tenant/tenant-churn t=10 c=50 rps=- run=2: 9289/1000000 ok=9289 err=0
tenant-churn/turso-per-tenant/tenant-churn t=10 c=50 rps=- run=2: 9312/1000000 ok=9312 err=0
tenant-churn/tursodb-per-tenant/tenant-churn t=10 c=50 rps=- run=2: 549/1000000 ok=549 err=0
tenant-churn/tursodb-per-tenant/tenant-churn t=10 c=50 rps=- run=2: 1286/1000000 ok=1286 err=0
tenant-churn/tursodb-per-tenant/tenant-churn t=10 c=50 rps=- run=2: 2041/1000000 ok=2041 err=0
tenant-churn/tursodb-per-tenant/tenant-churn t=10 c=50 rps=- run=2: 2684/1000000 ok=2684 err=0
tenant-churn/tursodb-per-tenant/tenant-churn t=10 c=50 rps=- run=2: 3389/1000000 ok=3389 err=0
tenant-churn/tursodb-per-tenant/tenant-churn t=10 c=50 rps=- run=2: 4047/1000000 ok=4047 err=0
tenant-churn/tursodb-per-tenant/tenant-churn t=10 c=50 rps=- run=2: 4716/1000000 ok=4716 err=0
tenant-churn/tursodb-per-tenant/tenant-churn t=10 c=50 rps=- run=2: 5422/1000000 ok=5422 err=0
tenant-churn/tursodb-per-tenant/tenant-churn t=10 c=50 rps=- run=2: 5855/1000000 ok=5855 err=0
tenant-churn/tursodb-per-tenant/tenant-churn t=10 c=50 rps=- run=2: 6214/1000000 ok=6214 err=0
tenant-churn/tursodb-per-tenant/tenant-churn t=10 c=50 rps=- run=2: 6829/1000000 ok=6829 err=0
tenant-churn/tursodb-per-tenant/tenant-churn t=10 c=50 rps=- run=2: 7569/1000000 ok=7569 err=0
tenant-churn/tursodb-per-tenant/tenant-churn t=10 c=50 rps=- run=2: 7876/1000000 ok=7876 err=0
tenant-churn/tursodb-per-tenant/tenant-churn t=10 c=50 rps=- run=2: 8202/1000000 ok=8202 err=0
tenant-churn/tursodb-per-tenant/tenant-churn t=10 c=50 rps=- run=2: 8727/1000000 ok=8727 err=0
tenant-churn/d1-per-tenant/tenant-churn t=10 c=50 rps=- run=2: 714/1000000 ok=714 err=0
tenant-churn/d1-per-tenant/tenant-churn t=10 c=50 rps=- run=2: 1129/1000000 ok=1129 err=0
tenant-churn/d1-per-tenant/tenant-churn t=10 c=50 rps=- run=2: 1466/1000000 ok=1466 err=0
tenant-churn/d1-per-tenant/tenant-churn t=10 c=50 rps=- run=2: 2036/1000000 ok=2036 err=0
tenant-churn/d1-per-tenant/tenant-churn t=10 c=50 rps=- run=2: 2794/1000000 ok=2794 err=0
tenant-churn/d1-per-tenant/tenant-churn t=10 c=50 rps=- run=2: 3525/1000000 ok=3525 err=0
tenant-churn/d1-per-tenant/tenant-churn t=10 c=50 rps=- run=2: 4345/1000000 ok=4345 err=0
tenant-churn/d1-per-tenant/tenant-churn t=10 c=50 rps=- run=2: 5087/1000000 ok=5087 err=0
tenant-churn/d1-per-tenant/tenant-churn t=10 c=50 rps=- run=2: 5676/1000000 ok=5676 err=0
tenant-churn/d1-per-tenant/tenant-churn t=10 c=50 rps=- run=2: 6333/1000000 ok=6333 err=0
tenant-churn/d1-per-tenant/tenant-churn t=10 c=50 rps=- run=2: 7085/1000000 ok=7085 err=0
tenant-churn/d1-per-tenant/tenant-churn t=10 c=50 rps=- run=2: 7802/1000000 ok=7802 err=0
tenant-churn/d1-per-tenant/tenant-churn t=10 c=50 rps=- run=2: 8633/1000000 ok=8633 err=0
tenant-churn/d1-per-tenant/tenant-churn t=10 c=50 rps=- run=2: 9389/1000000 ok=9389 err=0
tenant-churn/d1-per-tenant/tenant-churn t=10 c=50 rps=- run=2: 10028/1000000 ok=10028 err=0
tenant-churn/turso-per-tenant/tenant-churn t=30 c=50 rps=- run=2: 548/1000000 ok=548 err=0
tenant-churn/turso-per-tenant/tenant-churn t=30 c=50 rps=- run=2: 965/1000000 ok=965 err=0
tenant-churn/turso-per-tenant/tenant-churn t=30 c=50 rps=- run=2: 1298/1000000 ok=1298 err=0
tenant-churn/turso-per-tenant/tenant-churn t=30 c=50 rps=- run=2: 1642/1000000 ok=1642 err=0
tenant-churn/turso-per-tenant/tenant-churn t=30 c=50 rps=- run=2: 2246/1000000 ok=2246 err=0
tenant-churn/turso-per-tenant/tenant-churn t=30 c=50 rps=- run=2: 2739/1000000 ok=2739 err=0
tenant-churn/turso-per-tenant/tenant-churn t=30 c=50 rps=- run=2: 2993/1000000 ok=2993 err=0
tenant-churn/turso-per-tenant/tenant-churn t=30 c=50 rps=- run=2: 3397/1000000 ok=3397 err=0
tenant-churn/turso-per-tenant/tenant-churn t=30 c=50 rps=- run=2: 3779/1000000 ok=3779 err=0
tenant-churn/turso-per-tenant/tenant-churn t=30 c=50 rps=- run=2: 4112/1000000 ok=4112 err=0
tenant-churn/turso-per-tenant/tenant-churn t=30 c=50 rps=- run=2: 4547/1000000 ok=4547 err=0
tenant-churn/turso-per-tenant/tenant-churn t=30 c=50 rps=- run=2: 4922/1000000 ok=4922 err=0
tenant-churn/turso-per-tenant/tenant-churn t=30 c=50 rps=- run=2: 5490/1000000 ok=5490 err=0
tenant-churn/turso-per-tenant/tenant-churn t=30 c=50 rps=- run=2: 6037/1000000 ok=6037 err=0
tenant-churn/turso-per-tenant/tenant-churn t=30 c=50 rps=- run=2: 6637/1000000 ok=6637 err=0
tenant-churn/tursodb-per-tenant/tenant-churn t=30 c=50 rps=- run=2: 216/1000000 ok=216 err=0
tenant-churn/tursodb-per-tenant/tenant-churn t=30 c=50 rps=- run=2: 906/1000000 ok=906 err=0
tenant-churn/tursodb-per-tenant/tenant-churn t=30 c=50 rps=- run=2: 1558/1000000 ok=1558 err=0
tenant-churn/tursodb-per-tenant/tenant-churn t=30 c=50 rps=- run=2: 2209/1000000 ok=2209 err=0
tenant-churn/tursodb-per-tenant/tenant-churn t=30 c=50 rps=- run=2: 2853/1000000 ok=2853 err=0
tenant-churn/tursodb-per-tenant/tenant-churn t=30 c=50 rps=- run=2: 3426/1000000 ok=3426 err=0
tenant-churn/tursodb-per-tenant/tenant-churn t=30 c=50 rps=- run=2: 4124/1000000 ok=4124 err=0
tenant-churn/tursodb-per-tenant/tenant-churn t=30 c=50 rps=- run=2: 4843/1000000 ok=4843 err=0
tenant-churn/tursodb-per-tenant/tenant-churn t=30 c=50 rps=- run=2: 5566/1000000 ok=5566 err=0
tenant-churn/tursodb-per-tenant/tenant-churn t=30 c=50 rps=- run=2: 6144/1000000 ok=6144 err=0
tenant-churn/tursodb-per-tenant/tenant-churn t=30 c=50 rps=- run=2: 6603/1000000 ok=6603 err=0
tenant-churn/tursodb-per-tenant/tenant-churn t=30 c=50 rps=- run=2: 7235/1000000 ok=7235 err=0
tenant-churn/tursodb-per-tenant/tenant-churn t=30 c=50 rps=- run=2: 7990/1000000 ok=7990 err=0
tenant-churn/tursodb-per-tenant/tenant-churn t=30 c=50 rps=- run=2: 8695/1000000 ok=8695 err=0
tenant-churn/tursodb-per-tenant/tenant-churn t=30 c=50 rps=- run=2: 9427/1000000 ok=9427 err=0
tenant-churn/tursodb-per-tenant/tenant-churn t=30 c=50 rps=- run=2: 9440/1000000 ok=9440 err=0
tenant-churn/d1-per-tenant/tenant-churn t=30 c=50 rps=- run=2: 746/1000000 ok=746 err=0
tenant-churn/d1-per-tenant/tenant-churn t=30 c=50 rps=- run=2: 1581/1000000 ok=1581 err=0
tenant-churn/d1-per-tenant/tenant-churn t=30 c=50 rps=- run=2: 2119/1000000 ok=2119 err=0
tenant-churn/d1-per-tenant/tenant-churn t=30 c=50 rps=- run=2: 2908/1000000 ok=2908 err=0
tenant-churn/d1-per-tenant/tenant-churn t=30 c=50 rps=- run=2: 3690/1000000 ok=3690 err=0
tenant-churn/d1-per-tenant/tenant-churn t=30 c=50 rps=- run=2: 4452/1000000 ok=4452 err=0
tenant-churn/d1-per-tenant/tenant-churn t=30 c=50 rps=- run=2: 5111/1000000 ok=5111 err=0
tenant-churn/d1-per-tenant/tenant-churn t=30 c=50 rps=- run=2: 5828/1000000 ok=5828 err=0
tenant-churn/d1-per-tenant/tenant-churn t=30 c=50 rps=- run=2: 6467/1000000 ok=6467 err=0
tenant-churn/d1-per-tenant/tenant-churn t=30 c=50 rps=- run=2: 7211/1000000 ok=7211 err=0
tenant-churn/d1-per-tenant/tenant-churn t=30 c=50 rps=- run=2: 7855/1000000 ok=7855 err=0
tenant-churn/d1-per-tenant/tenant-churn t=30 c=50 rps=- run=2: 8704/1000000 ok=8704 err=0
tenant-churn/d1-per-tenant/tenant-churn t=30 c=50 rps=- run=2: 9510/1000000 ok=9510 err=0
tenant-churn/d1-per-tenant/tenant-churn t=30 c=50 rps=- run=2: 10310/1000000 ok=10310 err=0
tenant-churn/d1-per-tenant/tenant-churn t=30 c=50 rps=- run=2: 11014/1000000 ok=11014 err=0
saturation/turso-per-tenant/lms-balanced t=1 c=1000 rps=10 run=2: 15/1000000 ok=15 err=0
saturation/turso-per-tenant/lms-balanced t=1 c=1000 rps=10 run=2: 39/1000000 ok=39 err=0
saturation/turso-per-tenant/lms-balanced t=1 c=1000 rps=10 run=2: 59/1000000 ok=59 err=0
saturation/turso-per-tenant/lms-balanced t=1 c=1000 rps=10 run=2: 81/1000000 ok=81 err=0
saturation/turso-per-tenant/lms-balanced t=1 c=1000 rps=10 run=2: 102/1000000 ok=102 err=0
saturation/turso-per-tenant/lms-balanced t=1 c=1000 rps=10 run=2: 123/1000000 ok=123 err=0
saturation/turso-per-tenant/lms-balanced t=1 c=1000 rps=10 run=2: 144/1000000 ok=144 err=0
saturation/turso-per-tenant/lms-balanced t=1 c=1000 rps=10 run=2: 163/1000000 ok=163 err=0
saturation/turso-per-tenant/lms-balanced t=1 c=1000 rps=10 run=2: 185/1000000 ok=185 err=0
saturation/turso-per-tenant/lms-balanced t=1 c=1000 rps=10 run=2: 206/1000000 ok=206 err=0
saturation/turso-per-tenant/lms-balanced t=1 c=1000 rps=10 run=2: 225/1000000 ok=225 err=0
saturation/turso-per-tenant/lms-balanced t=1 c=1000 rps=10 run=2: 246/1000000 ok=246 err=0
saturation/turso-per-tenant/lms-balanced t=1 c=1000 rps=10 run=2: 267/1000000 ok=267 err=0
saturation/turso-per-tenant/lms-balanced t=1 c=1000 rps=10 run=2: 288/1000000 ok=288 err=0
saturation/turso-per-tenant/lms-balanced t=1 c=1000 rps=10 run=2: 300/1000000 ok=300 err=0
saturation/tursodb-per-tenant/lms-balanced t=1 c=1000 rps=10 run=2: 19/1000000 ok=19 err=0
saturation/tursodb-per-tenant/lms-balanced t=1 c=1000 rps=10 run=2: 40/1000000 ok=40 err=0
saturation/tursodb-per-tenant/lms-balanced t=1 c=1000 rps=10 run=2: 61/1000000 ok=61 err=0
saturation/tursodb-per-tenant/lms-balanced t=1 c=1000 rps=10 run=2: 81/1000000 ok=80 err=1
saturation/tursodb-per-tenant/lms-balanced t=1 c=1000 rps=10 run=2: 101/1000000 ok=99 err=2
saturation/tursodb-per-tenant/lms-balanced t=1 c=1000 rps=10 run=2: 123/1000000 ok=121 err=2
saturation/tursodb-per-tenant/lms-balanced t=1 c=1000 rps=10 run=2: 139/1000000 ok=137 err=2
saturation/tursodb-per-tenant/lms-balanced t=1 c=1000 rps=10 run=2: 163/1000000 ok=161 err=2
saturation/tursodb-per-tenant/lms-balanced t=1 c=1000 rps=10 run=2: 185/1000000 ok=182 err=3
saturation/tursodb-per-tenant/lms-balanced t=1 c=1000 rps=10 run=2: 204/1000000 ok=201 err=3
saturation/tursodb-per-tenant/lms-balanced t=1 c=1000 rps=10 run=2: 226/1000000 ok=223 err=3
saturation/tursodb-per-tenant/lms-balanced t=1 c=1000 rps=10 run=2: 246/1000000 ok=243 err=3
saturation/tursodb-per-tenant/lms-balanced t=1 c=1000 rps=10 run=2: 266/1000000 ok=263 err=3
saturation/tursodb-per-tenant/lms-balanced t=1 c=1000 rps=10 run=2: 285/1000000 ok=282 err=3
saturation/tursodb-per-tenant/lms-balanced t=1 c=1000 rps=10 run=2: 300/1000000 ok=297 err=3
saturation/d1-per-tenant/lms-balanced t=1 c=1000 rps=10 run=2: 19/1000000 ok=19 err=0
saturation/d1-per-tenant/lms-balanced t=1 c=1000 rps=10 run=2: 40/1000000 ok=40 err=0
saturation/d1-per-tenant/lms-balanced t=1 c=1000 rps=10 run=2: 61/1000000 ok=61 err=0
saturation/d1-per-tenant/lms-balanced t=1 c=1000 rps=10 run=2: 81/1000000 ok=81 err=0
saturation/d1-per-tenant/lms-balanced t=1 c=1000 rps=10 run=2: 102/1000000 ok=102 err=0
saturation/d1-per-tenant/lms-balanced t=1 c=1000 rps=10 run=2: 123/1000000 ok=123 err=0
saturation/d1-per-tenant/lms-balanced t=1 c=1000 rps=10 run=2: 144/1000000 ok=144 err=0
saturation/d1-per-tenant/lms-balanced t=1 c=1000 rps=10 run=2: 163/1000000 ok=163 err=0
saturation/d1-per-tenant/lms-balanced t=1 c=1000 rps=10 run=2: 185/1000000 ok=185 err=0
saturation/d1-per-tenant/lms-balanced t=1 c=1000 rps=10 run=2: 206/1000000 ok=206 err=0
saturation/d1-per-tenant/lms-balanced t=1 c=1000 rps=10 run=2: 227/1000000 ok=227 err=0
saturation/d1-per-tenant/lms-balanced t=1 c=1000 rps=10 run=2: 248/1000000 ok=248 err=0
saturation/d1-per-tenant/lms-balanced t=1 c=1000 rps=10 run=2: 268/1000000 ok=268 err=0
saturation/d1-per-tenant/lms-balanced t=1 c=1000 rps=10 run=2: 289/1000000 ok=289 err=0
saturation/d1-per-tenant/lms-balanced t=1 c=1000 rps=10 run=2: 300/1000000 ok=300 err=0
saturation/turso-per-tenant/lms-balanced t=1 c=1000 rps=25 run=2: 43/1000000 ok=43 err=0
saturation/turso-per-tenant/lms-balanced t=1 c=1000 rps=25 run=2: 96/1000000 ok=96 err=0
saturation/turso-per-tenant/lms-balanced t=1 c=1000 rps=25 run=2: 147/1000000 ok=147 err=0
saturation/turso-per-tenant/lms-balanced t=1 c=1000 rps=25 run=2: 196/1000000 ok=196 err=0
saturation/turso-per-tenant/lms-balanced t=1 c=1000 rps=25 run=2: 247/1000000 ok=247 err=0
saturation/turso-per-tenant/lms-balanced t=1 c=1000 rps=25 run=2: 297/1000000 ok=297 err=0
saturation/turso-per-tenant/lms-balanced t=1 c=1000 rps=25 run=2: 349/1000000 ok=349 err=0
saturation/turso-per-tenant/lms-balanced t=1 c=1000 rps=25 run=2: 400/1000000 ok=400 err=0
saturation/turso-per-tenant/lms-balanced t=1 c=1000 rps=25 run=2: 453/1000000 ok=453 err=0
saturation/turso-per-tenant/lms-balanced t=1 c=1000 rps=25 run=2: 505/1000000 ok=505 err=0
saturation/turso-per-tenant/lms-balanced t=1 c=1000 rps=25 run=2: 558/1000000 ok=558 err=0
saturation/turso-per-tenant/lms-balanced t=1 c=1000 rps=25 run=2: 608/1000000 ok=608 err=0
saturation/turso-per-tenant/lms-balanced t=1 c=1000 rps=25 run=2: 659/1000000 ok=659 err=0
saturation/turso-per-tenant/lms-balanced t=1 c=1000 rps=25 run=2: 710/1000000 ok=710 err=0
saturation/turso-per-tenant/lms-balanced t=1 c=1000 rps=25 run=2: 750/1000000 ok=750 err=0
saturation/tursodb-per-tenant/lms-balanced t=1 c=1000 rps=25 run=2: 43/1000000 ok=43 err=0
saturation/tursodb-per-tenant/lms-balanced t=1 c=1000 rps=25 run=2: 94/1000000 ok=92 err=2
saturation/tursodb-per-tenant/lms-balanced t=1 c=1000 rps=25 run=2: 146/1000000 ok=144 err=2
saturation/tursodb-per-tenant/lms-balanced t=1 c=1000 rps=25 run=2: 197/1000000 ok=194 err=3
saturation/tursodb-per-tenant/lms-balanced t=1 c=1000 rps=25 run=2: 247/1000000 ok=244 err=3
saturation/tursodb-per-tenant/lms-balanced t=1 c=1000 rps=25 run=2: 297/1000000 ok=294 err=3
saturation/tursodb-per-tenant/lms-balanced t=1 c=1000 rps=25 run=2: 349/1000000 ok=346 err=3
saturation/tursodb-per-tenant/lms-balanced t=1 c=1000 rps=25 run=2: 399/1000000 ok=396 err=3
saturation/tursodb-per-tenant/lms-balanced t=1 c=1000 rps=25 run=2: 451/1000000 ok=447 err=4
saturation/tursodb-per-tenant/lms-balanced t=1 c=1000 rps=25 run=2: 503/1000000 ok=499 err=4
saturation/tursodb-per-tenant/lms-balanced t=1 c=1000 rps=25 run=2: 553/1000000 ok=548 err=5
saturation/tursodb-per-tenant/lms-balanced t=1 c=1000 rps=25 run=2: 603/1000000 ok=597 err=6
saturation/tursodb-per-tenant/lms-balanced t=1 c=1000 rps=25 run=2: 656/1000000 ok=650 err=6
saturation/tursodb-per-tenant/lms-balanced t=1 c=1000 rps=25 run=2: 707/1000000 ok=700 err=7
saturation/tursodb-per-tenant/lms-balanced t=1 c=1000 rps=25 run=2: 750/1000000 ok=743 err=7
saturation/d1-per-tenant/lms-balanced t=1 c=1000 rps=25 run=2: 42/1000000 ok=42 err=0
saturation/d1-per-tenant/lms-balanced t=1 c=1000 rps=25 run=2: 96/1000000 ok=96 err=0
saturation/d1-per-tenant/lms-balanced t=1 c=1000 rps=25 run=2: 147/1000000 ok=147 err=0
saturation/d1-per-tenant/lms-balanced t=1 c=1000 rps=25 run=2: 191/1000000 ok=191 err=0
saturation/d1-per-tenant/lms-balanced t=1 c=1000 rps=25 run=2: 268/1000000 ok=268 err=0
saturation/d1-per-tenant/lms-balanced t=1 c=1000 rps=25 run=2: 319/1000000 ok=319 err=0
saturation/d1-per-tenant/lms-balanced t=1 c=1000 rps=25 run=2: 369/1000000 ok=369 err=0
saturation/d1-per-tenant/lms-balanced t=1 c=1000 rps=25 run=2: 419/1000000 ok=419 err=0
saturation/d1-per-tenant/lms-balanced t=1 c=1000 rps=25 run=2: 469/1000000 ok=469 err=0
saturation/d1-per-tenant/lms-balanced t=1 c=1000 rps=25 run=2: 519/1000000 ok=519 err=0
saturation/d1-per-tenant/lms-balanced t=1 c=1000 rps=25 run=2: 570/1000000 ok=570 err=0
saturation/d1-per-tenant/lms-balanced t=1 c=1000 rps=25 run=2: 620/1000000 ok=620 err=0
saturation/d1-per-tenant/lms-balanced t=1 c=1000 rps=25 run=2: 671/1000000 ok=671 err=0
saturation/d1-per-tenant/lms-balanced t=1 c=1000 rps=25 run=2: 721/1000000 ok=721 err=0
saturation/d1-per-tenant/lms-balanced t=1 c=1000 rps=25 run=2: 750/1000000 ok=750 err=0
saturation/turso-per-tenant/lms-balanced t=1 c=1000 rps=50 run=2: 84/1000000 ok=84 err=0
saturation/turso-per-tenant/lms-balanced t=1 c=1000 rps=50 run=2: 190/1000000 ok=190 err=0
saturation/turso-per-tenant/lms-balanced t=1 c=1000 rps=50 run=2: 291/1000000 ok=291 err=0
saturation/turso-per-tenant/lms-balanced t=1 c=1000 rps=50 run=2: 391/1000000 ok=391 err=0
saturation/turso-per-tenant/lms-balanced t=1 c=1000 rps=50 run=2: 490/1000000 ok=490 err=0
saturation/turso-per-tenant/lms-balanced t=1 c=1000 rps=50 run=2: 590/1000000 ok=590 err=0
saturation/turso-per-tenant/lms-balanced t=1 c=1000 rps=50 run=2: 692/1000000 ok=692 err=0
saturation/turso-per-tenant/lms-balanced t=1 c=1000 rps=50 run=2: 794/1000000 ok=794 err=0
saturation/turso-per-tenant/lms-balanced t=1 c=1000 rps=50 run=2: 895/1000000 ok=895 err=0
saturation/turso-per-tenant/lms-balanced t=1 c=1000 rps=50 run=2: 995/1000000 ok=995 err=0
saturation/turso-per-tenant/lms-balanced t=1 c=1000 rps=50 run=2: 1096/1000000 ok=1096 err=0
saturation/turso-per-tenant/lms-balanced t=1 c=1000 rps=50 run=2: 1198/1000000 ok=1198 err=0
saturation/turso-per-tenant/lms-balanced t=1 c=1000 rps=50 run=2: 1299/1000000 ok=1299 err=0
saturation/turso-per-tenant/lms-balanced t=1 c=1000 rps=50 run=2: 1399/1000000 ok=1399 err=0
saturation/turso-per-tenant/lms-balanced t=1 c=1000 rps=50 run=2: 1499/1000000 ok=1499 err=0
saturation/turso-per-tenant/lms-balanced t=1 c=1000 rps=50 run=2: 1500/1000000 ok=1500 err=0
saturation/tursodb-per-tenant/lms-balanced t=1 c=1000 rps=50 run=2: 86/1000000 ok=84 err=2
saturation/tursodb-per-tenant/lms-balanced t=1 c=1000 rps=50 run=2: 190/1000000 ok=187 err=3
saturation/tursodb-per-tenant/lms-balanced t=1 c=1000 rps=50 run=2: 290/1000000 ok=287 err=3
saturation/tursodb-per-tenant/lms-balanced t=1 c=1000 rps=50 run=2: 392/1000000 ok=389 err=3
saturation/tursodb-per-tenant/lms-balanced t=1 c=1000 rps=50 run=2: 494/1000000 ok=490 err=4
saturation/tursodb-per-tenant/lms-balanced t=1 c=1000 rps=50 run=2: 594/1000000 ok=588 err=6
saturation/tursodb-per-tenant/lms-balanced t=1 c=1000 rps=50 run=2: 695/1000000 ok=688 err=7
saturation/tursodb-per-tenant/lms-balanced t=1 c=1000 rps=50 run=2: 800/1000000 ok=792 err=8
saturation/tursodb-per-tenant/lms-balanced t=1 c=1000 rps=50 run=2: 900/1000000 ok=890 err=10
saturation/tursodb-per-tenant/lms-balanced t=1 c=1000 rps=50 run=2: 1000/1000000 ok=990 err=10
saturation/tursodb-per-tenant/lms-balanced t=1 c=1000 rps=50 run=2: 1102/1000000 ok=1091 err=11
saturation/tursodb-per-tenant/lms-balanced t=1 c=1000 rps=50 run=2: 1200/1000000 ok=1188 err=12
saturation/tursodb-per-tenant/lms-balanced t=1 c=1000 rps=50 run=2: 1298/1000000 ok=1286 err=12
saturation/tursodb-per-tenant/lms-balanced t=1 c=1000 rps=50 run=2: 1402/1000000 ok=1387 err=15
saturation/tursodb-per-tenant/lms-balanced t=1 c=1000 rps=50 run=2: 1500/1000000 ok=1485 err=15
saturation/d1-per-tenant/lms-balanced t=1 c=1000 rps=50 run=2: 87/1000000 ok=87 err=0
saturation/d1-per-tenant/lms-balanced t=1 c=1000 rps=50 run=2: 190/1000000 ok=190 err=0
saturation/d1-per-tenant/lms-balanced t=1 c=1000 rps=50 run=2: 293/1000000 ok=293 err=0
saturation/d1-per-tenant/lms-balanced t=1 c=1000 rps=50 run=2: 390/1000000 ok=390 err=0
saturation/d1-per-tenant/lms-balanced t=1 c=1000 rps=50 run=2: 494/1000000 ok=494 err=0
saturation/d1-per-tenant/lms-balanced t=1 c=1000 rps=50 run=2: 596/1000000 ok=596 err=0
saturation/d1-per-tenant/lms-balanced t=1 c=1000 rps=50 run=2: 697/1000000 ok=697 err=0
saturation/d1-per-tenant/lms-balanced t=1 c=1000 rps=50 run=2: 797/1000000 ok=797 err=0
saturation/d1-per-tenant/lms-balanced t=1 c=1000 rps=50 run=2: 897/1000000 ok=897 err=0
saturation/d1-per-tenant/lms-balanced t=1 c=1000 rps=50 run=2: 997/1000000 ok=997 err=0
saturation/d1-per-tenant/lms-balanced t=1 c=1000 rps=50 run=2: 1097/1000000 ok=1097 err=0
saturation/d1-per-tenant/lms-balanced t=1 c=1000 rps=50 run=2: 1196/1000000 ok=1196 err=0
saturation/d1-per-tenant/lms-balanced t=1 c=1000 rps=50 run=2: 1300/1000000 ok=1300 err=0
saturation/d1-per-tenant/lms-balanced t=1 c=1000 rps=50 run=2: 1401/1000000 ok=1401 err=0
saturation/d1-per-tenant/lms-balanced t=1 c=1000 rps=50 run=2: 1500/1000000 ok=1500 err=0
saturation/turso-per-tenant/lms-balanced t=1 c=1000 rps=100 run=2: 173/1000000 ok=173 err=0
saturation/turso-per-tenant/lms-balanced t=1 c=1000 rps=100 run=2: 370/1000000 ok=370 err=0
saturation/turso-per-tenant/lms-balanced t=1 c=1000 rps=100 run=2: 500/1000000 ok=500 err=0
saturation/turso-per-tenant/lms-balanced t=1 c=1000 rps=100 run=2: 776/1000000 ok=776 err=0
saturation/turso-per-tenant/lms-balanced t=1 c=1000 rps=100 run=2: 976/1000000 ok=976 err=0
saturation/turso-per-tenant/lms-balanced t=1 c=1000 rps=100 run=2: 1176/1000000 ok=1176 err=0
saturation/turso-per-tenant/lms-balanced t=1 c=1000 rps=100 run=2: 1372/1000000 ok=1372 err=0
saturation/turso-per-tenant/lms-balanced t=1 c=1000 rps=100 run=2: 1566/1000000 ok=1566 err=0
saturation/turso-per-tenant/lms-balanced t=1 c=1000 rps=100 run=2: 1776/1000000 ok=1776 err=0
saturation/turso-per-tenant/lms-balanced t=1 c=1000 rps=100 run=2: 1976/1000000 ok=1976 err=0
saturation/turso-per-tenant/lms-balanced t=1 c=1000 rps=100 run=2: 2178/1000000 ok=2178 err=0
saturation/turso-per-tenant/lms-balanced t=1 c=1000 rps=100 run=2: 2377/1000000 ok=2377 err=0
saturation/turso-per-tenant/lms-balanced t=1 c=1000 rps=100 run=2: 2578/1000000 ok=2578 err=0
saturation/turso-per-tenant/lms-balanced t=1 c=1000 rps=100 run=2: 2770/1000000 ok=2770 err=0
saturation/turso-per-tenant/lms-balanced t=1 c=1000 rps=100 run=2: 2980/1000000 ok=2980 err=0
saturation/turso-per-tenant/lms-balanced t=1 c=1000 rps=100 run=2: 3000/1000000 ok=3000 err=0
saturation/tursodb-per-tenant/lms-balanced t=1 c=1000 rps=100 run=2: 170/1000000 ok=168 err=2
saturation/tursodb-per-tenant/lms-balanced t=1 c=1000 rps=100 run=2: 368/1000000 ok=365 err=3
saturation/tursodb-per-tenant/lms-balanced t=1 c=1000 rps=100 run=2: 571/1000000 ok=566 err=5
saturation/tursodb-per-tenant/lms-balanced t=1 c=1000 rps=100 run=2: 774/1000000 ok=766 err=8
saturation/tursodb-per-tenant/lms-balanced t=1 c=1000 rps=100 run=2: 976/1000000 ok=966 err=10
saturation/tursodb-per-tenant/lms-balanced t=1 c=1000 rps=100 run=2: 1178/1000000 ok=1166 err=12
saturation/tursodb-per-tenant/lms-balanced t=1 c=1000 rps=100 run=2: 1380/1000000 ok=1365 err=15
saturation/tursodb-per-tenant/lms-balanced t=1 c=1000 rps=100 run=2: 1581/1000000 ok=1564 err=17
saturation/tursodb-per-tenant/lms-balanced t=1 c=1000 rps=100 run=2: 1771/1000000 ok=1753 err=18
saturation/tursodb-per-tenant/lms-balanced t=1 c=1000 rps=100 run=2: 1963/1000000 ok=1943 err=20
saturation/tursodb-per-tenant/lms-balanced t=1 c=1000 rps=100 run=2: 2184/1000000 ok=2160 err=24
saturation/tursodb-per-tenant/lms-balanced t=1 c=1000 rps=100 run=2: 2374/1000000 ok=2347 err=27
saturation/tursodb-per-tenant/lms-balanced t=1 c=1000 rps=100 run=2: 2580/1000000 ok=2550 err=30
saturation/tursodb-per-tenant/lms-balanced t=1 c=1000 rps=100 run=2: 2779/1000000 ok=2747 err=32
saturation/tursodb-per-tenant/lms-balanced t=1 c=1000 rps=100 run=2: 2973/1000000 ok=2939 err=34
saturation/tursodb-per-tenant/lms-balanced t=1 c=1000 rps=100 run=2: 3000/1000000 ok=2965 err=35
saturation/d1-per-tenant/lms-balanced t=1 c=1000 rps=100 run=2: 156/1000000 ok=156 err=0
saturation/d1-per-tenant/lms-balanced t=1 c=1000 rps=100 run=2: 366/1000000 ok=366 err=0
saturation/d1-per-tenant/lms-balanced t=1 c=1000 rps=100 run=2: 568/1000000 ok=568 err=0
saturation/d1-per-tenant/lms-balanced t=1 c=1000 rps=100 run=2: 759/1000000 ok=759 err=0
saturation/d1-per-tenant/lms-balanced t=1 c=1000 rps=100 run=2: 959/1000000 ok=959 err=0
saturation/d1-per-tenant/lms-balanced t=1 c=1000 rps=100 run=2: 1164/1000000 ok=1162 err=2
saturation/d1-per-tenant/lms-balanced t=1 c=1000 rps=100 run=2: 1359/1000000 ok=1357 err=2
saturation/d1-per-tenant/lms-balanced t=1 c=1000 rps=100 run=2: 1564/1000000 ok=1562 err=2
saturation/d1-per-tenant/lms-balanced t=1 c=1000 rps=100 run=2: 1780/1000000 ok=1778 err=2
saturation/d1-per-tenant/lms-balanced t=1 c=1000 rps=100 run=2: 1979/1000000 ok=1977 err=2
saturation/d1-per-tenant/lms-balanced t=1 c=1000 rps=100 run=2: 2198/1000000 ok=2196 err=2
saturation/d1-per-tenant/lms-balanced t=1 c=1000 rps=100 run=2: 2398/1000000 ok=2396 err=2
saturation/d1-per-tenant/lms-balanced t=1 c=1000 rps=100 run=2: 2605/1000000 ok=2603 err=2
saturation/d1-per-tenant/lms-balanced t=1 c=1000 rps=100 run=2: 2801/1000000 ok=2799 err=2
saturation/d1-per-tenant/lms-balanced t=1 c=1000 rps=100 run=2: 3000/1000000 ok=2998 err=2
saturation/turso-per-tenant/lms-balanced t=1 c=1000 rps=200 run=2: 341/1000000 ok=341 err=0
saturation/turso-per-tenant/lms-balanced t=1 c=1000 rps=200 run=2: 740/1000000 ok=740 err=0
saturation/turso-per-tenant/lms-balanced t=1 c=1000 rps=200 run=2: 1129/1000000 ok=1129 err=0
saturation/turso-per-tenant/lms-balanced t=1 c=1000 rps=200 run=2: 1541/1000000 ok=1541 err=0
saturation/turso-per-tenant/lms-balanced t=1 c=1000 rps=200 run=2: 1923/1000000 ok=1923 err=0
saturation/turso-per-tenant/lms-balanced t=1 c=1000 rps=200 run=2: 2350/1000000 ok=2350 err=0
saturation/turso-per-tenant/lms-balanced t=1 c=1000 rps=200 run=2: 2753/1000000 ok=2753 err=0
saturation/turso-per-tenant/lms-balanced t=1 c=1000 rps=200 run=2: 3150/1000000 ok=3150 err=0
saturation/turso-per-tenant/lms-balanced t=1 c=1000 rps=200 run=2: 3534/1000000 ok=3534 err=0
saturation/turso-per-tenant/lms-balanced t=1 c=1000 rps=200 run=2: 3958/1000000 ok=3958 err=0
saturation/turso-per-tenant/lms-balanced t=1 c=1000 rps=200 run=2: 4358/1000000 ok=4358 err=0
saturation/turso-per-tenant/lms-balanced t=1 c=1000 rps=200 run=2: 4747/1000000 ok=4747 err=0
saturation/turso-per-tenant/lms-balanced t=1 c=1000 rps=200 run=2: 5155/1000000 ok=5155 err=0
saturation/turso-per-tenant/lms-balanced t=1 c=1000 rps=200 run=2: 5580/1000000 ok=5580 err=0
saturation/turso-per-tenant/lms-balanced t=1 c=1000 rps=200 run=2: 5978/1000000 ok=5978 err=0
saturation/turso-per-tenant/lms-balanced t=1 c=1000 rps=200 run=2: 6000/1000000 ok=6000 err=0
saturation/tursodb-per-tenant/lms-balanced t=1 c=1000 rps=200 run=2: 38/1000000 ok=38 err=0
saturation/tursodb-per-tenant/lms-balanced t=1 c=1000 rps=200 run=2: 319/1000000 ok=317 err=2
saturation/tursodb-per-tenant/lms-balanced t=1 c=1000 rps=200 run=2: 814/1000000 ok=787 err=27
saturation/tursodb-per-tenant/lms-balanced t=1 c=1000 rps=200 run=2: 1173/1000000 ok=1112 err=61
saturation/tursodb-per-tenant/lms-balanced t=1 c=1000 rps=200 run=2: 1522/1000000 ok=1393 err=129
saturation/tursodb-per-tenant/lms-balanced t=1 c=1000 rps=200 run=2: 1856/1000000 ok=1657 err=199
saturation/tursodb-per-tenant/lms-balanced t=1 c=1000 rps=200 run=2: 2246/1000000 ok=1961 err=285
saturation/tursodb-per-tenant/lms-balanced t=1 c=1000 rps=200 run=2: 2661/1000000 ok=2305 err=356
saturation/tursodb-per-tenant/lms-balanced t=1 c=1000 rps=200 run=2: 3057/1000000 ok=2631 err=426
saturation/tursodb-per-tenant/lms-balanced t=1 c=1000 rps=200 run=2: 3410/1000000 ok=2904 err=506
saturation/tursodb-per-tenant/lms-balanced t=1 c=1000 rps=200 run=2: 3776/1000000 ok=3172 err=604
saturation/tursodb-per-tenant/lms-balanced t=1 c=1000 rps=200 run=2: 4235/1000000 ok=3552 err=683
saturation/tursodb-per-tenant/lms-balanced t=1 c=1000 rps=200 run=2: 4661/1000000 ok=3891 err=770
saturation/tursodb-per-tenant/lms-balanced t=1 c=1000 rps=200 run=2: 5075/1000000 ok=4221 err=854
saturation/tursodb-per-tenant/lms-balanced t=1 c=1000 rps=200 run=2: 5485/1000000 ok=4551 err=934
saturation/tursodb-per-tenant/lms-balanced t=1 c=1000 rps=200 run=2: 5923/1000000 ok=4920 err=1003
saturation/tursodb-per-tenant/lms-balanced t=1 c=1000 rps=200 run=2: 6000/1000000 ok=4938 err=1062
saturation/d1-per-tenant/lms-balanced t=1 c=1000 rps=200 run=2: 196/1000000 ok=196 err=0
saturation/d1-per-tenant/lms-balanced t=1 c=1000 rps=200 run=2: 497/1000000 ok=497 err=0
saturation/d1-per-tenant/lms-balanced t=1 c=1000 rps=200 run=2: 770/1000000 ok=770 err=0
saturation/d1-per-tenant/lms-balanced t=1 c=1000 rps=200 run=2: 1108/1000000 ok=1108 err=0
saturation/d1-per-tenant/lms-balanced t=1 c=1000 rps=200 run=2: 1429/1000000 ok=1429 err=0
saturation/d1-per-tenant/lms-balanced t=1 c=1000 rps=200 run=2: 1692/1000000 ok=1691 err=1
saturation/d1-per-tenant/lms-balanced t=1 c=1000 rps=200 run=2: 2068/1000000 ok=1972 err=96
saturation/d1-per-tenant/lms-balanced t=1 c=1000 rps=200 run=2: 2429/1000000 ok=2056 err=373
saturation/d1-per-tenant/lms-balanced t=1 c=1000 rps=200 run=2: 2814/1000000 ok=2084 err=730
saturation/d1-per-tenant/lms-balanced t=1 c=1000 rps=200 run=2: 3218/1000000 ok=2110 err=1108
saturation/d1-per-tenant/lms-balanced t=1 c=1000 rps=200 run=2: 3615/1000000 ok=2118 err=1497
saturation/d1-per-tenant/lms-balanced t=1 c=1000 rps=200 run=2: 4015/1000000 ok=2121 err=1894
saturation/d1-per-tenant/lms-balanced t=1 c=1000 rps=200 run=2: 4418/1000000 ok=2121 err=2297
saturation/d1-per-tenant/lms-balanced t=1 c=1000 rps=200 run=2: 4816/1000000 ok=2121 err=2695
saturation/d1-per-tenant/lms-balanced t=1 c=1000 rps=200 run=2: 5217/1000000 ok=2121 err=3096
saturation/d1-per-tenant/lms-balanced t=1 c=1000 rps=200 run=2: 5615/1000000 ok=2121 err=3494
saturation/d1-per-tenant/lms-balanced t=1 c=1000 rps=200 run=2: 5996/1000000 ok=2138 err=3858
saturation/turso-per-tenant/lms-balanced t=1 c=1000 rps=500 run=2: 580/1000000 ok=580 err=0
saturation/turso-per-tenant/lms-balanced t=1 c=1000 rps=500 run=2: 1277/1000000 ok=1277 err=0
saturation/turso-per-tenant/lms-balanced t=1 c=1000 rps=500 run=2: 1792/1000000 ok=1792 err=0
saturation/turso-per-tenant/lms-balanced t=1 c=1000 rps=500 run=2: 2337/1000000 ok=2333 err=4
saturation/turso-per-tenant/lms-balanced t=1 c=1000 rps=500 run=2: 2967/1000000 ok=2898 err=69
saturation/turso-per-tenant/lms-balanced t=1 c=1000 rps=500 run=2: 3619/1000000 ok=3472 err=147
saturation/turso-per-tenant/lms-balanced t=1 c=1000 rps=500 run=2: 4193/1000000 ok=3943 err=250
saturation/turso-per-tenant/lms-balanced t=1 c=1000 rps=500 run=2: 4824/1000000 ok=4456 err=368
saturation/turso-per-tenant/lms-balanced t=1 c=1000 rps=500 run=2: 5401/1000000 ok=4954 err=447
saturation/turso-per-tenant/lms-balanced t=1 c=1000 rps=500 run=2: 5941/1000000 ok=5394 err=547
saturation/turso-per-tenant/lms-balanced t=1 c=1000 rps=500 run=2: 6545/1000000 ok=5896 err=649
saturation/turso-per-tenant/lms-balanced t=1 c=1000 rps=500 run=2: 7209/1000000 ok=6469 err=740
saturation/turso-per-tenant/lms-balanced t=1 c=1000 rps=500 run=2: 7815/1000000 ok=6996 err=819
saturation/turso-per-tenant/lms-balanced t=1 c=1000 rps=500 run=2: 8360/1000000 ok=7438 err=922
saturation/turso-per-tenant/lms-balanced t=1 c=1000 rps=500 run=2: 8901/1000000 ok=7878 err=1023
saturation/turso-per-tenant/lms-balanced t=1 c=1000 rps=500 run=2: 9511/1000000 ok=8393 err=1118
saturation/turso-per-tenant/lms-balanced t=1 c=1000 rps=500 run=2: 9818/1000000 ok=8597 err=1221
saturation/turso-per-tenant/lms-balanced t=1 c=1000 rps=500 run=2: 9854/1000000 ok=8598 err=1256
saturation/tursodb-per-tenant/lms-balanced t=1 c=1000 rps=500 run=2: 275/1000000 ok=274 err=1
saturation/tursodb-per-tenant/lms-balanced t=1 c=1000 rps=500 run=2: 679/1000000 ok=678 err=1
saturation/tursodb-per-tenant/lms-balanced t=1 c=1000 rps=500 run=2: 1017/1000000 ok=977 err=40
saturation/tursodb-per-tenant/lms-balanced t=1 c=1000 rps=500 run=2: 1537/1000000 ok=1262 err=275
saturation/tursodb-per-tenant/lms-balanced t=1 c=1000 rps=500 run=2: 1982/1000000 ok=1567 err=415
saturation/tursodb-per-tenant/lms-balanced t=1 c=1000 rps=500 run=2: 2353/1000000 ok=1830 err=523
saturation/tursodb-per-tenant/lms-balanced t=1 c=1000 rps=500 run=2: 2846/1000000 ok=2136 err=710
saturation/tursodb-per-tenant/lms-balanced t=1 c=1000 rps=500 run=2: 3284/1000000 ok=2461 err=823
saturation/tursodb-per-tenant/lms-balanced t=1 c=1000 rps=500 run=2: 3744/1000000 ok=2809 err=935
saturation/tursodb-per-tenant/lms-balanced t=1 c=1000 rps=500 run=2: 4151/1000000 ok=3058 err=1093
saturation/tursodb-per-tenant/lms-balanced t=1 c=1000 rps=500 run=2: 4661/1000000 ok=3425 err=1236
saturation/tursodb-per-tenant/lms-balanced t=1 c=1000 rps=500 run=2: 5031/1000000 ok=3637 err=1394
saturation/tursodb-per-tenant/lms-balanced t=1 c=1000 rps=500 run=2: 5462/1000000 ok=3830 err=1632
saturation/tursodb-per-tenant/lms-balanced t=1 c=1000 rps=500 run=2: 5931/1000000 ok=4100 err=1831
saturation/tursodb-per-tenant/lms-balanced t=1 c=1000 rps=500 run=2: 6310/1000000 ok=4360 err=1950
saturation/tursodb-per-tenant/lms-balanced t=1 c=1000 rps=500 run=2: 6711/1000000 ok=4559 err=2152
saturation/tursodb-per-tenant/lms-balanced t=1 c=1000 rps=500 run=2: 7155/1000000 ok=4756 err=2399
saturation/tursodb-per-tenant/lms-balanced t=1 c=1000 rps=500 run=2: 7292/1000000 ok=4832 err=2460
saturation/d1-per-tenant/lms-balanced t=1 c=1000 rps=500 run=2: 145/1000000 ok=145 err=0
saturation/d1-per-tenant/lms-balanced t=1 c=1000 rps=500 run=2: 470/1000000 ok=470 err=0
saturation/d1-per-tenant/lms-balanced t=1 c=1000 rps=500 run=2: 772/1000000 ok=771 err=1
saturation/d1-per-tenant/lms-balanced t=1 c=1000 rps=500 run=2: 1290/1000000 ok=795 err=495
saturation/d1-per-tenant/lms-balanced t=1 c=1000 rps=500 run=2: 1643/1000000 ok=796 err=847
saturation/d1-per-tenant/lms-balanced t=1 c=1000 rps=500 run=2: 2205/1000000 ok=796 err=1409
saturation/d1-per-tenant/lms-balanced t=1 c=1000 rps=500 run=2: 2561/1000000 ok=796 err=1765
saturation/d1-per-tenant/lms-balanced t=1 c=1000 rps=500 run=2: 3060/1000000 ok=796 err=2264
saturation/d1-per-tenant/lms-balanced t=1 c=1000 rps=500 run=2: 3460/1000000 ok=796 err=2664
saturation/d1-per-tenant/lms-balanced t=1 c=1000 rps=500 run=2: 3770/1000000 ok=820 err=2950
saturation/d1-per-tenant/lms-balanced t=1 c=1000 rps=500 run=2: 4682/1000000 ok=823 err=3859
saturation/d1-per-tenant/lms-balanced t=1 c=1000 rps=500 run=2: 4809/1000000 ok=855 err=3954
saturation/d1-per-tenant/lms-balanced t=1 c=1000 rps=500 run=2: 5181/1000000 ok=976 err=4205
saturation/d1-per-tenant/lms-balanced t=1 c=1000 rps=500 run=2: 5765/1000000 ok=989 err=4776
saturation/d1-per-tenant/lms-balanced t=1 c=1000 rps=500 run=2: 5927/1000000 ok=1010 err=4917
saturation/d1-per-tenant/lms-balanced t=1 c=1000 rps=500 run=2: 6663/1000000 ok=1019 err=5644
saturation/d1-per-tenant/lms-balanced t=1 c=1000 rps=500 run=2: 6802/1000000 ok=1019 err=5783
edge/turso-per-tenant/first-request-after-idle run=2 sample=1/1: idle 30000ms
edge/tursodb-per-tenant/first-request-after-idle run=2 sample=1/1: idle 30000ms
edge/d1-per-tenant/first-request-after-idle run=2 sample=1/1: idle 30000ms
edge/turso-per-tenant/first-request-after-idle run=2 sample=1/1: idle 30000ms
edge/tursodb-per-tenant/first-request-after-idle run=2 sample=1/1: idle 30000ms
edge/d1-per-tenant/first-request-after-idle run=2 sample=1/1: idle 30000ms
edge/turso-per-tenant/first-request-after-idle run=2 sample=1/1: idle 30000ms
edge/tursodb-per-tenant/first-request-after-idle run=2 sample=1/1: idle 30000ms
edge/d1-per-tenant/first-request-after-idle run=2 sample=1/1: idle 30000ms
edge/turso-per-tenant/first-request-after-idle run=2 sample=1/1: idle 30000ms
edge/tursodb-per-tenant/first-request-after-idle run=2 sample=1/1: idle 30000ms
edge/d1-per-tenant/first-request-after-idle run=2 sample=1/1: idle 30000ms
latency/tursodb-per-tenant/point-read t=1 c=1 rps=- run=3: 16/1000000 ok=16 err=0
latency/tursodb-per-tenant/point-read t=1 c=1 rps=- run=3: 29/1000000 ok=29 err=0
latency/tursodb-per-tenant/point-read t=1 c=1 rps=- run=3: 45/1000000 ok=45 err=0
latency/tursodb-per-tenant/point-read t=1 c=1 rps=- run=3: 60/1000000 ok=60 err=0
latency/tursodb-per-tenant/point-read t=1 c=1 rps=- run=3: 74/1000000 ok=74 err=0
latency/tursodb-per-tenant/point-read t=1 c=1 rps=- run=3: 89/1000000 ok=89 err=0
latency/tursodb-per-tenant/point-read t=1 c=1 rps=- run=3: 103/1000000 ok=103 err=0
latency/tursodb-per-tenant/point-read t=1 c=1 rps=- run=3: 118/1000000 ok=118 err=0
latency/tursodb-per-tenant/point-read t=1 c=1 rps=- run=3: 133/1000000 ok=133 err=0
latency/tursodb-per-tenant/point-read t=1 c=1 rps=- run=3: 149/1000000 ok=149 err=0
latency/tursodb-per-tenant/point-read t=1 c=1 rps=- run=3: 164/1000000 ok=164 err=0
latency/tursodb-per-tenant/point-read t=1 c=1 rps=- run=3: 180/1000000 ok=180 err=0
latency/tursodb-per-tenant/point-read t=1 c=1 rps=- run=3: 193/1000000 ok=193 err=0
latency/tursodb-per-tenant/point-read t=1 c=1 rps=- run=3: 206/1000000 ok=206 err=0
latency/tursodb-per-tenant/point-read t=1 c=1 rps=- run=3: 214/1000000 ok=214 err=0
latency/d1-per-tenant/point-read t=1 c=1 rps=- run=3: 18/1000000 ok=18 err=0
latency/d1-per-tenant/point-read t=1 c=1 rps=- run=3: 35/1000000 ok=35 err=0
latency/d1-per-tenant/point-read t=1 c=1 rps=- run=3: 53/1000000 ok=53 err=0
latency/d1-per-tenant/point-read t=1 c=1 rps=- run=3: 71/1000000 ok=71 err=0
latency/d1-per-tenant/point-read t=1 c=1 rps=- run=3: 89/1000000 ok=89 err=0
latency/d1-per-tenant/point-read t=1 c=1 rps=- run=3: 105/1000000 ok=105 err=0
latency/d1-per-tenant/point-read t=1 c=1 rps=- run=3: 122/1000000 ok=122 err=0
latency/d1-per-tenant/point-read t=1 c=1 rps=- run=3: 140/1000000 ok=140 err=0
latency/d1-per-tenant/point-read t=1 c=1 rps=- run=3: 158/1000000 ok=158 err=0
latency/d1-per-tenant/point-read t=1 c=1 rps=- run=3: 176/1000000 ok=176 err=0
latency/d1-per-tenant/point-read t=1 c=1 rps=- run=3: 193/1000000 ok=193 err=0
latency/d1-per-tenant/point-read t=1 c=1 rps=- run=3: 211/1000000 ok=211 err=0
latency/d1-per-tenant/point-read t=1 c=1 rps=- run=3: 229/1000000 ok=229 err=0
latency/d1-per-tenant/point-read t=1 c=1 rps=- run=3: 247/1000000 ok=247 err=0
latency/d1-per-tenant/point-read t=1 c=1 rps=- run=3: 258/1000000 ok=258 err=0
latency/turso-per-tenant/point-read t=1 c=1 rps=- run=3: 16/1000000 ok=16 err=0
latency/turso-per-tenant/point-read t=1 c=1 rps=- run=3: 31/1000000 ok=31 err=0
latency/turso-per-tenant/point-read t=1 c=1 rps=- run=3: 47/1000000 ok=47 err=0
latency/turso-per-tenant/point-read t=1 c=1 rps=- run=3: 63/1000000 ok=63 err=0
latency/turso-per-tenant/point-read t=1 c=1 rps=- run=3: 78/1000000 ok=78 err=0
latency/turso-per-tenant/point-read t=1 c=1 rps=- run=3: 93/1000000 ok=93 err=0
latency/turso-per-tenant/point-read t=1 c=1 rps=- run=3: 108/1000000 ok=108 err=0
latency/turso-per-tenant/point-read t=1 c=1 rps=- run=3: 125/1000000 ok=125 err=0
latency/turso-per-tenant/point-read t=1 c=1 rps=- run=3: 141/1000000 ok=141 err=0
latency/turso-per-tenant/point-read t=1 c=1 rps=- run=3: 157/1000000 ok=157 err=0
latency/turso-per-tenant/point-read t=1 c=1 rps=- run=3: 174/1000000 ok=174 err=0
latency/turso-per-tenant/point-read t=1 c=1 rps=- run=3: 189/1000000 ok=189 err=0
latency/turso-per-tenant/point-read t=1 c=1 rps=- run=3: 205/1000000 ok=205 err=0
latency/turso-per-tenant/point-read t=1 c=1 rps=- run=3: 221/1000000 ok=221 err=0
latency/turso-per-tenant/point-read t=1 c=1 rps=- run=3: 231/1000000 ok=231 err=0
mixed-lms/tursodb-per-tenant/lms-balanced t=1 c=1 rps=- run=3: 6/1000000 ok=6 err=0
mixed-lms/tursodb-per-tenant/lms-balanced t=1 c=1 rps=- run=3: 13/1000000 ok=13 err=0
mixed-lms/tursodb-per-tenant/lms-balanced t=1 c=1 rps=- run=3: 19/1000000 ok=19 err=0
mixed-lms/tursodb-per-tenant/lms-balanced t=1 c=1 rps=- run=3: 26/1000000 ok=26 err=0
mixed-lms/tursodb-per-tenant/lms-balanced t=1 c=1 rps=- run=3: 32/1000000 ok=32 err=0
mixed-lms/tursodb-per-tenant/lms-balanced t=1 c=1 rps=- run=3: 38/1000000 ok=38 err=0
mixed-lms/tursodb-per-tenant/lms-balanced t=1 c=1 rps=- run=3: 44/1000000 ok=44 err=0
mixed-lms/tursodb-per-tenant/lms-balanced t=1 c=1 rps=- run=3: 51/1000000 ok=51 err=0
mixed-lms/tursodb-per-tenant/lms-balanced t=1 c=1 rps=- run=3: 57/1000000 ok=57 err=0
mixed-lms/tursodb-per-tenant/lms-balanced t=1 c=1 rps=- run=3: 63/1000000 ok=63 err=0
mixed-lms/tursodb-per-tenant/lms-balanced t=1 c=1 rps=- run=3: 70/1000000 ok=70 err=0
mixed-lms/tursodb-per-tenant/lms-balanced t=1 c=1 rps=- run=3: 76/1000000 ok=76 err=0
mixed-lms/tursodb-per-tenant/lms-balanced t=1 c=1 rps=- run=3: 83/1000000 ok=82 err=1
mixed-lms/tursodb-per-tenant/lms-balanced t=1 c=1 rps=- run=3: 90/1000000 ok=88 err=2
mixed-lms/tursodb-per-tenant/lms-balanced t=1 c=1 rps=- run=3: 92/1000000 ok=90 err=2
mixed-lms/d1-per-tenant/lms-balanced t=1 c=1 rps=- run=3: 7/1000000 ok=7 err=0
mixed-lms/d1-per-tenant/lms-balanced t=1 c=1 rps=- run=3: 14/1000000 ok=14 err=0
mixed-lms/d1-per-tenant/lms-balanced t=1 c=1 rps=- run=3: 23/1000000 ok=23 err=0
mixed-lms/d1-per-tenant/lms-balanced t=1 c=1 rps=- run=3: 31/1000000 ok=31 err=0
mixed-lms/d1-per-tenant/lms-balanced t=1 c=1 rps=- run=3: 39/1000000 ok=39 err=0
mixed-lms/d1-per-tenant/lms-balanced t=1 c=1 rps=- run=3: 47/1000000 ok=47 err=0
mixed-lms/d1-per-tenant/lms-balanced t=1 c=1 rps=- run=3: 55/1000000 ok=55 err=0
mixed-lms/d1-per-tenant/lms-balanced t=1 c=1 rps=- run=3: 63/1000000 ok=63 err=0
mixed-lms/d1-per-tenant/lms-balanced t=1 c=1 rps=- run=3: 71/1000000 ok=71 err=0
mixed-lms/d1-per-tenant/lms-balanced t=1 c=1 rps=- run=3: 79/1000000 ok=79 err=0
mixed-lms/d1-per-tenant/lms-balanced t=1 c=1 rps=- run=3: 87/1000000 ok=87 err=0
mixed-lms/d1-per-tenant/lms-balanced t=1 c=1 rps=- run=3: 95/1000000 ok=95 err=0
mixed-lms/d1-per-tenant/lms-balanced t=1 c=1 rps=- run=3: 102/1000000 ok=102 err=0
mixed-lms/d1-per-tenant/lms-balanced t=1 c=1 rps=- run=3: 109/1000000 ok=109 err=0
mixed-lms/d1-per-tenant/lms-balanced t=1 c=1 rps=- run=3: 110/1000000 ok=110 err=0
mixed-lms/turso-per-tenant/lms-balanced t=1 c=1 rps=- run=3: 7/1000000 ok=7 err=0
mixed-lms/turso-per-tenant/lms-balanced t=1 c=1 rps=- run=3: 14/1000000 ok=14 err=0
mixed-lms/turso-per-tenant/lms-balanced t=1 c=1 rps=- run=3: 21/1000000 ok=21 err=0
mixed-lms/turso-per-tenant/lms-balanced t=1 c=1 rps=- run=3: 28/1000000 ok=28 err=0
mixed-lms/turso-per-tenant/lms-balanced t=1 c=1 rps=- run=3: 35/1000000 ok=35 err=0
mixed-lms/turso-per-tenant/lms-balanced t=1 c=1 rps=- run=3: 41/1000000 ok=41 err=0
mixed-lms/turso-per-tenant/lms-balanced t=1 c=1 rps=- run=3: 48/1000000 ok=48 err=0
mixed-lms/turso-per-tenant/lms-balanced t=1 c=1 rps=- run=3: 55/1000000 ok=55 err=0
mixed-lms/turso-per-tenant/lms-balanced t=1 c=1 rps=- run=3: 62/1000000 ok=62 err=0
mixed-lms/turso-per-tenant/lms-balanced t=1 c=1 rps=- run=3: 69/1000000 ok=69 err=0
mixed-lms/turso-per-tenant/lms-balanced t=1 c=1 rps=- run=3: 74/1000000 ok=74 err=0
mixed-lms/turso-per-tenant/lms-balanced t=1 c=1 rps=- run=3: 81/1000000 ok=81 err=0
mixed-lms/turso-per-tenant/lms-balanced t=1 c=1 rps=- run=3: 88/1000000 ok=88 err=0
mixed-lms/turso-per-tenant/lms-balanced t=1 c=1 rps=- run=3: 92/1000000 ok=92 err=0
mixed-lms/tursodb-per-tenant/lms-balanced t=1 c=10 rps=- run=3: 52/1000000 ok=52 err=0
mixed-lms/tursodb-per-tenant/lms-balanced t=1 c=10 rps=- run=3: 121/1000000 ok=119 err=2
mixed-lms/tursodb-per-tenant/lms-balanced t=1 c=10 rps=- run=3: 189/1000000 ok=186 err=3
mixed-lms/tursodb-per-tenant/lms-balanced t=1 c=10 rps=- run=3: 256/1000000 ok=253 err=3
mixed-lms/tursodb-per-tenant/lms-balanced t=1 c=10 rps=- run=3: 319/1000000 ok=316 err=3
mixed-lms/tursodb-per-tenant/lms-balanced t=1 c=10 rps=- run=3: 379/1000000 ok=376 err=3
mixed-lms/tursodb-per-tenant/lms-balanced t=1 c=10 rps=- run=3: 450/1000000 ok=446 err=4
mixed-lms/tursodb-per-tenant/lms-balanced t=1 c=10 rps=- run=3: 516/1000000 ok=512 err=4
mixed-lms/tursodb-per-tenant/lms-balanced t=1 c=10 rps=- run=3: 580/1000000 ok=575 err=5
mixed-lms/tursodb-per-tenant/lms-balanced t=1 c=10 rps=- run=3: 648/1000000 ok=642 err=6
mixed-lms/tursodb-per-tenant/lms-balanced t=1 c=10 rps=- run=3: 718/1000000 ok=711 err=7
mixed-lms/tursodb-per-tenant/lms-balanced t=1 c=10 rps=- run=3: 781/1000000 ok=773 err=8
mixed-lms/tursodb-per-tenant/lms-balanced t=1 c=10 rps=- run=3: 844/1000000 ok=835 err=9
mixed-lms/tursodb-per-tenant/lms-balanced t=1 c=10 rps=- run=3: 914/1000000 ok=904 err=10
mixed-lms/tursodb-per-tenant/lms-balanced t=1 c=10 rps=- run=3: 972/1000000 ok=962 err=10
mixed-lms/d1-per-tenant/lms-balanced t=1 c=10 rps=- run=3: 70/1000000 ok=70 err=0
mixed-lms/d1-per-tenant/lms-balanced t=1 c=10 rps=- run=3: 147/1000000 ok=147 err=0
mixed-lms/d1-per-tenant/lms-balanced t=1 c=10 rps=- run=3: 221/1000000 ok=221 err=0
mixed-lms/d1-per-tenant/lms-balanced t=1 c=10 rps=- run=3: 297/1000000 ok=297 err=0
mixed-lms/d1-per-tenant/lms-balanced t=1 c=10 rps=- run=3: 362/1000000 ok=362 err=0
mixed-lms/d1-per-tenant/lms-balanced t=1 c=10 rps=- run=3: 434/1000000 ok=434 err=0
mixed-lms/d1-per-tenant/lms-balanced t=1 c=10 rps=- run=3: 511/1000000 ok=511 err=0
mixed-lms/d1-per-tenant/lms-balanced t=1 c=10 rps=- run=3: 583/1000000 ok=583 err=0
mixed-lms/d1-per-tenant/lms-balanced t=1 c=10 rps=- run=3: 653/1000000 ok=653 err=0
mixed-lms/d1-per-tenant/lms-balanced t=1 c=10 rps=- run=3: 725/1000000 ok=725 err=0
mixed-lms/d1-per-tenant/lms-balanced t=1 c=10 rps=- run=3: 800/1000000 ok=800 err=0
mixed-lms/d1-per-tenant/lms-balanced t=1 c=10 rps=- run=3: 864/1000000 ok=864 err=0
mixed-lms/d1-per-tenant/lms-balanced t=1 c=10 rps=- run=3: 940/1000000 ok=940 err=0
mixed-lms/d1-per-tenant/lms-balanced t=1 c=10 rps=- run=3: 1015/1000000 ok=1015 err=0
mixed-lms/d1-per-tenant/lms-balanced t=1 c=10 rps=- run=3: 1081/1000000 ok=1081 err=0
mixed-lms/turso-per-tenant/lms-balanced t=1 c=10 rps=- run=3: 61/1000000 ok=61 err=0
mixed-lms/turso-per-tenant/lms-balanced t=1 c=10 rps=- run=3: 129/1000000 ok=129 err=0
mixed-lms/turso-per-tenant/lms-balanced t=1 c=10 rps=- run=3: 199/1000000 ok=199 err=0
mixed-lms/turso-per-tenant/lms-balanced t=1 c=10 rps=- run=3: 267/1000000 ok=267 err=0
mixed-lms/turso-per-tenant/lms-balanced t=1 c=10 rps=- run=3: 334/1000000 ok=334 err=0
mixed-lms/turso-per-tenant/lms-balanced t=1 c=10 rps=- run=3: 401/1000000 ok=401 err=0
mixed-lms/turso-per-tenant/lms-balanced t=1 c=10 rps=- run=3: 463/1000000 ok=463 err=0
mixed-lms/turso-per-tenant/lms-balanced t=1 c=10 rps=- run=3: 534/1000000 ok=534 err=0
mixed-lms/turso-per-tenant/lms-balanced t=1 c=10 rps=- run=3: 600/1000000 ok=600 err=0
mixed-lms/turso-per-tenant/lms-balanced t=1 c=10 rps=- run=3: 674/1000000 ok=674 err=0
mixed-lms/turso-per-tenant/lms-balanced t=1 c=10 rps=- run=3: 744/1000000 ok=744 err=0
mixed-lms/turso-per-tenant/lms-balanced t=1 c=10 rps=- run=3: 813/1000000 ok=813 err=0
mixed-lms/turso-per-tenant/lms-balanced t=1 c=10 rps=- run=3: 879/1000000 ok=879 err=0
mixed-lms/turso-per-tenant/lms-balanced t=1 c=10 rps=- run=3: 945/1000000 ok=945 err=0
mixed-lms/turso-per-tenant/lms-balanced t=1 c=10 rps=- run=3: 997/1000000 ok=997 err=0
mixed-lms/tursodb-per-tenant/lms-balanced t=1 c=25 rps=- run=3: 127/1000000 ok=125 err=2
mixed-lms/tursodb-per-tenant/lms-balanced t=1 c=25 rps=- run=3: 287/1000000 ok=284 err=3
mixed-lms/tursodb-per-tenant/lms-balanced t=1 c=25 rps=- run=3: 451/1000000 ok=447 err=4
mixed-lms/tursodb-per-tenant/lms-balanced t=1 c=25 rps=- run=3: 616/1000000 ok=610 err=6
mixed-lms/tursodb-per-tenant/lms-balanced t=1 c=25 rps=- run=3: 779/1000000 ok=771 err=8
mixed-lms/tursodb-per-tenant/lms-balanced t=1 c=25 rps=- run=3: 936/1000000 ok=926 err=10
mixed-lms/tursodb-per-tenant/lms-balanced t=1 c=25 rps=- run=3: 1102/1000000 ok=1091 err=11
mixed-lms/tursodb-per-tenant/lms-balanced t=1 c=25 rps=- run=3: 1262/1000000 ok=1250 err=12
mixed-lms/tursodb-per-tenant/lms-balanced t=1 c=25 rps=- run=3: 1428/1000000 ok=1413 err=15
mixed-lms/tursodb-per-tenant/lms-balanced t=1 c=25 rps=- run=3: 1576/1000000 ok=1559 err=17
mixed-lms/tursodb-per-tenant/lms-balanced t=1 c=25 rps=- run=3: 1737/1000000 ok=1719 err=18
mixed-lms/tursodb-per-tenant/lms-balanced t=1 c=25 rps=- run=3: 1896/1000000 ok=1877 err=19
mixed-lms/tursodb-per-tenant/lms-balanced t=1 c=25 rps=- run=3: 2065/1000000 ok=2043 err=22
mixed-lms/tursodb-per-tenant/lms-balanced t=1 c=25 rps=- run=3: 2223/1000000 ok=2198 err=25
mixed-lms/tursodb-per-tenant/lms-balanced t=1 c=25 rps=- run=3: 2380/1000000 ok=2353 err=27
mixed-lms/tursodb-per-tenant/lms-balanced t=1 c=25 rps=- run=3: 2394/1000000 ok=2367 err=27
mixed-lms/d1-per-tenant/lms-balanced t=1 c=25 rps=- run=3: 132/1000000 ok=132 err=0
mixed-lms/d1-per-tenant/lms-balanced t=1 c=25 rps=- run=3: 285/1000000 ok=285 err=0
mixed-lms/d1-per-tenant/lms-balanced t=1 c=25 rps=- run=3: 433/1000000 ok=433 err=0
mixed-lms/d1-per-tenant/lms-balanced t=1 c=25 rps=- run=3: 572/1000000 ok=572 err=0
mixed-lms/d1-per-tenant/lms-balanced t=1 c=25 rps=- run=3: 735/1000000 ok=735 err=0
mixed-lms/d1-per-tenant/lms-balanced t=1 c=25 rps=- run=3: 883/1000000 ok=883 err=0
mixed-lms/d1-per-tenant/lms-balanced t=1 c=25 rps=- run=3: 1019/1000000 ok=1019 err=0
mixed-lms/d1-per-tenant/lms-balanced t=1 c=25 rps=- run=3: 1184/1000000 ok=1184 err=0
mixed-lms/d1-per-tenant/lms-balanced t=1 c=25 rps=- run=3: 1329/1000000 ok=1329 err=0
mixed-lms/d1-per-tenant/lms-balanced t=1 c=25 rps=- run=3: 1475/1000000 ok=1475 err=0
mixed-lms/d1-per-tenant/lms-balanced t=1 c=25 rps=- run=3: 1617/1000000 ok=1617 err=0
mixed-lms/d1-per-tenant/lms-balanced t=1 c=25 rps=- run=3: 1771/1000000 ok=1771 err=0
mixed-lms/d1-per-tenant/lms-balanced t=1 c=25 rps=- run=3: 1915/1000000 ok=1915 err=0
mixed-lms/d1-per-tenant/lms-balanced t=1 c=25 rps=- run=3: 2065/1000000 ok=2065 err=0
mixed-lms/d1-per-tenant/lms-balanced t=1 c=25 rps=- run=3: 2215/1000000 ok=2215 err=0
mixed-lms/turso-per-tenant/lms-balanced t=1 c=25 rps=- run=3: 130/1000000 ok=130 err=0
mixed-lms/turso-per-tenant/lms-balanced t=1 c=25 rps=- run=3: 303/1000000 ok=303 err=0
mixed-lms/turso-per-tenant/lms-balanced t=1 c=25 rps=- run=3: 469/1000000 ok=469 err=0
mixed-lms/turso-per-tenant/lms-balanced t=1 c=25 rps=- run=3: 622/1000000 ok=622 err=0
mixed-lms/turso-per-tenant/lms-balanced t=1 c=25 rps=- run=3: 784/1000000 ok=784 err=0
mixed-lms/turso-per-tenant/lms-balanced t=1 c=25 rps=- run=3: 956/1000000 ok=956 err=0
mixed-lms/turso-per-tenant/lms-balanced t=1 c=25 rps=- run=3: 1107/1000000 ok=1107 err=0
mixed-lms/turso-per-tenant/lms-balanced t=1 c=25 rps=- run=3: 1279/1000000 ok=1279 err=0
mixed-lms/turso-per-tenant/lms-balanced t=1 c=25 rps=- run=3: 1447/1000000 ok=1447 err=0
mixed-lms/turso-per-tenant/lms-balanced t=1 c=25 rps=- run=3: 1605/1000000 ok=1605 err=0
mixed-lms/turso-per-tenant/lms-balanced t=1 c=25 rps=- run=3: 1773/1000000 ok=1773 err=0
mixed-lms/turso-per-tenant/lms-balanced t=1 c=25 rps=- run=3: 1947/1000000 ok=1947 err=0
mixed-lms/turso-per-tenant/lms-balanced t=1 c=25 rps=- run=3: 2115/1000000 ok=2115 err=0
mixed-lms/turso-per-tenant/lms-balanced t=1 c=25 rps=- run=3: 2270/1000000 ok=2270 err=0
mixed-lms/turso-per-tenant/lms-balanced t=1 c=25 rps=- run=3: 2433/1000000 ok=2433 err=0
mixed-lms/turso-per-tenant/lms-balanced t=1 c=25 rps=- run=3: 2442/1000000 ok=2442 err=0
mixed-lms/tursodb-per-tenant/lms-balanced t=1 c=50 rps=- run=3: 213/1000000 ok=210 err=3
mixed-lms/tursodb-per-tenant/lms-balanced t=1 c=50 rps=- run=3: 456/1000000 ok=452 err=4
mixed-lms/tursodb-per-tenant/lms-balanced t=1 c=50 rps=- run=3: 734/1000000 ok=727 err=7
mixed-lms/tursodb-per-tenant/lms-balanced t=1 c=50 rps=- run=3: 976/1000000 ok=966 err=10
mixed-lms/tursodb-per-tenant/lms-balanced t=1 c=50 rps=- run=3: 1209/1000000 ok=1197 err=12
mixed-lms/tursodb-per-tenant/lms-balanced t=1 c=50 rps=- run=3: 1455/1000000 ok=1440 err=15
mixed-lms/tursodb-per-tenant/lms-balanced t=1 c=50 rps=- run=3: 1680/1000000 ok=1662 err=18
mixed-lms/tursodb-per-tenant/lms-balanced t=1 c=50 rps=- run=3: 1872/1000000 ok=1853 err=19
mixed-lms/tursodb-per-tenant/lms-balanced t=1 c=50 rps=- run=3: 2099/1000000 ok=2077 err=22
mixed-lms/tursodb-per-tenant/lms-balanced t=1 c=50 rps=- run=3: 2339/1000000 ok=2313 err=26
mixed-lms/tursodb-per-tenant/lms-balanced t=1 c=50 rps=- run=3: 2564/1000000 ok=2534 err=30
mixed-lms/tursodb-per-tenant/lms-balanced t=1 c=50 rps=- run=3: 2808/1000000 ok=2776 err=32
mixed-lms/tursodb-per-tenant/lms-balanced t=1 c=50 rps=- run=3: 3024/1000000 ok=2989 err=35
mixed-lms/tursodb-per-tenant/lms-balanced t=1 c=50 rps=- run=3: 3238/1000000 ok=3201 err=37
mixed-lms/tursodb-per-tenant/lms-balanced t=1 c=50 rps=- run=3: 3463/1000000 ok=3422 err=41
mixed-lms/tursodb-per-tenant/lms-balanced t=1 c=50 rps=- run=3: 3497/1000000 ok=3456 err=41
mixed-lms/d1-per-tenant/lms-balanced t=1 c=50 rps=- run=3: 190/1000000 ok=190 err=0
mixed-lms/d1-per-tenant/lms-balanced t=1 c=50 rps=- run=3: 397/1000000 ok=397 err=0
mixed-lms/d1-per-tenant/lms-balanced t=1 c=50 rps=- run=3: 600/1000000 ok=600 err=0
mixed-lms/d1-per-tenant/lms-balanced t=1 c=50 rps=- run=3: 821/1000000 ok=821 err=0
mixed-lms/d1-per-tenant/lms-balanced t=1 c=50 rps=- run=3: 1047/1000000 ok=1047 err=0
mixed-lms/d1-per-tenant/lms-balanced t=1 c=50 rps=- run=3: 1284/1000000 ok=1284 err=0
mixed-lms/d1-per-tenant/lms-balanced t=1 c=50 rps=- run=3: 1461/1000000 ok=1461 err=0
mixed-lms/d1-per-tenant/lms-balanced t=1 c=50 rps=- run=3: 1632/1000000 ok=1632 err=0
mixed-lms/d1-per-tenant/lms-balanced t=1 c=50 rps=- run=3: 1868/1000000 ok=1868 err=0
mixed-lms/d1-per-tenant/lms-balanced t=1 c=50 rps=- run=3: 2095/1000000 ok=2095 err=0
mixed-lms/d1-per-tenant/lms-balanced t=1 c=50 rps=- run=3: 2317/1000000 ok=2317 err=0
mixed-lms/d1-per-tenant/lms-balanced t=1 c=50 rps=- run=3: 2545/1000000 ok=2545 err=0
mixed-lms/d1-per-tenant/lms-balanced t=1 c=50 rps=- run=3: 2723/1000000 ok=2723 err=0
mixed-lms/d1-per-tenant/lms-balanced t=1 c=50 rps=- run=3: 2915/1000000 ok=2915 err=0
mixed-lms/d1-per-tenant/lms-balanced t=1 c=50 rps=- run=3: 3106/1000000 ok=3106 err=0
mixed-lms/turso-per-tenant/lms-balanced t=1 c=50 rps=- run=3: 253/1000000 ok=253 err=0
mixed-lms/turso-per-tenant/lms-balanced t=1 c=50 rps=- run=3: 561/1000000 ok=561 err=0
mixed-lms/turso-per-tenant/lms-balanced t=1 c=50 rps=- run=3: 794/1000000 ok=794 err=0
mixed-lms/turso-per-tenant/lms-balanced t=1 c=50 rps=- run=3: 1127/1000000 ok=1127 err=0
mixed-lms/turso-per-tenant/lms-balanced t=1 c=50 rps=- run=3: 1456/1000000 ok=1456 err=0
mixed-lms/turso-per-tenant/lms-balanced t=1 c=50 rps=- run=3: 1781/1000000 ok=1781 err=0
mixed-lms/turso-per-tenant/lms-balanced t=1 c=50 rps=- run=3: 2083/1000000 ok=2083 err=0
mixed-lms/turso-per-tenant/lms-balanced t=1 c=50 rps=- run=3: 2277/1000000 ok=2277 err=0
mixed-lms/turso-per-tenant/lms-balanced t=1 c=50 rps=- run=3: 2423/1000000 ok=2423 err=0
mixed-lms/turso-per-tenant/lms-balanced t=1 c=50 rps=- run=3: 2606/1000000 ok=2606 err=0
mixed-lms/turso-per-tenant/lms-balanced t=1 c=50 rps=- run=3: 2888/1000000 ok=2888 err=0
mixed-lms/turso-per-tenant/lms-balanced t=1 c=50 rps=- run=3: 3220/1000000 ok=3220 err=0
mixed-lms/turso-per-tenant/lms-balanced t=1 c=50 rps=- run=3: 3535/1000000 ok=3535 err=0
mixed-lms/turso-per-tenant/lms-balanced t=1 c=50 rps=- run=3: 3850/1000000 ok=3850 err=0
mixed-lms/turso-per-tenant/lms-balanced t=1 c=50 rps=- run=3: 4155/1000000 ok=4155 err=0
mixed-lms/turso-per-tenant/lms-balanced t=1 c=50 rps=- run=3: 4157/1000000 ok=4157 err=0
mixed-lms/tursodb-per-tenant/lms-balanced t=1 c=100 rps=- run=3: 222/1000000 ok=221 err=1
mixed-lms/tursodb-per-tenant/lms-balanced t=1 c=100 rps=- run=3: 569/1000000 ok=566 err=3
mixed-lms/tursodb-per-tenant/lms-balanced t=1 c=100 rps=- run=3: 846/1000000 ok=840 err=6
mixed-lms/tursodb-per-tenant/lms-balanced t=1 c=100 rps=- run=3: 1090/1000000 ok=1080 err=10
mixed-lms/tursodb-per-tenant/lms-balanced t=1 c=100 rps=- run=3: 1334/1000000 ok=1324 err=10
mixed-lms/tursodb-per-tenant/lms-balanced t=1 c=100 rps=- run=3: 1556/1000000 ok=1541 err=15
mixed-lms/tursodb-per-tenant/lms-balanced t=1 c=100 rps=- run=3: 1806/1000000 ok=1789 err=17
mixed-lms/tursodb-per-tenant/lms-balanced t=1 c=100 rps=- run=3: 2040/1000000 ok=2021 err=19
mixed-lms/tursodb-per-tenant/lms-balanced t=1 c=100 rps=- run=3: 2252/1000000 ok=2231 err=21
mixed-lms/tursodb-per-tenant/lms-balanced t=1 c=100 rps=- run=3: 2514/1000000 ok=2487 err=27
mixed-lms/tursodb-per-tenant/lms-balanced t=1 c=100 rps=- run=3: 2728/1000000 ok=2698 err=30
mixed-lms/tursodb-per-tenant/lms-balanced t=1 c=100 rps=- run=3: 2939/1000000 ok=2907 err=32
mixed-lms/tursodb-per-tenant/lms-balanced t=1 c=100 rps=- run=3: 3180/1000000 ok=3145 err=35
mixed-lms/tursodb-per-tenant/lms-balanced t=1 c=100 rps=- run=3: 3384/1000000 ok=3347 err=37
mixed-lms/tursodb-per-tenant/lms-balanced t=1 c=100 rps=- run=3: 3581/1000000 ok=3540 err=41
mixed-lms/tursodb-per-tenant/lms-balanced t=1 c=100 rps=- run=3: 3615/1000000 ok=3573 err=42
mixed-lms/tursodb-per-tenant/lms-balanced t=1 c=100 rps=- run=3: 3634/1000000 ok=3588 err=46
mixed-lms/d1-per-tenant/lms-balanced t=1 c=100 rps=- run=3: 185/1000000 ok=185 err=0
mixed-lms/d1-per-tenant/lms-balanced t=1 c=100 rps=- run=3: 440/1000000 ok=440 err=0
mixed-lms/d1-per-tenant/lms-balanced t=1 c=100 rps=- run=3: 691/1000000 ok=691 err=0
mixed-lms/d1-per-tenant/lms-balanced t=1 c=100 rps=- run=3: 953/1000000 ok=953 err=0
mixed-lms/d1-per-tenant/lms-balanced t=1 c=100 rps=- run=3: 1222/1000000 ok=1222 err=0
mixed-lms/d1-per-tenant/lms-balanced t=1 c=100 rps=- run=3: 1458/1000000 ok=1458 err=0
mixed-lms/d1-per-tenant/lms-balanced t=1 c=100 rps=- run=3: 1751/1000000 ok=1751 err=0
mixed-lms/d1-per-tenant/lms-balanced t=1 c=100 rps=- run=3: 2009/1000000 ok=2009 err=0
mixed-lms/d1-per-tenant/lms-balanced t=1 c=100 rps=- run=3: 2263/1000000 ok=2263 err=0
mixed-lms/d1-per-tenant/lms-balanced t=1 c=100 rps=- run=3: 2550/1000000 ok=2550 err=0
mixed-lms/d1-per-tenant/lms-balanced t=1 c=100 rps=- run=3: 2829/1000000 ok=2829 err=0
mixed-lms/d1-per-tenant/lms-balanced t=1 c=100 rps=- run=3: 3097/1000000 ok=3097 err=0
mixed-lms/d1-per-tenant/lms-balanced t=1 c=100 rps=- run=3: 3381/1000000 ok=3381 err=0
mixed-lms/d1-per-tenant/lms-balanced t=1 c=100 rps=- run=3: 3626/1000000 ok=3626 err=0
mixed-lms/d1-per-tenant/lms-balanced t=1 c=100 rps=- run=3: 3902/1000000 ok=3902 err=0
mixed-lms/d1-per-tenant/lms-balanced t=1 c=100 rps=- run=3: 3930/1000000 ok=3930 err=0
mixed-lms/turso-per-tenant/lms-balanced t=1 c=100 rps=- run=3: 353/1000000 ok=353 err=0
mixed-lms/turso-per-tenant/lms-balanced t=1 c=100 rps=- run=3: 782/1000000 ok=782 err=0
mixed-lms/turso-per-tenant/lms-balanced t=1 c=100 rps=- run=3: 1090/1000000 ok=1090 err=0
mixed-lms/turso-per-tenant/lms-balanced t=1 c=100 rps=- run=3: 1639/1000000 ok=1639 err=0
mixed-lms/turso-per-tenant/lms-balanced t=1 c=100 rps=- run=3: 2231/1000000 ok=2231 err=0
mixed-lms/turso-per-tenant/lms-balanced t=1 c=100 rps=- run=3: 2807/1000000 ok=2807 err=0
mixed-lms/turso-per-tenant/lms-balanced t=1 c=100 rps=- run=3: 3334/1000000 ok=3334 err=0
mixed-lms/turso-per-tenant/lms-balanced t=1 c=100 rps=- run=3: 3902/1000000 ok=3902 err=0
mixed-lms/turso-per-tenant/lms-balanced t=1 c=100 rps=- run=3: 4458/1000000 ok=4458 err=0
mixed-lms/turso-per-tenant/lms-balanced t=1 c=100 rps=- run=3: 4899/1000000 ok=4899 err=0
mixed-lms/turso-per-tenant/lms-balanced t=1 c=100 rps=- run=3: 5455/1000000 ok=5455 err=0
mixed-lms/turso-per-tenant/lms-balanced t=1 c=100 rps=- run=3: 5959/1000000 ok=5959 err=0
mixed-lms/turso-per-tenant/lms-balanced t=1 c=100 rps=- run=3: 6445/1000000 ok=6445 err=0
mixed-lms/turso-per-tenant/lms-balanced t=1 c=100 rps=- run=3: 6972/1000000 ok=6972 err=0
mixed-lms/turso-per-tenant/lms-balanced t=1 c=100 rps=- run=3: 7480/1000000 ok=7480 err=0
mixed-lms/turso-per-tenant/lms-balanced t=1 c=100 rps=- run=3: 7549/1000000 ok=7549 err=0
mixed-lms/tursodb-per-tenant/lms-balanced t=1 c=200 rps=- run=3: 248/1000000 ok=248 err=0
mixed-lms/tursodb-per-tenant/lms-balanced t=1 c=200 rps=- run=3: 608/1000000 ok=607 err=1
mixed-lms/tursodb-per-tenant/lms-balanced t=1 c=200 rps=- run=3: 889/1000000 ok=881 err=8
mixed-lms/tursodb-per-tenant/lms-balanced t=1 c=200 rps=- run=3: 1136/1000000 ok=1102 err=34
mixed-lms/tursodb-per-tenant/lms-balanced t=1 c=200 rps=- run=3: 1407/1000000 ok=1324 err=83
mixed-lms/tursodb-per-tenant/lms-balanced t=1 c=200 rps=- run=3: 1664/1000000 ok=1543 err=121
mixed-lms/tursodb-per-tenant/lms-balanced t=1 c=200 rps=- run=3: 1903/1000000 ok=1744 err=159
mixed-lms/tursodb-per-tenant/lms-balanced t=1 c=200 rps=- run=3: 2190/1000000 ok=1987 err=203
mixed-lms/tursodb-per-tenant/lms-balanced t=1 c=200 rps=- run=3: 2465/1000000 ok=2226 err=239
mixed-lms/tursodb-per-tenant/lms-balanced t=1 c=200 rps=- run=3: 2718/1000000 ok=2443 err=275
mixed-lms/tursodb-per-tenant/lms-balanced t=1 c=200 rps=- run=3: 2967/1000000 ok=2648 err=319
mixed-lms/tursodb-per-tenant/lms-balanced t=1 c=200 rps=- run=3: 3238/1000000 ok=2877 err=361
mixed-lms/tursodb-per-tenant/lms-balanced t=1 c=200 rps=- run=3: 3484/1000000 ok=3088 err=396
mixed-lms/tursodb-per-tenant/lms-balanced t=1 c=200 rps=- run=3: 3722/1000000 ok=3287 err=435
mixed-lms/tursodb-per-tenant/lms-balanced t=1 c=200 rps=- run=3: 3973/1000000 ok=3495 err=478
mixed-lms/tursodb-per-tenant/lms-balanced t=1 c=200 rps=- run=3: 4095/1000000 ok=3582 err=513
mixed-lms/tursodb-per-tenant/lms-balanced t=1 c=200 rps=- run=3: 4146/1000000 ok=3596 err=550
mixed-lms/tursodb-per-tenant/lms-balanced t=1 c=200 rps=- run=3: 4161/1000000 ok=3596 err=565
mixed-lms/d1-per-tenant/lms-balanced t=1 c=200 rps=- run=3: 169/1000000 ok=169 err=0
mixed-lms/d1-per-tenant/lms-balanced t=1 c=200 rps=- run=3: 471/1000000 ok=471 err=0
mixed-lms/d1-per-tenant/lms-balanced t=1 c=200 rps=- run=3: 726/1000000 ok=726 err=0
mixed-lms/d1-per-tenant/lms-balanced t=1 c=200 rps=- run=3: 1039/1000000 ok=1039 err=0
mixed-lms/d1-per-tenant/lms-balanced t=1 c=200 rps=- run=3: 1323/1000000 ok=1323 err=0
mixed-lms/d1-per-tenant/lms-balanced t=1 c=200 rps=- run=3: 1620/1000000 ok=1620 err=0
mixed-lms/d1-per-tenant/lms-balanced t=1 c=200 rps=- run=3: 1921/1000000 ok=1921 err=0
mixed-lms/d1-per-tenant/lms-balanced t=1 c=200 rps=- run=3: 2194/1000000 ok=2194 err=0
mixed-lms/d1-per-tenant/lms-balanced t=1 c=200 rps=- run=3: 2509/1000000 ok=2509 err=0
mixed-lms/d1-per-tenant/lms-balanced t=1 c=200 rps=- run=3: 2767/1000000 ok=2767 err=0
mixed-lms/d1-per-tenant/lms-balanced t=1 c=200 rps=- run=3: 3066/1000000 ok=3066 err=0
mixed-lms/d1-per-tenant/lms-balanced t=1 c=200 rps=- run=3: 3348/1000000 ok=3348 err=0
mixed-lms/d1-per-tenant/lms-balanced t=1 c=200 rps=- run=3: 3698/1000000 ok=3698 err=0
mixed-lms/d1-per-tenant/lms-balanced t=1 c=200 rps=- run=3: 3936/1000000 ok=3936 err=0
mixed-lms/d1-per-tenant/lms-balanced t=1 c=200 rps=- run=3: 4249/1000000 ok=4249 err=0
mixed-lms/turso-per-tenant/lms-balanced t=1 c=200 rps=- run=3: 589/1000000 ok=589 err=0
mixed-lms/turso-per-tenant/lms-balanced t=1 c=200 rps=- run=3: 1216/1000000 ok=1216 err=0
mixed-lms/turso-per-tenant/lms-balanced t=1 c=200 rps=- run=3: 1687/1000000 ok=1687 err=0
mixed-lms/turso-per-tenant/lms-balanced t=1 c=200 rps=- run=3: 2097/1000000 ok=2097 err=0
mixed-lms/turso-per-tenant/lms-balanced t=1 c=200 rps=- run=3: 2578/1000000 ok=2578 err=0
mixed-lms/turso-per-tenant/lms-balanced t=1 c=200 rps=- run=3: 3068/1000000 ok=3068 err=0
mixed-lms/turso-per-tenant/lms-balanced t=1 c=200 rps=- run=3: 3564/1000000 ok=3564 err=0
mixed-lms/turso-per-tenant/lms-balanced t=1 c=200 rps=- run=3: 4067/1000000 ok=4067 err=0
mixed-lms/turso-per-tenant/lms-balanced t=1 c=200 rps=- run=3: 4534/1000000 ok=4534 err=0
mixed-lms/turso-per-tenant/lms-balanced t=1 c=200 rps=- run=3: 5089/1000000 ok=5089 err=0
mixed-lms/turso-per-tenant/lms-balanced t=1 c=200 rps=- run=3: 5627/1000000 ok=5627 err=0
mixed-lms/turso-per-tenant/lms-balanced t=1 c=200 rps=- run=3: 6181/1000000 ok=6181 err=0
mixed-lms/turso-per-tenant/lms-balanced t=1 c=200 rps=- run=3: 6701/1000000 ok=6701 err=0
mixed-lms/turso-per-tenant/lms-balanced t=1 c=200 rps=- run=3: 7163/1000000 ok=7163 err=0
mixed-lms/turso-per-tenant/lms-balanced t=1 c=200 rps=- run=3: 7661/1000000 ok=7661 err=0
mixed-lms/turso-per-tenant/lms-balanced t=1 c=200 rps=- run=3: 7846/1000000 ok=7846 err=0
mixed-lms/turso-per-tenant/lms-balanced t=1 c=200 rps=- run=3: 7848/1000000 ok=7848 err=0
writes/tursodb-per-tenant/update-progress t=1 c=1 rps=- run=3: 9/1000000 ok=7 err=2
writes/tursodb-per-tenant/update-progress t=1 c=1 rps=- run=3: 18/1000000 ok=14 err=4
writes/tursodb-per-tenant/update-progress t=1 c=1 rps=- run=3: 26/1000000 ok=21 err=5
writes/tursodb-per-tenant/update-progress t=1 c=1 rps=- run=3: 35/1000000 ok=27 err=8
writes/tursodb-per-tenant/update-progress t=1 c=1 rps=- run=3: 44/1000000 ok=34 err=10
writes/tursodb-per-tenant/update-progress t=1 c=1 rps=- run=3: 53/1000000 ok=43 err=10
writes/tursodb-per-tenant/update-progress t=1 c=1 rps=- run=3: 61/1000000 ok=50 err=11
writes/tursodb-per-tenant/update-progress t=1 c=1 rps=- run=3: 67/1000000 ok=56 err=11
writes/tursodb-per-tenant/update-progress t=1 c=1 rps=- run=3: 76/1000000 ok=64 err=12
writes/tursodb-per-tenant/update-progress t=1 c=1 rps=- run=3: 84/1000000 ok=70 err=14
writes/tursodb-per-tenant/update-progress t=1 c=1 rps=- run=3: 93/1000000 ok=77 err=16
writes/tursodb-per-tenant/update-progress t=1 c=1 rps=- run=3: 101/1000000 ok=84 err=17
writes/tursodb-per-tenant/update-progress t=1 c=1 rps=- run=3: 109/1000000 ok=92 err=17
writes/tursodb-per-tenant/update-progress t=1 c=1 rps=- run=3: 116/1000000 ok=99 err=17
writes/tursodb-per-tenant/update-progress t=1 c=1 rps=- run=3: 118/1000000 ok=101 err=17
writes/d1-per-tenant/update-progress t=1 c=1 rps=- run=3: 12/1000000 ok=12 err=0
writes/d1-per-tenant/update-progress t=1 c=1 rps=- run=3: 25/1000000 ok=25 err=0
writes/d1-per-tenant/update-progress t=1 c=1 rps=- run=3: 39/1000000 ok=39 err=0
writes/d1-per-tenant/update-progress t=1 c=1 rps=- run=3: 54/1000000 ok=54 err=0
writes/d1-per-tenant/update-progress t=1 c=1 rps=- run=3: 68/1000000 ok=68 err=0
writes/d1-per-tenant/update-progress t=1 c=1 rps=- run=3: 82/1000000 ok=82 err=0
writes/d1-per-tenant/update-progress t=1 c=1 rps=- run=3: 94/1000000 ok=94 err=0
writes/d1-per-tenant/update-progress t=1 c=1 rps=- run=3: 108/1000000 ok=108 err=0
writes/d1-per-tenant/update-progress t=1 c=1 rps=- run=3: 123/1000000 ok=123 err=0
writes/d1-per-tenant/update-progress t=1 c=1 rps=- run=3: 137/1000000 ok=137 err=0
writes/d1-per-tenant/update-progress t=1 c=1 rps=- run=3: 150/1000000 ok=150 err=0
writes/d1-per-tenant/update-progress t=1 c=1 rps=- run=3: 163/1000000 ok=163 err=0
writes/d1-per-tenant/update-progress t=1 c=1 rps=- run=3: 178/1000000 ok=178 err=0
writes/d1-per-tenant/update-progress t=1 c=1 rps=- run=3: 193/1000000 ok=193 err=0
writes/d1-per-tenant/update-progress t=1 c=1 rps=- run=3: 199/1000000 ok=199 err=0
writes/turso-per-tenant/update-progress t=1 c=1 rps=- run=3: 13/1000000 ok=13 err=0
writes/turso-per-tenant/update-progress t=1 c=1 rps=- run=3: 27/1000000 ok=27 err=0
writes/turso-per-tenant/update-progress t=1 c=1 rps=- run=3: 41/1000000 ok=41 err=0
writes/turso-per-tenant/update-progress t=1 c=1 rps=- run=3: 54/1000000 ok=54 err=0
writes/turso-per-tenant/update-progress t=1 c=1 rps=- run=3: 66/1000000 ok=66 err=0
writes/turso-per-tenant/update-progress t=1 c=1 rps=- run=3: 79/1000000 ok=79 err=0
writes/turso-per-tenant/update-progress t=1 c=1 rps=- run=3: 92/1000000 ok=92 err=0
writes/turso-per-tenant/update-progress t=1 c=1 rps=- run=3: 103/1000000 ok=103 err=0
writes/turso-per-tenant/update-progress t=1 c=1 rps=- run=3: 117/1000000 ok=117 err=0
writes/turso-per-tenant/update-progress t=1 c=1 rps=- run=3: 131/1000000 ok=131 err=0
writes/turso-per-tenant/update-progress t=1 c=1 rps=- run=3: 140/1000000 ok=140 err=0
writes/turso-per-tenant/update-progress t=1 c=1 rps=- run=3: 152/1000000 ok=152 err=0
writes/turso-per-tenant/update-progress t=1 c=1 rps=- run=3: 163/1000000 ok=163 err=0
writes/turso-per-tenant/update-progress t=1 c=1 rps=- run=3: 173/1000000 ok=173 err=0
writes/turso-per-tenant/update-progress t=1 c=1 rps=- run=3: 177/1000000 ok=177 err=0
writes/tursodb-per-tenant/update-progress t=1 c=10 rps=- run=3: 28/1000000 ok=23 err=5
writes/tursodb-per-tenant/update-progress t=1 c=10 rps=- run=3: 64/1000000 ok=53 err=11
writes/tursodb-per-tenant/update-progress t=1 c=10 rps=- run=3: 95/1000000 ok=79 err=16
writes/tursodb-per-tenant/update-progress t=1 c=10 rps=- run=3: 124/1000000 ok=106 err=18
writes/tursodb-per-tenant/update-progress t=1 c=10 rps=- run=3: 164/1000000 ok=142 err=22
writes/tursodb-per-tenant/update-progress t=1 c=10 rps=- run=3: 202/1000000 ok=172 err=30
writes/tursodb-per-tenant/update-progress t=1 c=10 rps=- run=3: 237/1000000 ok=201 err=36
writes/tursodb-per-tenant/update-progress t=1 c=10 rps=- run=3: 270/1000000 ok=226 err=44
writes/tursodb-per-tenant/update-progress t=1 c=10 rps=- run=3: 305/1000000 ok=257 err=48
writes/tursodb-per-tenant/update-progress t=1 c=10 rps=- run=3: 323/1000000 ok=275 err=48
writes/tursodb-per-tenant/update-progress t=1 c=10 rps=- run=3: 369/1000000 ok=310 err=59
writes/tursodb-per-tenant/update-progress t=1 c=10 rps=- run=3: 399/1000000 ok=337 err=62
writes/tursodb-per-tenant/update-progress t=1 c=10 rps=- run=3: 426/1000000 ok=361 err=65
writes/tursodb-per-tenant/update-progress t=1 c=10 rps=- run=3: 462/1000000 ok=391 err=71
writes/tursodb-per-tenant/update-progress t=1 c=10 rps=- run=3: 493/1000000 ok=417 err=76
writes/d1-per-tenant/update-progress t=1 c=10 rps=- run=3: 118/1000000 ok=118 err=0
writes/d1-per-tenant/update-progress t=1 c=10 rps=- run=3: 249/1000000 ok=249 err=0
writes/d1-per-tenant/update-progress t=1 c=10 rps=- run=3: 374/1000000 ok=374 err=0
writes/d1-per-tenant/update-progress t=1 c=10 rps=- run=3: 466/1000000 ok=466 err=0
writes/d1-per-tenant/update-progress t=1 c=10 rps=- run=3: 593/1000000 ok=593 err=0
writes/d1-per-tenant/update-progress t=1 c=10 rps=- run=3: 719/1000000 ok=719 err=0
writes/d1-per-tenant/update-progress t=1 c=10 rps=- run=3: 834/1000000 ok=834 err=0
writes/d1-per-tenant/update-progress t=1 c=10 rps=- run=3: 962/1000000 ok=962 err=0
writes/d1-per-tenant/update-progress t=1 c=10 rps=- run=3: 1085/1000000 ok=1085 err=0
writes/d1-per-tenant/update-progress t=1 c=10 rps=- run=3: 1183/1000000 ok=1183 err=0
writes/d1-per-tenant/update-progress t=1 c=10 rps=- run=3: 1314/1000000 ok=1314 err=0
writes/d1-per-tenant/update-progress t=1 c=10 rps=- run=3: 1437/1000000 ok=1437 err=0
writes/d1-per-tenant/update-progress t=1 c=10 rps=- run=3: 1563/1000000 ok=1563 err=0
writes/d1-per-tenant/update-progress t=1 c=10 rps=- run=3: 1689/1000000 ok=1689 err=0
writes/d1-per-tenant/update-progress t=1 c=10 rps=- run=3: 1810/1000000 ok=1810 err=0
writes/turso-per-tenant/update-progress t=1 c=10 rps=- run=3: 60/1000000 ok=60 err=0
writes/turso-per-tenant/update-progress t=1 c=10 rps=- run=3: 122/1000000 ok=122 err=0
writes/turso-per-tenant/update-progress t=1 c=10 rps=- run=3: 217/1000000 ok=217 err=0
writes/turso-per-tenant/update-progress t=1 c=10 rps=- run=3: 301/1000000 ok=301 err=0
writes/turso-per-tenant/update-progress t=1 c=10 rps=- run=3: 388/1000000 ok=388 err=0
writes/turso-per-tenant/update-progress t=1 c=10 rps=- run=3: 479/1000000 ok=479 err=0
writes/turso-per-tenant/update-progress t=1 c=10 rps=- run=3: 568/1000000 ok=568 err=0
writes/turso-per-tenant/update-progress t=1 c=10 rps=- run=3: 669/1000000 ok=669 err=0
writes/turso-per-tenant/update-progress t=1 c=10 rps=- run=3: 758/1000000 ok=758 err=0
writes/turso-per-tenant/update-progress t=1 c=10 rps=- run=3: 840/1000000 ok=840 err=0
writes/turso-per-tenant/update-progress t=1 c=10 rps=- run=3: 929/1000000 ok=929 err=0
writes/turso-per-tenant/update-progress t=1 c=10 rps=- run=3: 1022/1000000 ok=1022 err=0
writes/turso-per-tenant/update-progress t=1 c=10 rps=- run=3: 1108/1000000 ok=1108 err=0
writes/turso-per-tenant/update-progress t=1 c=10 rps=- run=3: 1197/1000000 ok=1197 err=0
writes/turso-per-tenant/update-progress t=1 c=10 rps=- run=3: 1280/1000000 ok=1280 err=0
writes/tursodb-per-tenant/update-progress t=1 c=50 rps=- run=3: 30/1000000 ok=23 err=7
writes/tursodb-per-tenant/update-progress t=1 c=50 rps=- run=3: 63/1000000 ok=52 err=11
writes/tursodb-per-tenant/update-progress t=1 c=50 rps=- run=3: 90/1000000 ok=75 err=15
writes/tursodb-per-tenant/update-progress t=1 c=50 rps=- run=3: 119/1000000 ok=101 err=18
writes/tursodb-per-tenant/update-progress t=1 c=50 rps=- run=3: 147/1000000 ok=125 err=22
writes/tursodb-per-tenant/update-progress t=1 c=50 rps=- run=3: 167/1000000 ok=144 err=23
writes/tursodb-per-tenant/update-progress t=1 c=50 rps=- run=3: 204/1000000 ok=172 err=32
writes/tursodb-per-tenant/update-progress t=1 c=50 rps=- run=3: 228/1000000 ok=192 err=36
writes/tursodb-per-tenant/update-progress t=1 c=50 rps=- run=3: 269/1000000 ok=223 err=46
writes/tursodb-per-tenant/update-progress t=1 c=50 rps=- run=3: 291/1000000 ok=243 err=48
writes/tursodb-per-tenant/update-progress t=1 c=50 rps=- run=3: 323/1000000 ok=272 err=51
writes/tursodb-per-tenant/update-progress t=1 c=50 rps=- run=3: 361/1000000 ok=302 err=59
writes/tursodb-per-tenant/update-progress t=1 c=50 rps=- run=3: 401/1000000 ok=337 err=64
writes/tursodb-per-tenant/update-progress t=1 c=50 rps=- run=3: 427/1000000 ok=360 err=67
writes/tursodb-per-tenant/update-progress t=1 c=50 rps=- run=3: 454/1000000 ok=383 err=71
writes/tursodb-per-tenant/update-progress t=1 c=50 rps=- run=3: 476/1000000 ok=401 err=75
writes/tursodb-per-tenant/update-progress t=1 c=50 rps=- run=3: 494/1000000 ok=416 err=78
writes/d1-per-tenant/update-progress t=1 c=50 rps=- run=3: 463/1000000 ok=463 err=0
writes/d1-per-tenant/update-progress t=1 c=50 rps=- run=3: 979/1000000 ok=979 err=0
writes/d1-per-tenant/update-progress t=1 c=50 rps=- run=3: 1491/1000000 ok=1491 err=0
writes/d1-per-tenant/update-progress t=1 c=50 rps=- run=3: 1937/1000000 ok=1937 err=0
writes/d1-per-tenant/update-progress t=1 c=50 rps=- run=3: 2420/1000000 ok=2420 err=0
writes/d1-per-tenant/update-progress t=1 c=50 rps=- run=3: 2876/1000000 ok=2876 err=0
writes/d1-per-tenant/update-progress t=1 c=50 rps=- run=3: 3434/1000000 ok=3434 err=0
writes/d1-per-tenant/update-progress t=1 c=50 rps=- run=3: 3898/1000000 ok=3898 err=0
writes/d1-per-tenant/update-progress t=1 c=50 rps=- run=3: 4469/1000000 ok=4469 err=0
writes/d1-per-tenant/update-progress t=1 c=50 rps=- run=3: 4972/1000000 ok=4972 err=0
writes/d1-per-tenant/update-progress t=1 c=50 rps=- run=3: 5520/1000000 ok=5520 err=0
writes/d1-per-tenant/update-progress t=1 c=50 rps=- run=3: 6037/1000000 ok=6037 err=0
writes/d1-per-tenant/update-progress t=1 c=50 rps=- run=3: 6494/1000000 ok=6494 err=0
writes/d1-per-tenant/update-progress t=1 c=50 rps=- run=3: 6907/1000000 ok=6907 err=0
writes/d1-per-tenant/update-progress t=1 c=50 rps=- run=3: 7275/1000000 ok=7275 err=0
writes/turso-per-tenant/update-progress t=1 c=50 rps=- run=3: 44/1000000 ok=44 err=0
writes/turso-per-tenant/update-progress t=1 c=50 rps=- run=3: 122/1000000 ok=122 err=0
writes/turso-per-tenant/update-progress t=1 c=50 rps=- run=3: 198/1000000 ok=198 err=0
writes/turso-per-tenant/update-progress t=1 c=50 rps=- run=3: 270/1000000 ok=270 err=0
writes/turso-per-tenant/update-progress t=1 c=50 rps=- run=3: 349/1000000 ok=349 err=0
writes/turso-per-tenant/update-progress t=1 c=50 rps=- run=3: 441/1000000 ok=441 err=0
writes/turso-per-tenant/update-progress t=1 c=50 rps=- run=3: 525/1000000 ok=525 err=0
writes/turso-per-tenant/update-progress t=1 c=50 rps=- run=3: 610/1000000 ok=610 err=0
writes/turso-per-tenant/update-progress t=1 c=50 rps=- run=3: 690/1000000 ok=690 err=0
writes/turso-per-tenant/update-progress t=1 c=50 rps=- run=3: 760/1000000 ok=760 err=0
writes/turso-per-tenant/update-progress t=1 c=50 rps=- run=3: 832/1000000 ok=832 err=0
writes/turso-per-tenant/update-progress t=1 c=50 rps=- run=3: 911/1000000 ok=911 err=0
writes/turso-per-tenant/update-progress t=1 c=50 rps=- run=3: 985/1000000 ok=985 err=0
writes/turso-per-tenant/update-progress t=1 c=50 rps=- run=3: 1054/1000000 ok=1054 err=0
writes/turso-per-tenant/update-progress t=1 c=50 rps=- run=3: 1128/1000000 ok=1128 err=0
writes/turso-per-tenant/update-progress t=1 c=50 rps=- run=3: 1165/1000000 ok=1165 err=0
writes/tursodb-per-tenant/update-progress t=1 c=100 rps=- run=3: 39/1000000 ok=31 err=8
writes/tursodb-per-tenant/update-progress t=1 c=100 rps=- run=3: 85/1000000 ok=72 err=13
writes/tursodb-per-tenant/update-progress t=1 c=100 rps=- run=3: 134/1000000 ok=103 err=31
writes/tursodb-per-tenant/update-progress t=1 c=100 rps=- run=3: 187/1000000 ok=130 err=57
writes/tursodb-per-tenant/update-progress t=1 c=100 rps=- run=3: 236/1000000 ok=158 err=78
writes/tursodb-per-tenant/update-progress t=1 c=100 rps=- run=3: 279/1000000 ok=185 err=94
writes/tursodb-per-tenant/update-progress t=1 c=100 rps=- run=3: 323/1000000 ok=211 err=112
writes/tursodb-per-tenant/update-progress t=1 c=100 rps=- run=3: 378/1000000 ok=237 err=141
writes/tursodb-per-tenant/update-progress t=1 c=100 rps=- run=3: 421/1000000 ok=263 err=158
writes/tursodb-per-tenant/update-progress t=1 c=100 rps=- run=3: 468/1000000 ok=290 err=178
writes/tursodb-per-tenant/update-progress t=1 c=100 rps=- run=3: 514/1000000 ok=313 err=201
writes/tursodb-per-tenant/update-progress t=1 c=100 rps=- run=3: 566/1000000 ok=344 err=222
writes/tursodb-per-tenant/update-progress t=1 c=100 rps=- run=3: 605/1000000 ok=365 err=240
writes/tursodb-per-tenant/update-progress t=1 c=100 rps=- run=3: 650/1000000 ok=388 err=262
writes/tursodb-per-tenant/update-progress t=1 c=100 rps=- run=3: 698/1000000 ok=409 err=289
writes/tursodb-per-tenant/update-progress t=1 c=100 rps=- run=3: 732/1000000 ok=425 err=307
writes/tursodb-per-tenant/update-progress t=1 c=100 rps=- run=3: 777/1000000 ok=434 err=343
writes/tursodb-per-tenant/update-progress t=1 c=100 rps=- run=3: 791/1000000 ok=435 err=356
writes/d1-per-tenant/update-progress t=1 c=100 rps=- run=3: 454/1000000 ok=454 err=0
writes/d1-per-tenant/update-progress t=1 c=100 rps=- run=3: 1163/1000000 ok=1163 err=0
writes/d1-per-tenant/update-progress t=1 c=100 rps=- run=3: 1788/1000000 ok=1788 err=0
writes/d1-per-tenant/update-progress t=1 c=100 rps=- run=3: 2218/1000000 ok=2218 err=0
writes/d1-per-tenant/update-progress t=1 c=100 rps=- run=3: 2733/1000000 ok=2733 err=0
writes/d1-per-tenant/update-progress t=1 c=100 rps=- run=3: 3204/1000000 ok=3204 err=0
writes/d1-per-tenant/update-progress t=1 c=100 rps=- run=3: 3730/1000000 ok=3730 err=0
writes/d1-per-tenant/update-progress t=1 c=100 rps=- run=3: 4402/1000000 ok=4402 err=0
writes/d1-per-tenant/update-progress t=1 c=100 rps=- run=3: 5024/1000000 ok=5024 err=0
writes/d1-per-tenant/update-progress t=1 c=100 rps=- run=3: 5490/1000000 ok=5490 err=0
writes/d1-per-tenant/update-progress t=1 c=100 rps=- run=3: 6067/1000000 ok=6067 err=0
writes/d1-per-tenant/update-progress t=1 c=100 rps=- run=3: 6642/1000000 ok=6642 err=0
writes/d1-per-tenant/update-progress t=1 c=100 rps=- run=3: 7176/1000000 ok=7176 err=0
writes/d1-per-tenant/update-progress t=1 c=100 rps=- run=3: 7814/1000000 ok=7814 err=0
writes/d1-per-tenant/update-progress t=1 c=100 rps=- run=3: 8218/1000000 ok=8218 err=0
writes/turso-per-tenant/update-progress t=1 c=100 rps=- run=3: 68/1000000 ok=68 err=0
writes/turso-per-tenant/update-progress t=1 c=100 rps=- run=3: 148/1000000 ok=148 err=0
writes/turso-per-tenant/update-progress t=1 c=100 rps=- run=3: 237/1000000 ok=236 err=1
writes/turso-per-tenant/update-progress t=1 c=100 rps=- run=3: 324/1000000 ok=323 err=1
writes/turso-per-tenant/update-progress t=1 c=100 rps=- run=3: 397/1000000 ok=396 err=1
writes/turso-per-tenant/update-progress t=1 c=100 rps=- run=3: 494/1000000 ok=493 err=1
writes/turso-per-tenant/update-progress t=1 c=100 rps=- run=3: 586/1000000 ok=585 err=1
writes/turso-per-tenant/update-progress t=1 c=100 rps=- run=3: 666/1000000 ok=663 err=3
writes/turso-per-tenant/update-progress t=1 c=100 rps=- run=3: 753/1000000 ok=749 err=4
writes/turso-per-tenant/update-progress t=1 c=100 rps=- run=3: 842/1000000 ok=837 err=5
writes/turso-per-tenant/update-progress t=1 c=100 rps=- run=3: 921/1000000 ok=916 err=5
writes/turso-per-tenant/update-progress t=1 c=100 rps=- run=3: 1006/1000000 ok=1001 err=5
writes/turso-per-tenant/update-progress t=1 c=100 rps=- run=3: 1072/1000000 ok=1067 err=5
writes/turso-per-tenant/update-progress t=1 c=100 rps=- run=3: 1147/1000000 ok=1141 err=6
writes/turso-per-tenant/update-progress t=1 c=100 rps=- run=3: 1231/1000000 ok=1225 err=6
writes/turso-per-tenant/update-progress t=1 c=100 rps=- run=3: 1318/1000000 ok=1312 err=6
writes/tursodb-per-tenant/submit-quiz-answer t=1 c=1 rps=- run=3: 6/1000000 ok=6 err=0
writes/tursodb-per-tenant/submit-quiz-answer t=1 c=1 rps=- run=3: 12/1000000 ok=12 err=0
writes/tursodb-per-tenant/submit-quiz-answer t=1 c=1 rps=- run=3: 18/1000000 ok=18 err=0
writes/tursodb-per-tenant/submit-quiz-answer t=1 c=1 rps=- run=3: 25/1000000 ok=25 err=0
writes/tursodb-per-tenant/submit-quiz-answer t=1 c=1 rps=- run=3: 31/1000000 ok=31 err=0
writes/tursodb-per-tenant/submit-quiz-answer t=1 c=1 rps=- run=3: 36/1000000 ok=36 err=0
writes/tursodb-per-tenant/submit-quiz-answer t=1 c=1 rps=- run=3: 42/1000000 ok=42 err=0
writes/tursodb-per-tenant/submit-quiz-answer t=1 c=1 rps=- run=3: 48/1000000 ok=48 err=0
writes/tursodb-per-tenant/submit-quiz-answer t=1 c=1 rps=- run=3: 54/1000000 ok=54 err=0
writes/tursodb-per-tenant/submit-quiz-answer t=1 c=1 rps=- run=3: 60/1000000 ok=60 err=0
writes/tursodb-per-tenant/submit-quiz-answer t=1 c=1 rps=- run=3: 65/1000000 ok=65 err=0
writes/tursodb-per-tenant/submit-quiz-answer t=1 c=1 rps=- run=3: 71/1000000 ok=71 err=0
writes/tursodb-per-tenant/submit-quiz-answer t=1 c=1 rps=- run=3: 77/1000000 ok=77 err=0
writes/tursodb-per-tenant/submit-quiz-answer t=1 c=1 rps=- run=3: 82/1000000 ok=82 err=0
writes/tursodb-per-tenant/submit-quiz-answer t=1 c=1 rps=- run=3: 83/1000000 ok=83 err=0
writes/d1-per-tenant/submit-quiz-answer t=1 c=1 rps=- run=3: 8/1000000 ok=8 err=0
writes/d1-per-tenant/submit-quiz-answer t=1 c=1 rps=- run=3: 18/1000000 ok=18 err=0
writes/d1-per-tenant/submit-quiz-answer t=1 c=1 rps=- run=3: 28/1000000 ok=28 err=0
writes/d1-per-tenant/submit-quiz-answer t=1 c=1 rps=- run=3: 38/1000000 ok=38 err=0
writes/d1-per-tenant/submit-quiz-answer t=1 c=1 rps=- run=3: 48/1000000 ok=48 err=0
writes/d1-per-tenant/submit-quiz-answer t=1 c=1 rps=- run=3: 57/1000000 ok=57 err=0
writes/d1-per-tenant/submit-quiz-answer t=1 c=1 rps=- run=3: 66/1000000 ok=66 err=0
writes/d1-per-tenant/submit-quiz-answer t=1 c=1 rps=- run=3: 77/1000000 ok=77 err=0
writes/d1-per-tenant/submit-quiz-answer t=1 c=1 rps=- run=3: 88/1000000 ok=88 err=0
writes/d1-per-tenant/submit-quiz-answer t=1 c=1 rps=- run=3: 98/1000000 ok=98 err=0
writes/d1-per-tenant/submit-quiz-answer t=1 c=1 rps=- run=3: 108/1000000 ok=108 err=0
writes/d1-per-tenant/submit-quiz-answer t=1 c=1 rps=- run=3: 118/1000000 ok=118 err=0
writes/d1-per-tenant/submit-quiz-answer t=1 c=1 rps=- run=3: 128/1000000 ok=128 err=0
writes/d1-per-tenant/submit-quiz-answer t=1 c=1 rps=- run=3: 138/1000000 ok=138 err=0
writes/d1-per-tenant/submit-quiz-answer t=1 c=1 rps=- run=3: 141/1000000 ok=141 err=0
writes/turso-per-tenant/submit-quiz-answer t=1 c=1 rps=- run=3: 9/1000000 ok=9 err=0
writes/turso-per-tenant/submit-quiz-answer t=1 c=1 rps=- run=3: 19/1000000 ok=19 err=0
writes/turso-per-tenant/submit-quiz-answer t=1 c=1 rps=- run=3: 29/1000000 ok=29 err=0
writes/turso-per-tenant/submit-quiz-answer t=1 c=1 rps=- run=3: 39/1000000 ok=39 err=0
writes/turso-per-tenant/submit-quiz-answer t=1 c=1 rps=- run=3: 49/1000000 ok=49 err=0
writes/turso-per-tenant/submit-quiz-answer t=1 c=1 rps=- run=3: 58/1000000 ok=58 err=0
writes/turso-per-tenant/submit-quiz-answer t=1 c=1 rps=- run=3: 68/1000000 ok=68 err=0
writes/turso-per-tenant/submit-quiz-answer t=1 c=1 rps=- run=3: 77/1000000 ok=77 err=0
writes/turso-per-tenant/submit-quiz-answer t=1 c=1 rps=- run=3: 85/1000000 ok=85 err=0
writes/turso-per-tenant/submit-quiz-answer t=1 c=1 rps=- run=3: 94/1000000 ok=94 err=0
writes/turso-per-tenant/submit-quiz-answer t=1 c=1 rps=- run=3: 102/1000000 ok=102 err=0
writes/turso-per-tenant/submit-quiz-answer t=1 c=1 rps=- run=3: 112/1000000 ok=112 err=0
writes/turso-per-tenant/submit-quiz-answer t=1 c=1 rps=- run=3: 122/1000000 ok=122 err=0
writes/turso-per-tenant/submit-quiz-answer t=1 c=1 rps=- run=3: 130/1000000 ok=130 err=0
writes/turso-per-tenant/submit-quiz-answer t=1 c=1 rps=- run=3: 132/1000000 ok=132 err=0
writes/tursodb-per-tenant/submit-quiz-answer t=1 c=10 rps=- run=3: 27/1000000 ok=27 err=0
writes/tursodb-per-tenant/submit-quiz-answer t=1 c=10 rps=- run=3: 59/1000000 ok=59 err=0
writes/tursodb-per-tenant/submit-quiz-answer t=1 c=10 rps=- run=3: 92/1000000 ok=92 err=0
writes/tursodb-per-tenant/submit-quiz-answer t=1 c=10 rps=- run=3: 128/1000000 ok=128 err=0
writes/tursodb-per-tenant/submit-quiz-answer t=1 c=10 rps=- run=3: 159/1000000 ok=159 err=0
writes/tursodb-per-tenant/submit-quiz-answer t=1 c=10 rps=- run=3: 191/1000000 ok=191 err=0
writes/tursodb-per-tenant/submit-quiz-answer t=1 c=10 rps=- run=3: 224/1000000 ok=224 err=0
writes/tursodb-per-tenant/submit-quiz-answer t=1 c=10 rps=- run=3: 257/1000000 ok=257 err=0
writes/tursodb-per-tenant/submit-quiz-answer t=1 c=10 rps=- run=3: 293/1000000 ok=293 err=0
writes/tursodb-per-tenant/submit-quiz-answer t=1 c=10 rps=- run=3: 324/1000000 ok=324 err=0
writes/tursodb-per-tenant/submit-quiz-answer t=1 c=10 rps=- run=3: 359/1000000 ok=359 err=0
writes/tursodb-per-tenant/submit-quiz-answer t=1 c=10 rps=- run=3: 393/1000000 ok=393 err=0
writes/tursodb-per-tenant/submit-quiz-answer t=1 c=10 rps=- run=3: 435/1000000 ok=435 err=0
writes/tursodb-per-tenant/submit-quiz-answer t=1 c=10 rps=- run=3: 467/1000000 ok=467 err=0
writes/tursodb-per-tenant/submit-quiz-answer t=1 c=10 rps=- run=3: 497/1000000 ok=497 err=0
writes/tursodb-per-tenant/submit-quiz-answer t=1 c=10 rps=- run=3: 501/1000000 ok=501 err=0
writes/d1-per-tenant/submit-quiz-answer t=1 c=10 rps=- run=3: 72/1000000 ok=72 err=0
writes/d1-per-tenant/submit-quiz-answer t=1 c=10 rps=- run=3: 157/1000000 ok=157 err=0
writes/d1-per-tenant/submit-quiz-answer t=1 c=10 rps=- run=3: 244/1000000 ok=244 err=0
writes/d1-per-tenant/submit-quiz-answer t=1 c=10 rps=- run=3: 327/1000000 ok=327 err=0
writes/d1-per-tenant/submit-quiz-answer t=1 c=10 rps=- run=3: 408/1000000 ok=408 err=0
writes/d1-per-tenant/submit-quiz-answer t=1 c=10 rps=- run=3: 489/1000000 ok=489 err=0
writes/d1-per-tenant/submit-quiz-answer t=1 c=10 rps=- run=3: 573/1000000 ok=573 err=0
writes/d1-per-tenant/submit-quiz-answer t=1 c=10 rps=- run=3: 657/1000000 ok=657 err=0
writes/d1-per-tenant/submit-quiz-answer t=1 c=10 rps=- run=3: 743/1000000 ok=743 err=0
writes/d1-per-tenant/submit-quiz-answer t=1 c=10 rps=- run=3: 824/1000000 ok=824 err=0
writes/d1-per-tenant/submit-quiz-answer t=1 c=10 rps=- run=3: 907/1000000 ok=907 err=0
writes/d1-per-tenant/submit-quiz-answer t=1 c=10 rps=- run=3: 989/1000000 ok=989 err=0
writes/d1-per-tenant/submit-quiz-answer t=1 c=10 rps=- run=3: 1074/1000000 ok=1074 err=0
writes/d1-per-tenant/submit-quiz-answer t=1 c=10 rps=- run=3: 1159/1000000 ok=1159 err=0
writes/d1-per-tenant/submit-quiz-answer t=1 c=10 rps=- run=3: 1223/1000000 ok=1223 err=0
writes/turso-per-tenant/submit-quiz-answer t=1 c=10 rps=- run=3: 61/1000000 ok=61 err=0
writes/turso-per-tenant/submit-quiz-answer t=1 c=10 rps=- run=3: 140/1000000 ok=140 err=0
writes/turso-per-tenant/submit-quiz-answer t=1 c=10 rps=- run=3: 217/1000000 ok=217 err=0
writes/turso-per-tenant/submit-quiz-answer t=1 c=10 rps=- run=3: 300/1000000 ok=300 err=0
writes/turso-per-tenant/submit-quiz-answer t=1 c=10 rps=- run=3: 381/1000000 ok=381 err=0
writes/turso-per-tenant/submit-quiz-answer t=1 c=10 rps=- run=3: 460/1000000 ok=460 err=0
writes/turso-per-tenant/submit-quiz-answer t=1 c=10 rps=- run=3: 535/1000000 ok=535 err=0
writes/turso-per-tenant/submit-quiz-answer t=1 c=10 rps=- run=3: 611/1000000 ok=611 err=0
writes/turso-per-tenant/submit-quiz-answer t=1 c=10 rps=- run=3: 687/1000000 ok=687 err=0
writes/turso-per-tenant/submit-quiz-answer t=1 c=10 rps=- run=3: 766/1000000 ok=766 err=0
writes/turso-per-tenant/submit-quiz-answer t=1 c=10 rps=- run=3: 845/1000000 ok=845 err=0
writes/turso-per-tenant/submit-quiz-answer t=1 c=10 rps=- run=3: 921/1000000 ok=921 err=0
writes/turso-per-tenant/submit-quiz-answer t=1 c=10 rps=- run=3: 994/1000000 ok=994 err=0
writes/turso-per-tenant/submit-quiz-answer t=1 c=10 rps=- run=3: 1060/1000000 ok=1060 err=0
writes/turso-per-tenant/submit-quiz-answer t=1 c=10 rps=- run=3: 1129/1000000 ok=1129 err=0
writes/tursodb-per-tenant/submit-quiz-answer t=1 c=50 rps=- run=3: 26/1000000 ok=26 err=0
writes/tursodb-per-tenant/submit-quiz-answer t=1 c=50 rps=- run=3: 55/1000000 ok=55 err=0
writes/tursodb-per-tenant/submit-quiz-answer t=1 c=50 rps=- run=3: 87/1000000 ok=83 err=4
writes/tursodb-per-tenant/submit-quiz-answer t=1 c=50 rps=- run=3: 118/1000000 ok=113 err=5
writes/tursodb-per-tenant/submit-quiz-answer t=1 c=50 rps=- run=3: 144/1000000 ok=135 err=9
writes/tursodb-per-tenant/submit-quiz-answer t=1 c=50 rps=- run=3: 176/1000000 ok=166 err=10
writes/tursodb-per-tenant/submit-quiz-answer t=1 c=50 rps=- run=3: 205/1000000 ok=194 err=11
writes/tursodb-per-tenant/submit-quiz-answer t=1 c=50 rps=- run=3: 235/1000000 ok=224 err=11
writes/tursodb-per-tenant/submit-quiz-answer t=1 c=50 rps=- run=3: 264/1000000 ok=253 err=11
writes/tursodb-per-tenant/submit-quiz-answer t=1 c=50 rps=- run=3: 296/1000000 ok=285 err=11
writes/tursodb-per-tenant/submit-quiz-answer t=1 c=50 rps=- run=3: 328/1000000 ok=317 err=11
writes/tursodb-per-tenant/submit-quiz-answer t=1 c=50 rps=- run=3: 360/1000000 ok=349 err=11
writes/tursodb-per-tenant/submit-quiz-answer t=1 c=50 rps=- run=3: 392/1000000 ok=381 err=11
writes/tursodb-per-tenant/submit-quiz-answer t=1 c=50 rps=- run=3: 417/1000000 ok=406 err=11
writes/tursodb-per-tenant/submit-quiz-answer t=1 c=50 rps=- run=3: 444/1000000 ok=432 err=12
writes/tursodb-per-tenant/submit-quiz-answer t=1 c=50 rps=- run=3: 462/1000000 ok=448 err=14
writes/tursodb-per-tenant/submit-quiz-answer t=1 c=50 rps=- run=3: 485/1000000 ok=455 err=30
writes/tursodb-per-tenant/submit-quiz-answer t=1 c=50 rps=- run=3: 486/1000000 ok=455 err=31
writes/d1-per-tenant/submit-quiz-answer t=1 c=50 rps=- run=3: 216/1000000 ok=216 err=0
writes/d1-per-tenant/submit-quiz-answer t=1 c=50 rps=- run=3: 500/1000000 ok=500 err=0
writes/d1-per-tenant/submit-quiz-answer t=1 c=50 rps=- run=3: 779/1000000 ok=779 err=0
writes/d1-per-tenant/submit-quiz-answer t=1 c=50 rps=- run=3: 998/1000000 ok=998 err=0
writes/d1-per-tenant/submit-quiz-answer t=1 c=50 rps=- run=3: 1284/1000000 ok=1284 err=0
writes/d1-per-tenant/submit-quiz-answer t=1 c=50 rps=- run=3: 1545/1000000 ok=1545 err=0
writes/d1-per-tenant/submit-quiz-answer t=1 c=50 rps=- run=3: 1761/1000000 ok=1761 err=0
writes/d1-per-tenant/submit-quiz-answer t=1 c=50 rps=- run=3: 1987/1000000 ok=1987 err=0
writes/d1-per-tenant/submit-quiz-answer t=1 c=50 rps=- run=3: 2223/1000000 ok=2223 err=0
writes/d1-per-tenant/submit-quiz-answer t=1 c=50 rps=- run=3: 2530/1000000 ok=2530 err=0
writes/d1-per-tenant/submit-quiz-answer t=1 c=50 rps=- run=3: 2837/1000000 ok=2837 err=0
writes/d1-per-tenant/submit-quiz-answer t=1 c=50 rps=- run=3: 3109/1000000 ok=3109 err=0
writes/d1-per-tenant/submit-quiz-answer t=1 c=50 rps=- run=3: 3362/1000000 ok=3362 err=0
writes/d1-per-tenant/submit-quiz-answer t=1 c=50 rps=- run=3: 3666/1000000 ok=3666 err=0
writes/d1-per-tenant/submit-quiz-answer t=1 c=50 rps=- run=3: 3933/1000000 ok=3933 err=0
writes/turso-per-tenant/submit-quiz-answer t=1 c=50 rps=- run=3: 51/1000000 ok=51 err=0
writes/turso-per-tenant/submit-quiz-answer t=1 c=50 rps=- run=3: 126/1000000 ok=126 err=0
writes/turso-per-tenant/submit-quiz-answer t=1 c=50 rps=- run=3: 208/1000000 ok=208 err=0
writes/turso-per-tenant/submit-quiz-answer t=1 c=50 rps=- run=3: 299/1000000 ok=299 err=0
writes/turso-per-tenant/submit-quiz-answer t=1 c=50 rps=- run=3: 387/1000000 ok=387 err=0
writes/turso-per-tenant/submit-quiz-answer t=1 c=50 rps=- run=3: 466/1000000 ok=466 err=0
writes/turso-per-tenant/submit-quiz-answer t=1 c=50 rps=- run=3: 539/1000000 ok=539 err=0
writes/turso-per-tenant/submit-quiz-answer t=1 c=50 rps=- run=3: 616/1000000 ok=616 err=0
writes/turso-per-tenant/submit-quiz-answer t=1 c=50 rps=- run=3: 697/1000000 ok=697 err=0
writes/turso-per-tenant/submit-quiz-answer t=1 c=50 rps=- run=3: 774/1000000 ok=774 err=0
writes/turso-per-tenant/submit-quiz-answer t=1 c=50 rps=- run=3: 853/1000000 ok=853 err=0
writes/turso-per-tenant/submit-quiz-answer t=1 c=50 rps=- run=3: 933/1000000 ok=933 err=0
writes/turso-per-tenant/submit-quiz-answer t=1 c=50 rps=- run=3: 1011/1000000 ok=1011 err=0
writes/turso-per-tenant/submit-quiz-answer t=1 c=50 rps=- run=3: 1090/1000000 ok=1090 err=0
writes/turso-per-tenant/submit-quiz-answer t=1 c=50 rps=- run=3: 1169/1000000 ok=1169 err=0
writes/turso-per-tenant/submit-quiz-answer t=1 c=50 rps=- run=3: 1213/1000000 ok=1213 err=0
writes/tursodb-per-tenant/submit-quiz-answer t=1 c=100 rps=- run=3: 31/1000000 ok=31 err=0
writes/tursodb-per-tenant/submit-quiz-answer t=1 c=100 rps=- run=3: 67/1000000 ok=67 err=0
writes/tursodb-per-tenant/submit-quiz-answer t=1 c=100 rps=- run=3: 119/1000000 ok=92 err=27
writes/tursodb-per-tenant/submit-quiz-answer t=1 c=100 rps=- run=3: 157/1000000 ok=111 err=46
writes/tursodb-per-tenant/submit-quiz-answer t=1 c=100 rps=- run=3: 206/1000000 ok=124 err=82
writes/tursodb-per-tenant/submit-quiz-answer t=1 c=100 rps=- run=3: 239/1000000 ok=126 err=113
writes/tursodb-per-tenant/submit-quiz-answer t=1 c=100 rps=- run=3: 278/1000000 ok=129 err=149
writes/tursodb-per-tenant/submit-quiz-answer t=1 c=100 rps=- run=3: 324/1000000 ok=136 err=188
writes/tursodb-per-tenant/submit-quiz-answer t=1 c=100 rps=- run=3: 361/1000000 ok=136 err=225
writes/tursodb-per-tenant/submit-quiz-answer t=1 c=100 rps=- run=3: 409/1000000 ok=136 err=273
writes/tursodb-per-tenant/submit-quiz-answer t=1 c=100 rps=- run=3: 446/1000000 ok=136 err=310
writes/tursodb-per-tenant/submit-quiz-answer t=1 c=100 rps=- run=3: 482/1000000 ok=136 err=346
writes/tursodb-per-tenant/submit-quiz-answer t=1 c=100 rps=- run=3: 528/1000000 ok=136 err=392
writes/tursodb-per-tenant/submit-quiz-answer t=1 c=100 rps=- run=3: 567/1000000 ok=136 err=431
writes/tursodb-per-tenant/submit-quiz-answer t=1 c=100 rps=- run=3: 614/1000000 ok=136 err=478
writes/tursodb-per-tenant/submit-quiz-answer t=1 c=100 rps=- run=3: 650/1000000 ok=136 err=514
writes/tursodb-per-tenant/submit-quiz-answer t=1 c=100 rps=- run=3: 687/1000000 ok=136 err=551
writes/tursodb-per-tenant/submit-quiz-answer t=1 c=100 rps=- run=3: 693/1000000 ok=136 err=557
writes/d1-per-tenant/submit-quiz-answer t=1 c=100 rps=- run=3: 233/1000000 ok=233 err=0
writes/d1-per-tenant/submit-quiz-answer t=1 c=100 rps=- run=3: 642/1000000 ok=642 err=0
writes/d1-per-tenant/submit-quiz-answer t=1 c=100 rps=- run=3: 1050/1000000 ok=1050 err=0
writes/d1-per-tenant/submit-quiz-answer t=1 c=100 rps=- run=3: 1440/1000000 ok=1440 err=0
writes/d1-per-tenant/submit-quiz-answer t=1 c=100 rps=- run=3: 1702/1000000 ok=1702 err=0
writes/d1-per-tenant/submit-quiz-answer t=1 c=100 rps=- run=3: 2013/1000000 ok=2013 err=0
writes/d1-per-tenant/submit-quiz-answer t=1 c=100 rps=- run=3: 2415/1000000 ok=2415 err=0
writes/d1-per-tenant/submit-quiz-answer t=1 c=100 rps=- run=3: 2750/1000000 ok=2750 err=0
writes/d1-per-tenant/submit-quiz-answer t=1 c=100 rps=- run=3: 3144/1000000 ok=3144 err=0
writes/d1-per-tenant/submit-quiz-answer t=1 c=100 rps=- run=3: 3457/1000000 ok=3457 err=0
writes/d1-per-tenant/submit-quiz-answer t=1 c=100 rps=- run=3: 3828/1000000 ok=3828 err=0
writes/d1-per-tenant/submit-quiz-answer t=1 c=100 rps=- run=3: 4130/1000000 ok=4130 err=0
writes/d1-per-tenant/submit-quiz-answer t=1 c=100 rps=- run=3: 4477/1000000 ok=4477 err=0
writes/d1-per-tenant/submit-quiz-answer t=1 c=100 rps=- run=3: 4849/1000000 ok=4849 err=0
writes/turso-per-tenant/submit-quiz-answer t=1 c=100 rps=- run=3: 65/1000000 ok=65 err=0
writes/turso-per-tenant/submit-quiz-answer t=1 c=100 rps=- run=3: 132/1000000 ok=132 err=0
writes/turso-per-tenant/submit-quiz-answer t=1 c=100 rps=- run=3: 208/1000000 ok=208 err=0
writes/turso-per-tenant/submit-quiz-answer t=1 c=100 rps=- run=3: 285/1000000 ok=285 err=0
writes/turso-per-tenant/submit-quiz-answer t=1 c=100 rps=- run=3: 362/1000000 ok=362 err=0
writes/turso-per-tenant/submit-quiz-answer t=1 c=100 rps=- run=3: 435/1000000 ok=435 err=0
writes/turso-per-tenant/submit-quiz-answer t=1 c=100 rps=- run=3: 508/1000000 ok=508 err=0
writes/turso-per-tenant/submit-quiz-answer t=1 c=100 rps=- run=3: 588/1000000 ok=588 err=0
writes/turso-per-tenant/submit-quiz-answer t=1 c=100 rps=- run=3: 670/1000000 ok=670 err=0
writes/turso-per-tenant/submit-quiz-answer t=1 c=100 rps=- run=3: 751/1000000 ok=751 err=0
writes/turso-per-tenant/submit-quiz-answer t=1 c=100 rps=- run=3: 826/1000000 ok=826 err=0
writes/turso-per-tenant/submit-quiz-answer t=1 c=100 rps=- run=3: 905/1000000 ok=905 err=0
writes/turso-per-tenant/submit-quiz-answer t=1 c=100 rps=- run=3: 979/1000000 ok=979 err=0
writes/turso-per-tenant/submit-quiz-answer t=1 c=100 rps=- run=3: 1047/1000000 ok=1047 err=0
writes/turso-per-tenant/submit-quiz-answer t=1 c=100 rps=- run=3: 1124/1000000 ok=1124 err=0
writes/turso-per-tenant/submit-quiz-answer t=1 c=100 rps=- run=3: 1198/1000000 ok=1198 err=0
writes/turso-per-tenant/submit-quiz-answer t=1 c=100 rps=- run=3: 1217/1000000 ok=1217 err=0
writes/tursodb-per-tenant/order-event t=1 c=1 rps=- run=3: 8/1000000 ok=8 err=0
writes/tursodb-per-tenant/order-event t=1 c=1 rps=- run=3: 14/1000000 ok=14 err=0
writes/tursodb-per-tenant/order-event t=1 c=1 rps=- run=3: 22/1000000 ok=22 err=0
writes/tursodb-per-tenant/order-event t=1 c=1 rps=- run=3: 28/1000000 ok=28 err=0
writes/tursodb-per-tenant/order-event t=1 c=1 rps=- run=3: 35/1000000 ok=35 err=0
writes/tursodb-per-tenant/order-event t=1 c=1 rps=- run=3: 42/1000000 ok=42 err=0
writes/tursodb-per-tenant/order-event t=1 c=1 rps=- run=3: 49/1000000 ok=49 err=0
writes/tursodb-per-tenant/order-event t=1 c=1 rps=- run=3: 56/1000000 ok=56 err=0
writes/tursodb-per-tenant/order-event t=1 c=1 rps=- run=3: 63/1000000 ok=63 err=0
writes/tursodb-per-tenant/order-event t=1 c=1 rps=- run=3: 70/1000000 ok=70 err=0
writes/tursodb-per-tenant/order-event t=1 c=1 rps=- run=3: 77/1000000 ok=77 err=0
writes/tursodb-per-tenant/order-event t=1 c=1 rps=- run=3: 84/1000000 ok=84 err=0
writes/tursodb-per-tenant/order-event t=1 c=1 rps=- run=3: 91/1000000 ok=91 err=0
writes/tursodb-per-tenant/order-event t=1 c=1 rps=- run=3: 96/1000000 ok=96 err=0
writes/d1-per-tenant/order-event t=1 c=1 rps=- run=3: 14/1000000 ok=14 err=0
writes/d1-per-tenant/order-event t=1 c=1 rps=- run=3: 29/1000000 ok=29 err=0
writes/d1-per-tenant/order-event t=1 c=1 rps=- run=3: 44/1000000 ok=44 err=0
writes/d1-per-tenant/order-event t=1 c=1 rps=- run=3: 59/1000000 ok=59 err=0
writes/d1-per-tenant/order-event t=1 c=1 rps=- run=3: 74/1000000 ok=74 err=0
writes/d1-per-tenant/order-event t=1 c=1 rps=- run=3: 89/1000000 ok=89 err=0
writes/d1-per-tenant/order-event t=1 c=1 rps=- run=3: 104/1000000 ok=104 err=0
writes/d1-per-tenant/order-event t=1 c=1 rps=- run=3: 117/1000000 ok=117 err=0
writes/d1-per-tenant/order-event t=1 c=1 rps=- run=3: 131/1000000 ok=131 err=0
writes/d1-per-tenant/order-event t=1 c=1 rps=- run=3: 146/1000000 ok=146 err=0
writes/d1-per-tenant/order-event t=1 c=1 rps=- run=3: 161/1000000 ok=161 err=0
writes/d1-per-tenant/order-event t=1 c=1 rps=- run=3: 176/1000000 ok=176 err=0
writes/d1-per-tenant/order-event t=1 c=1 rps=- run=3: 191/1000000 ok=191 err=0
writes/d1-per-tenant/order-event t=1 c=1 rps=- run=3: 206/1000000 ok=206 err=0
writes/d1-per-tenant/order-event t=1 c=1 rps=- run=3: 212/1000000 ok=212 err=0
writes/turso-per-tenant/order-event t=1 c=1 rps=- run=3: 14/1000000 ok=14 err=0
writes/turso-per-tenant/order-event t=1 c=1 rps=- run=3: 25/1000000 ok=25 err=0
writes/turso-per-tenant/order-event t=1 c=1 rps=- run=3: 40/1000000 ok=40 err=0
writes/turso-per-tenant/order-event t=1 c=1 rps=- run=3: 54/1000000 ok=54 err=0
writes/turso-per-tenant/order-event t=1 c=1 rps=- run=3: 66/1000000 ok=66 err=0
writes/turso-per-tenant/order-event t=1 c=1 rps=- run=3: 79/1000000 ok=79 err=0
writes/turso-per-tenant/order-event t=1 c=1 rps=- run=3: 94/1000000 ok=94 err=0
writes/turso-per-tenant/order-event t=1 c=1 rps=- run=3: 108/1000000 ok=108 err=0
writes/turso-per-tenant/order-event t=1 c=1 rps=- run=3: 121/1000000 ok=121 err=0
writes/turso-per-tenant/order-event t=1 c=1 rps=- run=3: 135/1000000 ok=135 err=0
writes/turso-per-tenant/order-event t=1 c=1 rps=- run=3: 148/1000000 ok=148 err=0
writes/turso-per-tenant/order-event t=1 c=1 rps=- run=3: 161/1000000 ok=161 err=0
writes/turso-per-tenant/order-event t=1 c=1 rps=- run=3: 173/1000000 ok=173 err=0
writes/turso-per-tenant/order-event t=1 c=1 rps=- run=3: 186/1000000 ok=186 err=0
writes/turso-per-tenant/order-event t=1 c=1 rps=- run=3: 192/1000000 ok=192 err=0
writes/tursodb-per-tenant/order-event t=1 c=10 rps=- run=3: 23/1000000 ok=23 err=0
writes/tursodb-per-tenant/order-event t=1 c=10 rps=- run=3: 44/1000000 ok=44 err=0
writes/tursodb-per-tenant/order-event t=1 c=10 rps=- run=3: 64/1000000 ok=64 err=0
writes/tursodb-per-tenant/order-event t=1 c=10 rps=- run=3: 90/1000000 ok=90 err=0
writes/tursodb-per-tenant/order-event t=1 c=10 rps=- run=3: 120/1000000 ok=120 err=0
writes/tursodb-per-tenant/order-event t=1 c=10 rps=- run=3: 143/1000000 ok=143 err=0
writes/tursodb-per-tenant/order-event t=1 c=10 rps=- run=3: 160/1000000 ok=160 err=0
writes/tursodb-per-tenant/order-event t=1 c=10 rps=- run=3: 177/1000000 ok=177 err=0
writes/tursodb-per-tenant/order-event t=1 c=10 rps=- run=3: 200/1000000 ok=200 err=0
writes/tursodb-per-tenant/order-event t=1 c=10 rps=- run=3: 221/1000000 ok=221 err=0
writes/tursodb-per-tenant/order-event t=1 c=10 rps=- run=3: 237/1000000 ok=237 err=0
writes/tursodb-per-tenant/order-event t=1 c=10 rps=- run=3: 254/1000000 ok=254 err=0
writes/tursodb-per-tenant/order-event t=1 c=10 rps=- run=3: 284/1000000 ok=284 err=0
writes/tursodb-per-tenant/order-event t=1 c=10 rps=- run=3: 311/1000000 ok=311 err=0
writes/tursodb-per-tenant/order-event t=1 c=10 rps=- run=3: 328/1000000 ok=328 err=0
writes/tursodb-per-tenant/order-event t=1 c=10 rps=- run=3: 331/1000000 ok=331 err=0
writes/d1-per-tenant/order-event t=1 c=10 rps=- run=3: 100/1000000 ok=100 err=0
writes/d1-per-tenant/order-event t=1 c=10 rps=- run=3: 226/1000000 ok=226 err=0
writes/d1-per-tenant/order-event t=1 c=10 rps=- run=3: 351/1000000 ok=351 err=0
writes/d1-per-tenant/order-event t=1 c=10 rps=- run=3: 479/1000000 ok=479 err=0
writes/d1-per-tenant/order-event t=1 c=10 rps=- run=3: 607/1000000 ok=607 err=0
writes/d1-per-tenant/order-event t=1 c=10 rps=- run=3: 725/1000000 ok=725 err=0
writes/d1-per-tenant/order-event t=1 c=10 rps=- run=3: 859/1000000 ok=859 err=0
writes/d1-per-tenant/order-event t=1 c=10 rps=- run=3: 991/1000000 ok=991 err=0
writes/d1-per-tenant/order-event t=1 c=10 rps=- run=3: 1119/1000000 ok=1119 err=0
writes/d1-per-tenant/order-event t=1 c=10 rps=- run=3: 1247/1000000 ok=1247 err=0
writes/d1-per-tenant/order-event t=1 c=10 rps=- run=3: 1375/1000000 ok=1375 err=0
writes/d1-per-tenant/order-event t=1 c=10 rps=- run=3: 1506/1000000 ok=1506 err=0
writes/d1-per-tenant/order-event t=1 c=10 rps=- run=3: 1637/1000000 ok=1637 err=0
writes/d1-per-tenant/order-event t=1 c=10 rps=- run=3: 1766/1000000 ok=1766 err=0
writes/d1-per-tenant/order-event t=1 c=10 rps=- run=3: 1887/1000000 ok=1887 err=0
writes/turso-per-tenant/order-event t=1 c=10 rps=- run=3: 86/1000000 ok=86 err=0
writes/turso-per-tenant/order-event t=1 c=10 rps=- run=3: 184/1000000 ok=184 err=0
writes/turso-per-tenant/order-event t=1 c=10 rps=- run=3: 277/1000000 ok=277 err=0
writes/turso-per-tenant/order-event t=1 c=10 rps=- run=3: 383/1000000 ok=383 err=0
writes/turso-per-tenant/order-event t=1 c=10 rps=- run=3: 480/1000000 ok=480 err=0
writes/turso-per-tenant/order-event t=1 c=10 rps=- run=3: 590/1000000 ok=590 err=0
writes/turso-per-tenant/order-event t=1 c=10 rps=- run=3: 690/1000000 ok=690 err=0
writes/turso-per-tenant/order-event t=1 c=10 rps=- run=3: 788/1000000 ok=788 err=0
writes/turso-per-tenant/order-event t=1 c=10 rps=- run=3: 894/1000000 ok=894 err=0
writes/turso-per-tenant/order-event t=1 c=10 rps=- run=3: 995/1000000 ok=995 err=0
writes/turso-per-tenant/order-event t=1 c=10 rps=- run=3: 1098/1000000 ok=1098 err=0
writes/turso-per-tenant/order-event t=1 c=10 rps=- run=3: 1204/1000000 ok=1204 err=0
writes/turso-per-tenant/order-event t=1 c=10 rps=- run=3: 1303/1000000 ok=1303 err=0
writes/turso-per-tenant/order-event t=1 c=10 rps=- run=3: 1407/1000000 ok=1407 err=0
writes/turso-per-tenant/order-event t=1 c=10 rps=- run=3: 1502/1000000 ok=1502 err=0
writes/tursodb-per-tenant/order-event t=1 c=50 rps=- run=3: 21/1000000 ok=21 err=0
writes/tursodb-per-tenant/order-event t=1 c=50 rps=- run=3: 42/1000000 ok=42 err=0
writes/tursodb-per-tenant/order-event t=1 c=50 rps=- run=3: 63/1000000 ok=63 err=0
writes/tursodb-per-tenant/order-event t=1 c=50 rps=- run=3: 93/1000000 ok=93 err=0
writes/tursodb-per-tenant/order-event t=1 c=50 rps=- run=3: 117/1000000 ok=117 err=0
writes/tursodb-per-tenant/order-event t=1 c=50 rps=- run=3: 143/1000000 ok=143 err=0
writes/tursodb-per-tenant/order-event t=1 c=50 rps=- run=3: 175/1000000 ok=175 err=0
writes/tursodb-per-tenant/order-event t=1 c=50 rps=- run=3: 197/1000000 ok=197 err=0
writes/tursodb-per-tenant/order-event t=1 c=50 rps=- run=3: 224/1000000 ok=224 err=0
writes/tursodb-per-tenant/order-event t=1 c=50 rps=- run=3: 246/1000000 ok=246 err=0
writes/tursodb-per-tenant/order-event t=1 c=50 rps=- run=3: 273/1000000 ok=273 err=0
writes/tursodb-per-tenant/order-event t=1 c=50 rps=- run=3: 294/1000000 ok=294 err=0
writes/tursodb-per-tenant/order-event t=1 c=50 rps=- run=3: 320/1000000 ok=320 err=0
writes/tursodb-per-tenant/order-event t=1 c=50 rps=- run=3: 344/1000000 ok=344 err=0
writes/tursodb-per-tenant/order-event t=1 c=50 rps=- run=3: 367/1000000 ok=367 err=0
writes/tursodb-per-tenant/order-event t=1 c=50 rps=- run=3: 383/1000000 ok=383 err=0
writes/tursodb-per-tenant/order-event t=1 c=50 rps=- run=3: 408/1000000 ok=387 err=21
writes/tursodb-per-tenant/order-event t=1 c=50 rps=- run=3: 410/1000000 ok=387 err=23
writes/d1-per-tenant/order-event t=1 c=50 rps=- run=3: 485/1000000 ok=485 err=0
writes/d1-per-tenant/order-event t=1 c=50 rps=- run=3: 1048/1000000 ok=1048 err=0
writes/d1-per-tenant/order-event t=1 c=50 rps=- run=3: 1611/1000000 ok=1611 err=0
writes/d1-per-tenant/order-event t=1 c=50 rps=- run=3: 2019/1000000 ok=2019 err=0
writes/d1-per-tenant/order-event t=1 c=50 rps=- run=3: 2423/1000000 ok=2423 err=0
writes/d1-per-tenant/order-event t=1 c=50 rps=- run=3: 2877/1000000 ok=2877 err=0
writes/d1-per-tenant/order-event t=1 c=50 rps=- run=3: 3433/1000000 ok=3433 err=0
writes/d1-per-tenant/order-event t=1 c=50 rps=- run=3: 3943/1000000 ok=3943 err=0
writes/d1-per-tenant/order-event t=1 c=50 rps=- run=3: 4449/1000000 ok=4449 err=0
writes/d1-per-tenant/order-event t=1 c=50 rps=- run=3: 4894/1000000 ok=4894 err=0
writes/d1-per-tenant/order-event t=1 c=50 rps=- run=3: 5468/1000000 ok=5468 err=0
writes/d1-per-tenant/order-event t=1 c=50 rps=- run=3: 5998/1000000 ok=5998 err=0
writes/d1-per-tenant/order-event t=1 c=50 rps=- run=3: 6466/1000000 ok=6466 err=0
writes/d1-per-tenant/order-event t=1 c=50 rps=- run=3: 7026/1000000 ok=7026 err=0
writes/d1-per-tenant/order-event t=1 c=50 rps=- run=3: 7502/1000000 ok=7501 err=1
writes/turso-per-tenant/order-event t=1 c=50 rps=- run=3: 52/1000000 ok=52 err=0
writes/turso-per-tenant/order-event t=1 c=50 rps=- run=3: 151/1000000 ok=151 err=0
writes/turso-per-tenant/order-event t=1 c=50 rps=- run=3: 255/1000000 ok=255 err=0
writes/turso-per-tenant/order-event t=1 c=50 rps=- run=3: 358/1000000 ok=358 err=0
writes/turso-per-tenant/order-event t=1 c=50 rps=- run=3: 458/1000000 ok=458 err=0
writes/turso-per-tenant/order-event t=1 c=50 rps=- run=3: 561/1000000 ok=561 err=0
writes/turso-per-tenant/order-event t=1 c=50 rps=- run=3: 663/1000000 ok=663 err=0
writes/turso-per-tenant/order-event t=1 c=50 rps=- run=3: 776/1000000 ok=776 err=0
writes/turso-per-tenant/order-event t=1 c=50 rps=- run=3: 885/1000000 ok=885 err=0
writes/turso-per-tenant/order-event t=1 c=50 rps=- run=3: 998/1000000 ok=998 err=0
writes/turso-per-tenant/order-event t=1 c=50 rps=- run=3: 1110/1000000 ok=1110 err=0
writes/turso-per-tenant/order-event t=1 c=50 rps=- run=3: 1213/1000000 ok=1213 err=0
writes/turso-per-tenant/order-event t=1 c=50 rps=- run=3: 1328/1000000 ok=1328 err=0
writes/turso-per-tenant/order-event t=1 c=50 rps=- run=3: 1443/1000000 ok=1443 err=0
writes/turso-per-tenant/order-event t=1 c=50 rps=- run=3: 1553/1000000 ok=1553 err=0
writes/turso-per-tenant/order-event t=1 c=50 rps=- run=3: 1593/1000000 ok=1593 err=0
writes/tursodb-per-tenant/order-event t=1 c=100 rps=- run=3: 37/1000000 ok=37 err=0
writes/tursodb-per-tenant/order-event t=1 c=100 rps=- run=3: 78/1000000 ok=78 err=0
writes/tursodb-per-tenant/order-event t=1 c=100 rps=- run=3: 136/1000000 ok=112 err=24
writes/tursodb-per-tenant/order-event t=1 c=100 rps=- run=3: 171/1000000 ok=137 err=34
writes/tursodb-per-tenant/order-event t=1 c=100 rps=- run=3: 217/1000000 ok=158 err=59
writes/tursodb-per-tenant/order-event t=1 c=100 rps=- run=3: 260/1000000 ok=166 err=94
writes/tursodb-per-tenant/order-event t=1 c=100 rps=- run=3: 295/1000000 ok=180 err=115
writes/tursodb-per-tenant/order-event t=1 c=100 rps=- run=3: 347/1000000 ok=192 err=155
writes/tursodb-per-tenant/order-event t=1 c=100 rps=- run=3: 380/1000000 ok=201 err=179
writes/tursodb-per-tenant/order-event t=1 c=100 rps=- run=3: 427/1000000 ok=209 err=218
writes/tursodb-per-tenant/order-event t=1 c=100 rps=- run=3: 468/1000000 ok=213 err=255
writes/tursodb-per-tenant/order-event t=1 c=100 rps=- run=3: 507/1000000 ok=221 err=286
writes/tursodb-per-tenant/order-event t=1 c=100 rps=- run=3: 553/1000000 ok=221 err=332
writes/tursodb-per-tenant/order-event t=1 c=100 rps=- run=3: 590/1000000 ok=221 err=369
writes/tursodb-per-tenant/order-event t=1 c=100 rps=- run=3: 635/1000000 ok=222 err=413
writes/tursodb-per-tenant/order-event t=1 c=100 rps=- run=3: 673/1000000 ok=222 err=451
writes/tursodb-per-tenant/order-event t=1 c=100 rps=- run=3: 713/1000000 ok=222 err=491
writes/d1-per-tenant/order-event t=1 c=100 rps=- run=3: 414/1000000 ok=414 err=0
writes/d1-per-tenant/order-event t=1 c=100 rps=- run=3: 1022/1000000 ok=1022 err=0
writes/d1-per-tenant/order-event t=1 c=100 rps=- run=3: 1665/1000000 ok=1665 err=0
writes/d1-per-tenant/order-event t=1 c=100 rps=- run=3: 2369/1000000 ok=2369 err=0
writes/d1-per-tenant/order-event t=1 c=100 rps=- run=3: 3021/1000000 ok=3021 err=0
writes/d1-per-tenant/order-event t=1 c=100 rps=- run=3: 3740/1000000 ok=3740 err=0
writes/d1-per-tenant/order-event t=1 c=100 rps=- run=3: 4362/1000000 ok=4362 err=0
writes/d1-per-tenant/order-event t=1 c=100 rps=- run=3: 5067/1000000 ok=5067 err=0
writes/d1-per-tenant/order-event t=1 c=100 rps=- run=3: 5702/1000000 ok=5702 err=0
writes/d1-per-tenant/order-event t=1 c=100 rps=- run=3: 6412/1000000 ok=6412 err=0
writes/d1-per-tenant/order-event t=1 c=100 rps=- run=3: 7140/1000000 ok=7140 err=0
writes/d1-per-tenant/order-event t=1 c=100 rps=- run=3: 7771/1000000 ok=7771 err=0
writes/d1-per-tenant/order-event t=1 c=100 rps=- run=3: 8487/1000000 ok=8487 err=0
writes/d1-per-tenant/order-event t=1 c=100 rps=- run=3: 9201/1000000 ok=9201 err=0
writes/d1-per-tenant/order-event t=1 c=100 rps=- run=3: 9537/1000000 ok=9537 err=0
writes/turso-per-tenant/order-event t=1 c=100 rps=- run=3: 71/1000000 ok=71 err=0
writes/turso-per-tenant/order-event t=1 c=100 rps=- run=3: 165/1000000 ok=165 err=0
writes/turso-per-tenant/order-event t=1 c=100 rps=- run=3: 265/1000000 ok=265 err=0
writes/turso-per-tenant/order-event t=1 c=100 rps=- run=3: 368/1000000 ok=367 err=1
writes/turso-per-tenant/order-event t=1 c=100 rps=- run=3: 461/1000000 ok=460 err=1
writes/turso-per-tenant/order-event t=1 c=100 rps=- run=3: 561/1000000 ok=560 err=1
writes/turso-per-tenant/order-event t=1 c=100 rps=- run=3: 662/1000000 ok=661 err=1
writes/turso-per-tenant/order-event t=1 c=100 rps=- run=3: 759/1000000 ok=758 err=1
writes/turso-per-tenant/order-event t=1 c=100 rps=- run=3: 844/1000000 ok=843 err=1
writes/turso-per-tenant/order-event t=1 c=100 rps=- run=3: 932/1000000 ok=931 err=1
writes/turso-per-tenant/order-event t=1 c=100 rps=- run=3: 1030/1000000 ok=1029 err=1
writes/turso-per-tenant/order-event t=1 c=100 rps=- run=3: 1132/1000000 ok=1131 err=1
writes/turso-per-tenant/order-event t=1 c=100 rps=- run=3: 1230/1000000 ok=1229 err=1
writes/turso-per-tenant/order-event t=1 c=100 rps=- run=3: 1329/1000000 ok=1328 err=1
writes/turso-per-tenant/order-event t=1 c=100 rps=- run=3: 1422/1000000 ok=1421 err=1
writes/turso-per-tenant/order-event t=1 c=100 rps=- run=3: 1513/1000000 ok=1512 err=1
writes/tursodb-per-tenant/exam-burst t=1 c=50 rps=- run=3: 1/50 ok=0 err=1
writes/tursodb-per-tenant/exam-burst t=1 c=50 rps=- run=3: 50/50 ok=39 err=11
writes/tursodb-per-tenant/exam-burst t=1 c=50 rps=- run=3: 50/50 ok=39 err=11
writes/d1-per-tenant/exam-burst t=1 c=50 rps=- run=3: 50/50 ok=50 err=0
writes/d1-per-tenant/exam-burst t=1 c=50 rps=- run=3: 50/50 ok=50 err=0
writes/turso-per-tenant/exam-burst t=1 c=50 rps=- run=3: 50/50 ok=50 err=0
writes/turso-per-tenant/exam-burst t=1 c=50 rps=- run=3: 50/50 ok=50 err=0
writes/tursodb-per-tenant/exam-burst t=1 c=100 rps=- run=3: 1/100 ok=1 err=0
writes/tursodb-per-tenant/exam-burst t=1 c=100 rps=- run=3: 100/100 ok=71 err=29
writes/tursodb-per-tenant/exam-burst t=1 c=100 rps=- run=3: 100/100 ok=71 err=29
writes/d1-per-tenant/exam-burst t=1 c=100 rps=- run=3: 100/100 ok=100 err=0
writes/d1-per-tenant/exam-burst t=1 c=100 rps=- run=3: 100/100 ok=100 err=0
writes/turso-per-tenant/exam-burst t=1 c=100 rps=- run=3: 1/100 ok=1 err=0
writes/turso-per-tenant/exam-burst t=1 c=100 rps=- run=3: 100/100 ok=100 err=0
writes/turso-per-tenant/exam-burst t=1 c=100 rps=- run=3: 100/100 ok=100 err=0
writes/tursodb-per-tenant/exam-burst t=1 c=250 rps=- run=3: 1/250 ok=1 err=0
writes/tursodb-per-tenant/exam-burst t=1 c=250 rps=- run=3: 250/250 ok=89 err=161
writes/tursodb-per-tenant/exam-burst t=1 c=250 rps=- run=3: 250/250 ok=89 err=161
writes/d1-per-tenant/exam-burst t=1 c=250 rps=- run=3: 250/250 ok=250 err=0
writes/d1-per-tenant/exam-burst t=1 c=250 rps=- run=3: 250/250 ok=250 err=0
writes/turso-per-tenant/exam-burst t=1 c=250 rps=- run=3: 1/250 ok=1 err=0
writes/turso-per-tenant/exam-burst t=1 c=250 rps=- run=3: 250/250 ok=168 err=82
writes/turso-per-tenant/exam-burst t=1 c=250 rps=- run=3: 250/250 ok=168 err=82
writes/tursodb-per-tenant/exam-burst t=1 c=500 rps=- run=3: 1/500 ok=1 err=0
writes/tursodb-per-tenant/exam-burst t=1 c=500 rps=- run=3: 500/500 ok=89 err=411
writes/tursodb-per-tenant/exam-burst t=1 c=500 rps=- run=3: 500/500 ok=89 err=411
writes/d1-per-tenant/exam-burst t=1 c=500 rps=- run=3: 1/500 ok=1 err=0
writes/d1-per-tenant/exam-burst t=1 c=500 rps=- run=3: 500/500 ok=500 err=0
writes/d1-per-tenant/exam-burst t=1 c=500 rps=- run=3: 500/500 ok=500 err=0
writes/turso-per-tenant/exam-burst t=1 c=500 rps=- run=3: 1/500 ok=1 err=0
writes/turso-per-tenant/exam-burst t=1 c=500 rps=- run=3: 500/500 ok=177 err=323
writes/turso-per-tenant/exam-burst t=1 c=500 rps=- run=3: 500/500 ok=177 err=323
tenant-churn/tursodb-per-tenant/tenant-churn t=10 c=50 rps=- run=3: 61/1000000 ok=61 err=0
tenant-churn/tursodb-per-tenant/tenant-churn t=10 c=50 rps=- run=3: 679/1000000 ok=668 err=11
tenant-churn/tursodb-per-tenant/tenant-churn t=10 c=50 rps=- run=3: 1442/1000000 ok=1431 err=11
tenant-churn/tursodb-per-tenant/tenant-churn t=10 c=50 rps=- run=3: 2205/1000000 ok=2194 err=11
tenant-churn/tursodb-per-tenant/tenant-churn t=10 c=50 rps=- run=3: 2964/1000000 ok=2953 err=11
tenant-churn/tursodb-per-tenant/tenant-churn t=10 c=50 rps=- run=3: 3720/1000000 ok=3709 err=11
tenant-churn/tursodb-per-tenant/tenant-churn t=10 c=50 rps=- run=3: 4449/1000000 ok=4438 err=11
tenant-churn/tursodb-per-tenant/tenant-churn t=10 c=50 rps=- run=3: 5187/1000000 ok=5176 err=11
tenant-churn/tursodb-per-tenant/tenant-churn t=10 c=50 rps=- run=3: 5926/1000000 ok=5915 err=11
tenant-churn/tursodb-per-tenant/tenant-churn t=10 c=50 rps=- run=3: 6591/1000000 ok=6580 err=11
tenant-churn/tursodb-per-tenant/tenant-churn t=10 c=50 rps=- run=3: 7335/1000000 ok=7324 err=11
tenant-churn/tursodb-per-tenant/tenant-churn t=10 c=50 rps=- run=3: 8084/1000000 ok=8073 err=11
tenant-churn/tursodb-per-tenant/tenant-churn t=10 c=50 rps=- run=3: 8833/1000000 ok=8822 err=11
tenant-churn/tursodb-per-tenant/tenant-churn t=10 c=50 rps=- run=3: 9342/1000000 ok=9331 err=11
tenant-churn/d1-per-tenant/tenant-churn t=10 c=50 rps=- run=3: 684/1000000 ok=684 err=0
tenant-churn/d1-per-tenant/tenant-churn t=10 c=50 rps=- run=3: 1495/1000000 ok=1495 err=0
tenant-churn/d1-per-tenant/tenant-churn t=10 c=50 rps=- run=3: 2334/1000000 ok=2334 err=0
tenant-churn/d1-per-tenant/tenant-churn t=10 c=50 rps=- run=3: 3084/1000000 ok=3084 err=0
tenant-churn/d1-per-tenant/tenant-churn t=10 c=50 rps=- run=3: 3926/1000000 ok=3926 err=0
tenant-churn/d1-per-tenant/tenant-churn t=10 c=50 rps=- run=3: 4743/1000000 ok=4743 err=0
tenant-churn/d1-per-tenant/tenant-churn t=10 c=50 rps=- run=3: 5555/1000000 ok=5555 err=0
tenant-churn/d1-per-tenant/tenant-churn t=10 c=50 rps=- run=3: 6388/1000000 ok=6388 err=0
tenant-churn/d1-per-tenant/tenant-churn t=10 c=50 rps=- run=3: 7197/1000000 ok=7197 err=0
tenant-churn/d1-per-tenant/tenant-churn t=10 c=50 rps=- run=3: 8023/1000000 ok=8023 err=0
tenant-churn/d1-per-tenant/tenant-churn t=10 c=50 rps=- run=3: 8841/1000000 ok=8841 err=0
tenant-churn/d1-per-tenant/tenant-churn t=10 c=50 rps=- run=3: 9381/1000000 ok=9381 err=0
tenant-churn/d1-per-tenant/tenant-churn t=10 c=50 rps=- run=3: 10141/1000000 ok=10141 err=0
tenant-churn/d1-per-tenant/tenant-churn t=10 c=50 rps=- run=3: 10963/1000000 ok=10963 err=0
tenant-churn/d1-per-tenant/tenant-churn t=10 c=50 rps=- run=3: 11774/1000000 ok=11774 err=0
tenant-churn/turso-per-tenant/tenant-churn t=10 c=50 rps=- run=3: 451/1000000 ok=451 err=0
tenant-churn/turso-per-tenant/tenant-churn t=10 c=50 rps=- run=3: 1143/1000000 ok=1143 err=0
tenant-churn/turso-per-tenant/tenant-churn t=10 c=50 rps=- run=3: 1850/1000000 ok=1850 err=0
tenant-churn/turso-per-tenant/tenant-churn t=10 c=50 rps=- run=3: 2556/1000000 ok=2556 err=0
tenant-churn/turso-per-tenant/tenant-churn t=10 c=50 rps=- run=3: 3217/1000000 ok=3217 err=0
tenant-churn/turso-per-tenant/tenant-churn t=10 c=50 rps=- run=3: 3926/1000000 ok=3926 err=0
tenant-churn/turso-per-tenant/tenant-churn t=10 c=50 rps=- run=3: 4617/1000000 ok=4617 err=0
tenant-churn/turso-per-tenant/tenant-churn t=10 c=50 rps=- run=3: 5337/1000000 ok=5337 err=0
tenant-churn/turso-per-tenant/tenant-churn t=10 c=50 rps=- run=3: 6072/1000000 ok=6072 err=0
tenant-churn/turso-per-tenant/tenant-churn t=10 c=50 rps=- run=3: 6772/1000000 ok=6772 err=0
tenant-churn/turso-per-tenant/tenant-churn t=10 c=50 rps=- run=3: 7528/1000000 ok=7528 err=0
tenant-churn/turso-per-tenant/tenant-churn t=10 c=50 rps=- run=3: 8226/1000000 ok=8226 err=0
tenant-churn/turso-per-tenant/tenant-churn t=10 c=50 rps=- run=3: 8933/1000000 ok=8933 err=0
tenant-churn/turso-per-tenant/tenant-churn t=10 c=50 rps=- run=3: 9694/1000000 ok=9694 err=0
tenant-churn/turso-per-tenant/tenant-churn t=10 c=50 rps=- run=3: 10361/1000000 ok=10361 err=0
tenant-churn/tursodb-per-tenant/tenant-churn t=30 c=50 rps=- run=3: 34/1000000 ok=33 err=1
tenant-churn/tursodb-per-tenant/tenant-churn t=30 c=50 rps=- run=3: 103/1000000 ok=52 err=51
tenant-churn/tursodb-per-tenant/tenant-churn t=30 c=50 rps=- run=3: 153/1000000 ok=52 err=101
tenant-churn/tursodb-per-tenant/tenant-churn t=30 c=50 rps=- run=3: 203/1000000 ok=53 err=150
tenant-churn/tursodb-per-tenant/tenant-churn t=30 c=50 rps=- run=3: 696/1000000 ok=546 err=150
tenant-churn/tursodb-per-tenant/tenant-churn t=30 c=50 rps=- run=3: 1381/1000000 ok=1231 err=150
tenant-churn/tursodb-per-tenant/tenant-churn t=30 c=50 rps=- run=3: 1928/1000000 ok=1778 err=150
tenant-churn/tursodb-per-tenant/tenant-churn t=30 c=50 rps=- run=3: 2548/1000000 ok=2398 err=150
tenant-churn/tursodb-per-tenant/tenant-churn t=30 c=50 rps=- run=3: 3224/1000000 ok=3074 err=150
tenant-churn/tursodb-per-tenant/tenant-churn t=30 c=50 rps=- run=3: 3945/1000000 ok=3795 err=150
tenant-churn/tursodb-per-tenant/tenant-churn t=30 c=50 rps=- run=3: 3972/1000000 ok=3822 err=150
tenant-churn/d1-per-tenant/tenant-churn t=30 c=50 rps=- run=3: 746/1000000 ok=746 err=0
tenant-churn/d1-per-tenant/tenant-churn t=30 c=50 rps=- run=3: 1555/1000000 ok=1555 err=0
tenant-churn/d1-per-tenant/tenant-churn t=30 c=50 rps=- run=3: 2322/1000000 ok=2322 err=0
tenant-churn/d1-per-tenant/tenant-churn t=30 c=50 rps=- run=3: 3120/1000000 ok=3120 err=0
tenant-churn/d1-per-tenant/tenant-churn t=30 c=50 rps=- run=3: 3894/1000000 ok=3894 err=0
tenant-churn/d1-per-tenant/tenant-churn t=30 c=50 rps=- run=3: 4718/1000000 ok=4718 err=0
tenant-churn/d1-per-tenant/tenant-churn t=30 c=50 rps=- run=3: 5521/1000000 ok=5521 err=0
tenant-churn/d1-per-tenant/tenant-churn t=30 c=50 rps=- run=3: 6319/1000000 ok=6319 err=0
tenant-churn/d1-per-tenant/tenant-churn t=30 c=50 rps=- run=3: 7159/1000000 ok=7159 err=0
tenant-churn/d1-per-tenant/tenant-churn t=30 c=50 rps=- run=3: 7962/1000000 ok=7962 err=0
tenant-churn/d1-per-tenant/tenant-churn t=30 c=50 rps=- run=3: 8801/1000000 ok=8801 err=0
tenant-churn/d1-per-tenant/tenant-churn t=30 c=50 rps=- run=3: 9645/1000000 ok=9645 err=0
tenant-churn/d1-per-tenant/tenant-churn t=30 c=50 rps=- run=3: 10383/1000000 ok=10383 err=0
tenant-churn/d1-per-tenant/tenant-churn t=30 c=50 rps=- run=3: 11174/1000000 ok=11174 err=0
tenant-churn/d1-per-tenant/tenant-churn t=30 c=50 rps=- run=3: 11930/1000000 ok=11930 err=0
tenant-churn/d1-per-tenant/tenant-churn t=30 c=50 rps=- run=3: 11970/1000000 ok=11970 err=0
tenant-churn/turso-per-tenant/tenant-churn t=30 c=50 rps=- run=3: 437/1000000 ok=437 err=0
tenant-churn/turso-per-tenant/tenant-churn t=30 c=50 rps=- run=3: 1124/1000000 ok=1124 err=0
tenant-churn/turso-per-tenant/tenant-churn t=30 c=50 rps=- run=3: 1873/1000000 ok=1873 err=0
tenant-churn/turso-per-tenant/tenant-churn t=30 c=50 rps=- run=3: 2573/1000000 ok=2573 err=0
tenant-churn/turso-per-tenant/tenant-churn t=30 c=50 rps=- run=3: 3327/1000000 ok=3327 err=0
tenant-churn/turso-per-tenant/tenant-churn t=30 c=50 rps=- run=3: 4047/1000000 ok=4047 err=0
tenant-churn/turso-per-tenant/tenant-churn t=30 c=50 rps=- run=3: 4765/1000000 ok=4765 err=0
tenant-churn/turso-per-tenant/tenant-churn t=30 c=50 rps=- run=3: 5458/1000000 ok=5458 err=0
tenant-churn/turso-per-tenant/tenant-churn t=30 c=50 rps=- run=3: 6202/1000000 ok=6202 err=0
tenant-churn/turso-per-tenant/tenant-churn t=30 c=50 rps=- run=3: 6863/1000000 ok=6863 err=0
tenant-churn/turso-per-tenant/tenant-churn t=30 c=50 rps=- run=3: 7534/1000000 ok=7534 err=0
tenant-churn/turso-per-tenant/tenant-churn t=30 c=50 rps=- run=3: 8244/1000000 ok=8244 err=0
tenant-churn/turso-per-tenant/tenant-churn t=30 c=50 rps=- run=3: 8937/1000000 ok=8937 err=0
tenant-churn/turso-per-tenant/tenant-churn t=30 c=50 rps=- run=3: 9634/1000000 ok=9634 err=0
tenant-churn/turso-per-tenant/tenant-churn t=30 c=50 rps=- run=3: 10311/1000000 ok=10311 err=0
tenant-churn/tursodb-per-tenant/tenant-churn t=10 c=50 rps=- run=3: 528/1000000 ok=528 err=0
tenant-churn/tursodb-per-tenant/tenant-churn t=10 c=50 rps=- run=3: 1233/1000000 ok=1233 err=0
tenant-churn/tursodb-per-tenant/tenant-churn t=10 c=50 rps=- run=3: 1968/1000000 ok=1968 err=0
tenant-churn/tursodb-per-tenant/tenant-churn t=10 c=50 rps=- run=3: 2668/1000000 ok=2668 err=0
tenant-churn/tursodb-per-tenant/tenant-churn t=10 c=50 rps=- run=3: 3392/1000000 ok=3392 err=0
tenant-churn/tursodb-per-tenant/tenant-churn t=10 c=50 rps=- run=3: 4115/1000000 ok=4115 err=0
tenant-churn/tursodb-per-tenant/tenant-churn t=10 c=50 rps=- run=3: 4873/1000000 ok=4873 err=0
tenant-churn/tursodb-per-tenant/tenant-churn t=10 c=50 rps=- run=3: 5575/1000000 ok=5575 err=0
tenant-churn/tursodb-per-tenant/tenant-churn t=10 c=50 rps=- run=3: 6273/1000000 ok=6273 err=0
tenant-churn/tursodb-per-tenant/tenant-churn t=10 c=50 rps=- run=3: 7023/1000000 ok=7023 err=0
tenant-churn/tursodb-per-tenant/tenant-churn t=10 c=50 rps=- run=3: 7717/1000000 ok=7717 err=0
tenant-churn/tursodb-per-tenant/tenant-churn t=10 c=50 rps=- run=3: 8450/1000000 ok=8450 err=0
tenant-churn/tursodb-per-tenant/tenant-churn t=10 c=50 rps=- run=3: 9188/1000000 ok=9188 err=0
tenant-churn/tursodb-per-tenant/tenant-churn t=10 c=50 rps=- run=3: 9964/1000000 ok=9964 err=0
tenant-churn/tursodb-per-tenant/tenant-churn t=10 c=50 rps=- run=3: 10630/1000000 ok=10630 err=0
tenant-churn/tursodb-per-tenant/tenant-churn t=10 c=50 rps=- run=3: 10630/1000000 ok=10630 err=0
tenant-churn/d1-per-tenant/tenant-churn t=10 c=50 rps=- run=3: 606/1000000 ok=606 err=0
tenant-churn/d1-per-tenant/tenant-churn t=10 c=50 rps=- run=3: 1167/1000000 ok=1167 err=0
tenant-churn/d1-per-tenant/tenant-churn t=10 c=50 rps=- run=3: 1737/1000000 ok=1737 err=0
tenant-churn/d1-per-tenant/tenant-churn t=10 c=50 rps=- run=3: 2263/1000000 ok=2263 err=0
tenant-churn/d1-per-tenant/tenant-churn t=10 c=50 rps=- run=3: 2912/1000000 ok=2912 err=0
tenant-churn/d1-per-tenant/tenant-churn t=10 c=50 rps=- run=3: 3545/1000000 ok=3545 err=0
tenant-churn/d1-per-tenant/tenant-churn t=10 c=50 rps=- run=3: 4141/1000000 ok=4141 err=0
tenant-churn/d1-per-tenant/tenant-churn t=10 c=50 rps=- run=3: 4725/1000000 ok=4725 err=0
tenant-churn/d1-per-tenant/tenant-churn t=10 c=50 rps=- run=3: 5293/1000000 ok=5293 err=0
tenant-churn/d1-per-tenant/tenant-churn t=10 c=50 rps=- run=3: 5932/1000000 ok=5932 err=0
tenant-churn/d1-per-tenant/tenant-churn t=10 c=50 rps=- run=3: 6450/1000000 ok=6450 err=0
tenant-churn/d1-per-tenant/tenant-churn t=10 c=50 rps=- run=3: 7100/1000000 ok=7100 err=0
tenant-churn/d1-per-tenant/tenant-churn t=10 c=50 rps=- run=3: 7702/1000000 ok=7702 err=0
tenant-churn/d1-per-tenant/tenant-churn t=10 c=50 rps=- run=3: 8260/1000000 ok=8260 err=0
tenant-churn/d1-per-tenant/tenant-churn t=10 c=50 rps=- run=3: 8859/1000000 ok=8859 err=0
tenant-churn/d1-per-tenant/tenant-churn t=10 c=50 rps=- run=3: 8876/1000000 ok=8876 err=0
tenant-churn/turso-per-tenant/tenant-churn t=10 c=50 rps=- run=3: 560/1000000 ok=560 err=0
tenant-churn/turso-per-tenant/tenant-churn t=10 c=50 rps=- run=3: 1266/1000000 ok=1266 err=0
tenant-churn/turso-per-tenant/tenant-churn t=10 c=50 rps=- run=3: 2022/1000000 ok=2022 err=0
tenant-churn/turso-per-tenant/tenant-churn t=10 c=50 rps=- run=3: 2754/1000000 ok=2754 err=0
tenant-churn/turso-per-tenant/tenant-churn t=10 c=50 rps=- run=3: 3498/1000000 ok=3498 err=0
tenant-churn/turso-per-tenant/tenant-churn t=10 c=50 rps=- run=3: 4228/1000000 ok=4228 err=0
tenant-churn/turso-per-tenant/tenant-churn t=10 c=50 rps=- run=3: 4908/1000000 ok=4908 err=0
tenant-churn/turso-per-tenant/tenant-churn t=10 c=50 rps=- run=3: 5640/1000000 ok=5640 err=0
tenant-churn/turso-per-tenant/tenant-churn t=10 c=50 rps=- run=3: 6282/1000000 ok=6282 err=0
tenant-churn/turso-per-tenant/tenant-churn t=10 c=50 rps=- run=3: 6976/1000000 ok=6976 err=0
tenant-churn/turso-per-tenant/tenant-churn t=10 c=50 rps=- run=3: 7711/1000000 ok=7711 err=0
tenant-churn/turso-per-tenant/tenant-churn t=10 c=50 rps=- run=3: 8453/1000000 ok=8453 err=0
tenant-churn/turso-per-tenant/tenant-churn t=10 c=50 rps=- run=3: 8939/1000000 ok=8939 err=0
tenant-churn/turso-per-tenant/tenant-churn t=10 c=50 rps=- run=3: 9653/1000000 ok=9653 err=0
tenant-churn/turso-per-tenant/tenant-churn t=10 c=50 rps=- run=3: 10353/1000000 ok=10353 err=0
tenant-churn/tursodb-per-tenant/tenant-churn t=30 c=50 rps=- run=3: 267/1000000 ok=267 err=0
tenant-churn/tursodb-per-tenant/tenant-churn t=30 c=50 rps=- run=3: 934/1000000 ok=934 err=0
tenant-churn/tursodb-per-tenant/tenant-churn t=30 c=50 rps=- run=3: 1563/1000000 ok=1563 err=0
tenant-churn/tursodb-per-tenant/tenant-churn t=30 c=50 rps=- run=3: 2261/1000000 ok=2261 err=0
tenant-churn/tursodb-per-tenant/tenant-churn t=30 c=50 rps=- run=3: 2958/1000000 ok=2958 err=0
tenant-churn/tursodb-per-tenant/tenant-churn t=30 c=50 rps=- run=3: 3639/1000000 ok=3639 err=0
tenant-churn/tursodb-per-tenant/tenant-churn t=30 c=50 rps=- run=3: 4408/1000000 ok=4408 err=0
tenant-churn/tursodb-per-tenant/tenant-churn t=30 c=50 rps=- run=3: 5129/1000000 ok=5129 err=0
tenant-churn/tursodb-per-tenant/tenant-churn t=30 c=50 rps=- run=3: 5835/1000000 ok=5835 err=0
tenant-churn/tursodb-per-tenant/tenant-churn t=30 c=50 rps=- run=3: 6587/1000000 ok=6587 err=0
tenant-churn/tursodb-per-tenant/tenant-churn t=30 c=50 rps=- run=3: 7302/1000000 ok=7302 err=0
tenant-churn/tursodb-per-tenant/tenant-churn t=30 c=50 rps=- run=3: 8074/1000000 ok=8074 err=0
tenant-churn/tursodb-per-tenant/tenant-churn t=30 c=50 rps=- run=3: 8817/1000000 ok=8817 err=0
tenant-churn/tursodb-per-tenant/tenant-churn t=30 c=50 rps=- run=3: 9426/1000000 ok=9426 err=0
tenant-churn/tursodb-per-tenant/tenant-churn t=30 c=50 rps=- run=3: 10053/1000000 ok=10053 err=0
tenant-churn/d1-per-tenant/tenant-churn t=30 c=50 rps=- run=3: 726/1000000 ok=726 err=0
tenant-churn/d1-per-tenant/tenant-churn t=30 c=50 rps=- run=3: 1447/1000000 ok=1447 err=0
tenant-churn/d1-per-tenant/tenant-churn t=30 c=50 rps=- run=3: 2149/1000000 ok=2149 err=0
tenant-churn/d1-per-tenant/tenant-churn t=30 c=50 rps=- run=3: 2909/1000000 ok=2909 err=0
tenant-churn/d1-per-tenant/tenant-churn t=30 c=50 rps=- run=3: 3694/1000000 ok=3694 err=0
tenant-churn/d1-per-tenant/tenant-churn t=30 c=50 rps=- run=3: 4488/1000000 ok=4488 err=0
tenant-churn/d1-per-tenant/tenant-churn t=30 c=50 rps=- run=3: 5203/1000000 ok=5203 err=0
tenant-churn/d1-per-tenant/tenant-churn t=30 c=50 rps=- run=3: 5957/1000000 ok=5957 err=0
tenant-churn/d1-per-tenant/tenant-churn t=30 c=50 rps=- run=3: 6638/1000000 ok=6638 err=0
tenant-churn/d1-per-tenant/tenant-churn t=30 c=50 rps=- run=3: 7459/1000000 ok=7459 err=0
tenant-churn/d1-per-tenant/tenant-churn t=30 c=50 rps=- run=3: 8289/1000000 ok=8289 err=0
tenant-churn/d1-per-tenant/tenant-churn t=30 c=50 rps=- run=3: 9057/1000000 ok=9057 err=0
tenant-churn/d1-per-tenant/tenant-churn t=30 c=50 rps=- run=3: 9854/1000000 ok=9854 err=0
tenant-churn/d1-per-tenant/tenant-churn t=30 c=50 rps=- run=3: 10612/1000000 ok=10612 err=0
tenant-churn/d1-per-tenant/tenant-churn t=30 c=50 rps=- run=3: 11322/1000000 ok=11322 err=0
tenant-churn/d1-per-tenant/tenant-churn t=30 c=50 rps=- run=3: 11356/1000000 ok=11356 err=0
tenant-churn/turso-per-tenant/tenant-churn t=30 c=50 rps=- run=3: 497/1000000 ok=497 err=0
tenant-churn/turso-per-tenant/tenant-churn t=30 c=50 rps=- run=3: 1224/1000000 ok=1224 err=0
tenant-churn/turso-per-tenant/tenant-churn t=30 c=50 rps=- run=3: 1773/1000000 ok=1773 err=0
tenant-churn/turso-per-tenant/tenant-churn t=30 c=50 rps=- run=3: 2457/1000000 ok=2457 err=0
tenant-churn/turso-per-tenant/tenant-churn t=30 c=50 rps=- run=3: 3077/1000000 ok=3077 err=0
tenant-churn/turso-per-tenant/tenant-churn t=30 c=50 rps=- run=3: 3786/1000000 ok=3786 err=0
tenant-churn/turso-per-tenant/tenant-churn t=30 c=50 rps=- run=3: 4531/1000000 ok=4531 err=0
tenant-churn/turso-per-tenant/tenant-churn t=30 c=50 rps=- run=3: 5222/1000000 ok=5222 err=0
tenant-churn/turso-per-tenant/tenant-churn t=30 c=50 rps=- run=3: 5939/1000000 ok=5939 err=0
tenant-churn/turso-per-tenant/tenant-churn t=30 c=50 rps=- run=3: 6395/1000000 ok=6395 err=0
tenant-churn/turso-per-tenant/tenant-churn t=30 c=50 rps=- run=3: 7078/1000000 ok=7078 err=0
tenant-churn/turso-per-tenant/tenant-churn t=30 c=50 rps=- run=3: 7757/1000000 ok=7757 err=0
tenant-churn/turso-per-tenant/tenant-churn t=30 c=50 rps=- run=3: 8484/1000000 ok=8484 err=0
tenant-churn/turso-per-tenant/tenant-churn t=30 c=50 rps=- run=3: 9266/1000000 ok=9266 err=0
tenant-churn/turso-per-tenant/tenant-churn t=30 c=50 rps=- run=3: 9968/1000000 ok=9968 err=0
tenant-churn/tursodb-per-tenant/tenant-churn t=10 c=50 rps=- run=3: 536/1000000 ok=536 err=0
tenant-churn/tursodb-per-tenant/tenant-churn t=10 c=50 rps=- run=3: 951/1000000 ok=951 err=0
tenant-churn/tursodb-per-tenant/tenant-churn t=10 c=50 rps=- run=3: 1677/1000000 ok=1677 err=0
tenant-churn/tursodb-per-tenant/tenant-churn t=10 c=50 rps=- run=3: 2415/1000000 ok=2415 err=0
tenant-churn/tursodb-per-tenant/tenant-churn t=10 c=50 rps=- run=3: 3135/1000000 ok=3135 err=0
tenant-churn/tursodb-per-tenant/tenant-churn t=10 c=50 rps=- run=3: 3818/1000000 ok=3818 err=0
tenant-churn/tursodb-per-tenant/tenant-churn t=10 c=50 rps=- run=3: 4477/1000000 ok=4477 err=0
tenant-churn/tursodb-per-tenant/tenant-churn t=10 c=50 rps=- run=3: 5232/1000000 ok=5232 err=0
tenant-churn/tursodb-per-tenant/tenant-churn t=10 c=50 rps=- run=3: 5988/1000000 ok=5988 err=0
tenant-churn/tursodb-per-tenant/tenant-churn t=10 c=50 rps=- run=3: 6639/1000000 ok=6639 err=0
tenant-churn/tursodb-per-tenant/tenant-churn t=10 c=50 rps=- run=3: 7370/1000000 ok=7370 err=0
tenant-churn/tursodb-per-tenant/tenant-churn t=10 c=50 rps=- run=3: 8137/1000000 ok=8137 err=0
tenant-churn/tursodb-per-tenant/tenant-churn t=10 c=50 rps=- run=3: 8873/1000000 ok=8873 err=0
tenant-churn/tursodb-per-tenant/tenant-churn t=10 c=50 rps=- run=3: 9608/1000000 ok=9608 err=0
tenant-churn/tursodb-per-tenant/tenant-churn t=10 c=50 rps=- run=3: 10354/1000000 ok=10354 err=0
tenant-churn/tursodb-per-tenant/tenant-churn t=10 c=50 rps=- run=3: 10355/1000000 ok=10355 err=0
tenant-churn/d1-per-tenant/tenant-churn t=10 c=50 rps=- run=3: 772/1000000 ok=772 err=0
tenant-churn/d1-per-tenant/tenant-churn t=10 c=50 rps=- run=3: 1573/1000000 ok=1573 err=0
tenant-churn/d1-per-tenant/tenant-churn t=10 c=50 rps=- run=3: 2379/1000000 ok=2379 err=0
tenant-churn/d1-per-tenant/tenant-churn t=10 c=50 rps=- run=3: 3145/1000000 ok=3145 err=0
tenant-churn/d1-per-tenant/tenant-churn t=10 c=50 rps=- run=3: 3940/1000000 ok=3940 err=0
tenant-churn/d1-per-tenant/tenant-churn t=10 c=50 rps=- run=3: 4692/1000000 ok=4692 err=0
tenant-churn/d1-per-tenant/tenant-churn t=10 c=50 rps=- run=3: 5462/1000000 ok=5462 err=0
tenant-churn/d1-per-tenant/tenant-churn t=10 c=50 rps=- run=3: 6158/1000000 ok=6158 err=0
tenant-churn/d1-per-tenant/tenant-churn t=10 c=50 rps=- run=3: 6878/1000000 ok=6878 err=0
tenant-churn/d1-per-tenant/tenant-churn t=10 c=50 rps=- run=3: 7683/1000000 ok=7683 err=0
tenant-churn/d1-per-tenant/tenant-churn t=10 c=50 rps=- run=3: 8479/1000000 ok=8479 err=0
tenant-churn/d1-per-tenant/tenant-churn t=10 c=50 rps=- run=3: 9276/1000000 ok=9276 err=0
tenant-churn/d1-per-tenant/tenant-churn t=10 c=50 rps=- run=3: 9972/1000000 ok=9972 err=0
tenant-churn/d1-per-tenant/tenant-churn t=10 c=50 rps=- run=3: 10707/1000000 ok=10707 err=0
tenant-churn/d1-per-tenant/tenant-churn t=10 c=50 rps=- run=3: 11511/1000000 ok=11511 err=0
tenant-churn/d1-per-tenant/tenant-churn t=10 c=50 rps=- run=3: 11550/1000000 ok=11550 err=0
tenant-churn/turso-per-tenant/tenant-churn t=10 c=50 rps=- run=3: 563/1000000 ok=563 err=0
tenant-churn/turso-per-tenant/tenant-churn t=10 c=50 rps=- run=3: 1301/1000000 ok=1301 err=0
tenant-churn/turso-per-tenant/tenant-churn t=10 c=50 rps=- run=3: 2057/1000000 ok=2057 err=0
tenant-churn/turso-per-tenant/tenant-churn t=10 c=50 rps=- run=3: 2649/1000000 ok=2649 err=0
tenant-churn/turso-per-tenant/tenant-churn t=10 c=50 rps=- run=3: 3383/1000000 ok=3383 err=0
tenant-churn/turso-per-tenant/tenant-churn t=10 c=50 rps=- run=3: 4135/1000000 ok=4135 err=0
tenant-churn/turso-per-tenant/tenant-churn t=10 c=50 rps=- run=3: 4862/1000000 ok=4862 err=0
tenant-churn/turso-per-tenant/tenant-churn t=10 c=50 rps=- run=3: 5551/1000000 ok=5551 err=0
tenant-churn/turso-per-tenant/tenant-churn t=10 c=50 rps=- run=3: 6307/1000000 ok=6307 err=0
tenant-churn/turso-per-tenant/tenant-churn t=10 c=50 rps=- run=3: 7002/1000000 ok=7002 err=0
tenant-churn/turso-per-tenant/tenant-churn t=10 c=50 rps=- run=3: 7749/1000000 ok=7749 err=0
tenant-churn/turso-per-tenant/tenant-churn t=10 c=50 rps=- run=3: 8488/1000000 ok=8488 err=0
tenant-churn/turso-per-tenant/tenant-churn t=10 c=50 rps=- run=3: 9210/1000000 ok=9210 err=0
tenant-churn/turso-per-tenant/tenant-churn t=10 c=50 rps=- run=3: 9895/1000000 ok=9895 err=0
tenant-churn/turso-per-tenant/tenant-churn t=10 c=50 rps=- run=3: 10632/1000000 ok=10632 err=0
tenant-churn/tursodb-per-tenant/tenant-churn t=30 c=50 rps=- run=3: 193/1000000 ok=193 err=0
tenant-churn/tursodb-per-tenant/tenant-churn t=30 c=50 rps=- run=3: 942/1000000 ok=942 err=0
tenant-churn/tursodb-per-tenant/tenant-churn t=30 c=50 rps=- run=3: 1658/1000000 ok=1658 err=0
tenant-churn/tursodb-per-tenant/tenant-churn t=30 c=50 rps=- run=3: 2284/1000000 ok=2284 err=0
tenant-churn/tursodb-per-tenant/tenant-churn t=30 c=50 rps=- run=3: 3006/1000000 ok=3006 err=0
tenant-churn/tursodb-per-tenant/tenant-churn t=30 c=50 rps=- run=3: 3746/1000000 ok=3746 err=0
tenant-churn/tursodb-per-tenant/tenant-churn t=30 c=50 rps=- run=3: 4433/1000000 ok=4433 err=0
tenant-churn/tursodb-per-tenant/tenant-churn t=30 c=50 rps=- run=3: 5180/1000000 ok=5180 err=0
tenant-churn/tursodb-per-tenant/tenant-churn t=30 c=50 rps=- run=3: 5785/1000000 ok=5785 err=0
tenant-churn/tursodb-per-tenant/tenant-churn t=30 c=50 rps=- run=3: 6418/1000000 ok=6418 err=0
tenant-churn/tursodb-per-tenant/tenant-churn t=30 c=50 rps=- run=3: 6995/1000000 ok=6995 err=0
tenant-churn/tursodb-per-tenant/tenant-churn t=30 c=50 rps=- run=3: 7754/1000000 ok=7754 err=0
tenant-churn/tursodb-per-tenant/tenant-churn t=30 c=50 rps=- run=3: 8520/1000000 ok=8520 err=0
tenant-churn/tursodb-per-tenant/tenant-churn t=30 c=50 rps=- run=3: 9275/1000000 ok=9275 err=0
tenant-churn/tursodb-per-tenant/tenant-churn t=30 c=50 rps=- run=3: 9953/1000000 ok=9953 err=0
tenant-churn/d1-per-tenant/tenant-churn t=30 c=50 rps=- run=3: 780/1000000 ok=780 err=0
tenant-churn/d1-per-tenant/tenant-churn t=30 c=50 rps=- run=3: 1493/1000000 ok=1493 err=0
tenant-churn/d1-per-tenant/tenant-churn t=30 c=50 rps=- run=3: 2249/1000000 ok=2249 err=0
tenant-churn/d1-per-tenant/tenant-churn t=30 c=50 rps=- run=3: 2948/1000000 ok=2948 err=0
tenant-churn/d1-per-tenant/tenant-churn t=30 c=50 rps=- run=3: 3519/1000000 ok=3519 err=0
tenant-churn/d1-per-tenant/tenant-churn t=30 c=50 rps=- run=3: 4171/1000000 ok=4171 err=0
tenant-churn/d1-per-tenant/tenant-churn t=30 c=50 rps=- run=3: 4874/1000000 ok=4874 err=0
tenant-churn/d1-per-tenant/tenant-churn t=30 c=50 rps=- run=3: 5685/1000000 ok=5685 err=0
tenant-churn/d1-per-tenant/tenant-churn t=30 c=50 rps=- run=3: 6467/1000000 ok=6467 err=0
tenant-churn/d1-per-tenant/tenant-churn t=30 c=50 rps=- run=3: 7278/1000000 ok=7278 err=0
tenant-churn/d1-per-tenant/tenant-churn t=30 c=50 rps=- run=3: 8013/1000000 ok=8013 err=0
tenant-churn/d1-per-tenant/tenant-churn t=30 c=50 rps=- run=3: 8773/1000000 ok=8773 err=0
tenant-churn/d1-per-tenant/tenant-churn t=30 c=50 rps=- run=3: 9504/1000000 ok=9504 err=0
tenant-churn/d1-per-tenant/tenant-churn t=30 c=50 rps=- run=3: 10308/1000000 ok=10308 err=0
tenant-churn/d1-per-tenant/tenant-churn t=30 c=50 rps=- run=3: 10832/1000000 ok=10832 err=0
tenant-churn/turso-per-tenant/tenant-churn t=30 c=50 rps=- run=3: 550/1000000 ok=550 err=0
tenant-churn/turso-per-tenant/tenant-churn t=30 c=50 rps=- run=3: 1155/1000000 ok=1155 err=0
tenant-churn/turso-per-tenant/tenant-churn t=30 c=50 rps=- run=3: 1792/1000000 ok=1792 err=0
tenant-churn/turso-per-tenant/tenant-churn t=30 c=50 rps=- run=3: 2552/1000000 ok=2552 err=0
tenant-churn/turso-per-tenant/tenant-churn t=30 c=50 rps=- run=3: 3303/1000000 ok=3303 err=0
tenant-churn/turso-per-tenant/tenant-churn t=30 c=50 rps=- run=3: 4042/1000000 ok=4042 err=0
tenant-churn/turso-per-tenant/tenant-churn t=30 c=50 rps=- run=3: 4791/1000000 ok=4791 err=0
tenant-churn/turso-per-tenant/tenant-churn t=30 c=50 rps=- run=3: 5501/1000000 ok=5501 err=0
tenant-churn/turso-per-tenant/tenant-churn t=30 c=50 rps=- run=3: 6238/1000000 ok=6238 err=0
tenant-churn/turso-per-tenant/tenant-churn t=30 c=50 rps=- run=3: 7007/1000000 ok=7007 err=0
tenant-churn/turso-per-tenant/tenant-churn t=30 c=50 rps=- run=3: 7759/1000000 ok=7759 err=0
tenant-churn/turso-per-tenant/tenant-churn t=30 c=50 rps=- run=3: 8482/1000000 ok=8482 err=0
tenant-churn/turso-per-tenant/tenant-churn t=30 c=50 rps=- run=3: 9193/1000000 ok=9193 err=0
tenant-churn/turso-per-tenant/tenant-churn t=30 c=50 rps=- run=3: 9918/1000000 ok=9918 err=0
tenant-churn/turso-per-tenant/tenant-churn t=30 c=50 rps=- run=3: 10535/1000000 ok=10535 err=0
tenant-churn/turso-per-tenant/tenant-churn t=30 c=50 rps=- run=3: 10541/1000000 ok=10541 err=0
saturation/tursodb-per-tenant/lms-balanced t=1 c=1000 rps=10 run=3: 15/1000000 ok=15 err=0
saturation/tursodb-per-tenant/lms-balanced t=1 c=1000 rps=10 run=3: 39/1000000 ok=39 err=0
saturation/tursodb-per-tenant/lms-balanced t=1 c=1000 rps=10 run=3: 59/1000000 ok=59 err=0
saturation/tursodb-per-tenant/lms-balanced t=1 c=1000 rps=10 run=3: 80/1000000 ok=79 err=1
saturation/tursodb-per-tenant/lms-balanced t=1 c=1000 rps=10 run=3: 100/1000000 ok=98 err=2
saturation/tursodb-per-tenant/lms-balanced t=1 c=1000 rps=10 run=3: 121/1000000 ok=119 err=2
saturation/tursodb-per-tenant/lms-balanced t=1 c=1000 rps=10 run=3: 142/1000000 ok=140 err=2
saturation/tursodb-per-tenant/lms-balanced t=1 c=1000 rps=10 run=3: 163/1000000 ok=161 err=2
saturation/tursodb-per-tenant/lms-balanced t=1 c=1000 rps=10 run=3: 184/1000000 ok=181 err=3
saturation/tursodb-per-tenant/lms-balanced t=1 c=1000 rps=10 run=3: 204/1000000 ok=201 err=3
saturation/tursodb-per-tenant/lms-balanced t=1 c=1000 rps=10 run=3: 224/1000000 ok=221 err=3
saturation/tursodb-per-tenant/lms-balanced t=1 c=1000 rps=10 run=3: 245/1000000 ok=242 err=3
saturation/tursodb-per-tenant/lms-balanced t=1 c=1000 rps=10 run=3: 265/1000000 ok=262 err=3
saturation/tursodb-per-tenant/lms-balanced t=1 c=1000 rps=10 run=3: 286/1000000 ok=283 err=3
saturation/tursodb-per-tenant/lms-balanced t=1 c=1000 rps=10 run=3: 300/1000000 ok=297 err=3
saturation/d1-per-tenant/lms-balanced t=1 c=1000 rps=10 run=3: 19/1000000 ok=19 err=0
saturation/d1-per-tenant/lms-balanced t=1 c=1000 rps=10 run=3: 40/1000000 ok=40 err=0
saturation/d1-per-tenant/lms-balanced t=1 c=1000 rps=10 run=3: 61/1000000 ok=61 err=0
saturation/d1-per-tenant/lms-balanced t=1 c=1000 rps=10 run=3: 81/1000000 ok=81 err=0
saturation/d1-per-tenant/lms-balanced t=1 c=1000 rps=10 run=3: 101/1000000 ok=101 err=0
saturation/d1-per-tenant/lms-balanced t=1 c=1000 rps=10 run=3: 122/1000000 ok=122 err=0
saturation/d1-per-tenant/lms-balanced t=1 c=1000 rps=10 run=3: 142/1000000 ok=142 err=0
saturation/d1-per-tenant/lms-balanced t=1 c=1000 rps=10 run=3: 163/1000000 ok=163 err=0
saturation/d1-per-tenant/lms-balanced t=1 c=1000 rps=10 run=3: 182/1000000 ok=182 err=0
saturation/d1-per-tenant/lms-balanced t=1 c=1000 rps=10 run=3: 205/1000000 ok=205 err=0
saturation/d1-per-tenant/lms-balanced t=1 c=1000 rps=10 run=3: 226/1000000 ok=226 err=0
saturation/d1-per-tenant/lms-balanced t=1 c=1000 rps=10 run=3: 246/1000000 ok=246 err=0
saturation/d1-per-tenant/lms-balanced t=1 c=1000 rps=10 run=3: 267/1000000 ok=267 err=0
saturation/d1-per-tenant/lms-balanced t=1 c=1000 rps=10 run=3: 288/1000000 ok=288 err=0
saturation/d1-per-tenant/lms-balanced t=1 c=1000 rps=10 run=3: 300/1000000 ok=300 err=0
saturation/turso-per-tenant/lms-balanced t=1 c=1000 rps=10 run=3: 15/1000000 ok=15 err=0
saturation/turso-per-tenant/lms-balanced t=1 c=1000 rps=10 run=3: 39/1000000 ok=39 err=0
saturation/turso-per-tenant/lms-balanced t=1 c=1000 rps=10 run=3: 59/1000000 ok=59 err=0
saturation/turso-per-tenant/lms-balanced t=1 c=1000 rps=10 run=3: 81/1000000 ok=81 err=0
saturation/turso-per-tenant/lms-balanced t=1 c=1000 rps=10 run=3: 102/1000000 ok=102 err=0
saturation/turso-per-tenant/lms-balanced t=1 c=1000 rps=10 run=3: 123/1000000 ok=123 err=0
saturation/turso-per-tenant/lms-balanced t=1 c=1000 rps=10 run=3: 145/1000000 ok=145 err=0
saturation/turso-per-tenant/lms-balanced t=1 c=1000 rps=10 run=3: 166/1000000 ok=166 err=0
saturation/turso-per-tenant/lms-balanced t=1 c=1000 rps=10 run=3: 187/1000000 ok=187 err=0
saturation/turso-per-tenant/lms-balanced t=1 c=1000 rps=10 run=3: 208/1000000 ok=208 err=0
saturation/turso-per-tenant/lms-balanced t=1 c=1000 rps=10 run=3: 229/1000000 ok=229 err=0
saturation/turso-per-tenant/lms-balanced t=1 c=1000 rps=10 run=3: 249/1000000 ok=249 err=0
saturation/turso-per-tenant/lms-balanced t=1 c=1000 rps=10 run=3: 270/1000000 ok=270 err=0
saturation/turso-per-tenant/lms-balanced t=1 c=1000 rps=10 run=3: 290/1000000 ok=290 err=0
saturation/turso-per-tenant/lms-balanced t=1 c=1000 rps=10 run=3: 300/1000000 ok=300 err=0
saturation/tursodb-per-tenant/lms-balanced t=1 c=1000 rps=25 run=3: 42/1000000 ok=42 err=0
saturation/tursodb-per-tenant/lms-balanced t=1 c=1000 rps=25 run=3: 96/1000000 ok=94 err=2
saturation/tursodb-per-tenant/lms-balanced t=1 c=1000 rps=25 run=3: 147/1000000 ok=145 err=2
saturation/tursodb-per-tenant/lms-balanced t=1 c=1000 rps=25 run=3: 196/1000000 ok=193 err=3
saturation/tursodb-per-tenant/lms-balanced t=1 c=1000 rps=25 run=3: 248/1000000 ok=245 err=3
saturation/tursodb-per-tenant/lms-balanced t=1 c=1000 rps=25 run=3: 297/1000000 ok=294 err=3
saturation/tursodb-per-tenant/lms-balanced t=1 c=1000 rps=25 run=3: 349/1000000 ok=346 err=3
saturation/tursodb-per-tenant/lms-balanced t=1 c=1000 rps=25 run=3: 400/1000000 ok=397 err=3
saturation/tursodb-per-tenant/lms-balanced t=1 c=1000 rps=25 run=3: 453/1000000 ok=449 err=4
saturation/tursodb-per-tenant/lms-balanced t=1 c=1000 rps=25 run=3: 505/1000000 ok=501 err=4
saturation/tursodb-per-tenant/lms-balanced t=1 c=1000 rps=25 run=3: 558/1000000 ok=553 err=5
saturation/tursodb-per-tenant/lms-balanced t=1 c=1000 rps=25 run=3: 609/1000000 ok=603 err=6
saturation/tursodb-per-tenant/lms-balanced t=1 c=1000 rps=25 run=3: 658/1000000 ok=652 err=6
saturation/tursodb-per-tenant/lms-balanced t=1 c=1000 rps=25 run=3: 703/1000000 ok=696 err=7
saturation/tursodb-per-tenant/lms-balanced t=1 c=1000 rps=25 run=3: 746/1000000 ok=739 err=7
saturation/tursodb-per-tenant/lms-balanced t=1 c=1000 rps=25 run=3: 750/1000000 ok=743 err=7
saturation/d1-per-tenant/lms-balanced t=1 c=1000 rps=25 run=3: 44/1000000 ok=44 err=0
saturation/d1-per-tenant/lms-balanced t=1 c=1000 rps=25 run=3: 95/1000000 ok=95 err=0
saturation/d1-per-tenant/lms-balanced t=1 c=1000 rps=25 run=3: 146/1000000 ok=146 err=0
saturation/d1-per-tenant/lms-balanced t=1 c=1000 rps=25 run=3: 196/1000000 ok=196 err=0
saturation/d1-per-tenant/lms-balanced t=1 c=1000 rps=25 run=3: 239/1000000 ok=239 err=0
saturation/d1-per-tenant/lms-balanced t=1 c=1000 rps=25 run=3: 300/1000000 ok=300 err=0
saturation/d1-per-tenant/lms-balanced t=1 c=1000 rps=25 run=3: 350/1000000 ok=350 err=0
saturation/d1-per-tenant/lms-balanced t=1 c=1000 rps=25 run=3: 400/1000000 ok=400 err=0
saturation/d1-per-tenant/lms-balanced t=1 c=1000 rps=25 run=3: 452/1000000 ok=452 err=0
saturation/d1-per-tenant/lms-balanced t=1 c=1000 rps=25 run=3: 502/1000000 ok=502 err=0
saturation/d1-per-tenant/lms-balanced t=1 c=1000 rps=25 run=3: 551/1000000 ok=551 err=0
saturation/d1-per-tenant/lms-balanced t=1 c=1000 rps=25 run=3: 601/1000000 ok=601 err=0
saturation/d1-per-tenant/lms-balanced t=1 c=1000 rps=25 run=3: 653/1000000 ok=653 err=0
saturation/d1-per-tenant/lms-balanced t=1 c=1000 rps=25 run=3: 702/1000000 ok=702 err=0
saturation/d1-per-tenant/lms-balanced t=1 c=1000 rps=25 run=3: 750/1000000 ok=750 err=0
saturation/turso-per-tenant/lms-balanced t=1 c=1000 rps=25 run=3: 37/1000000 ok=37 err=0
saturation/turso-per-tenant/lms-balanced t=1 c=1000 rps=25 run=3: 82/1000000 ok=82 err=0
saturation/turso-per-tenant/lms-balanced t=1 c=1000 rps=25 run=3: 131/1000000 ok=131 err=0
saturation/turso-per-tenant/lms-balanced t=1 c=1000 rps=25 run=3: 177/1000000 ok=177 err=0
saturation/turso-per-tenant/lms-balanced t=1 c=1000 rps=25 run=3: 235/1000000 ok=235 err=0
saturation/turso-per-tenant/lms-balanced t=1 c=1000 rps=25 run=3: 297/1000000 ok=297 err=0
saturation/turso-per-tenant/lms-balanced t=1 c=1000 rps=25 run=3: 338/1000000 ok=338 err=0
saturation/turso-per-tenant/lms-balanced t=1 c=1000 rps=25 run=3: 387/1000000 ok=387 err=0
saturation/turso-per-tenant/lms-balanced t=1 c=1000 rps=25 run=3: 436/1000000 ok=436 err=0
saturation/turso-per-tenant/lms-balanced t=1 c=1000 rps=25 run=3: 489/1000000 ok=489 err=0
saturation/turso-per-tenant/lms-balanced t=1 c=1000 rps=25 run=3: 540/1000000 ok=540 err=0
saturation/turso-per-tenant/lms-balanced t=1 c=1000 rps=25 run=3: 589/1000000 ok=589 err=0
saturation/turso-per-tenant/lms-balanced t=1 c=1000 rps=25 run=3: 643/1000000 ok=643 err=0
saturation/turso-per-tenant/lms-balanced t=1 c=1000 rps=25 run=3: 695/1000000 ok=695 err=0
saturation/turso-per-tenant/lms-balanced t=1 c=1000 rps=25 run=3: 746/1000000 ok=746 err=0
saturation/turso-per-tenant/lms-balanced t=1 c=1000 rps=25 run=3: 750/1000000 ok=750 err=0
saturation/tursodb-per-tenant/lms-balanced t=1 c=1000 rps=50 run=3: 73/1000000 ok=73 err=0
saturation/tursodb-per-tenant/lms-balanced t=1 c=1000 rps=50 run=3: 174/1000000 ok=172 err=2
saturation/tursodb-per-tenant/lms-balanced t=1 c=1000 rps=50 run=3: 276/1000000 ok=273 err=3
saturation/tursodb-per-tenant/lms-balanced t=1 c=1000 rps=50 run=3: 351/1000000 ok=348 err=3
saturation/tursodb-per-tenant/lms-balanced t=1 c=1000 rps=50 run=3: 504/1000000 ok=500 err=4
saturation/tursodb-per-tenant/lms-balanced t=1 c=1000 rps=50 run=3: 600/1000000 ok=594 err=6
saturation/tursodb-per-tenant/lms-balanced t=1 c=1000 rps=50 run=3: 712/1000000 ok=705 err=7
saturation/tursodb-per-tenant/lms-balanced t=1 c=1000 rps=50 run=3: 804/1000000 ok=796 err=8
saturation/tursodb-per-tenant/lms-balanced t=1 c=1000 rps=50 run=3: 914/1000000 ok=904 err=10
saturation/tursodb-per-tenant/lms-balanced t=1 c=1000 rps=50 run=3: 1012/1000000 ok=1002 err=10
saturation/tursodb-per-tenant/lms-balanced t=1 c=1000 rps=50 run=3: 1113/1000000 ok=1102 err=11
saturation/tursodb-per-tenant/lms-balanced t=1 c=1000 rps=50 run=3: 1212/1000000 ok=1200 err=12
saturation/tursodb-per-tenant/lms-balanced t=1 c=1000 rps=50 run=3: 1315/1000000 ok=1303 err=12
saturation/tursodb-per-tenant/lms-balanced t=1 c=1000 rps=50 run=3: 1420/1000000 ok=1405 err=15
saturation/tursodb-per-tenant/lms-balanced t=1 c=1000 rps=50 run=3: 1500/1000000 ok=1485 err=15
saturation/d1-per-tenant/lms-balanced t=1 c=1000 rps=50 run=3: 81/1000000 ok=81 err=0
saturation/d1-per-tenant/lms-balanced t=1 c=1000 rps=50 run=3: 183/1000000 ok=183 err=0
saturation/d1-per-tenant/lms-balanced t=1 c=1000 rps=50 run=3: 287/1000000 ok=287 err=0
saturation/d1-per-tenant/lms-balanced t=1 c=1000 rps=50 run=3: 388/1000000 ok=388 err=0
saturation/d1-per-tenant/lms-balanced t=1 c=1000 rps=50 run=3: 490/1000000 ok=490 err=0
saturation/d1-per-tenant/lms-balanced t=1 c=1000 rps=50 run=3: 594/1000000 ok=594 err=0
saturation/d1-per-tenant/lms-balanced t=1 c=1000 rps=50 run=3: 685/1000000 ok=685 err=0
saturation/d1-per-tenant/lms-balanced t=1 c=1000 rps=50 run=3: 800/1000000 ok=800 err=0
saturation/d1-per-tenant/lms-balanced t=1 c=1000 rps=50 run=3: 883/1000000 ok=883 err=0
saturation/d1-per-tenant/lms-balanced t=1 c=1000 rps=50 run=3: 999/1000000 ok=999 err=0
saturation/d1-per-tenant/lms-balanced t=1 c=1000 rps=50 run=3: 1103/1000000 ok=1103 err=0
saturation/d1-per-tenant/lms-balanced t=1 c=1000 rps=50 run=3: 1200/1000000 ok=1200 err=0
saturation/d1-per-tenant/lms-balanced t=1 c=1000 rps=50 run=3: 1308/1000000 ok=1308 err=0
saturation/d1-per-tenant/lms-balanced t=1 c=1000 rps=50 run=3: 1410/1000000 ok=1410 err=0
saturation/d1-per-tenant/lms-balanced t=1 c=1000 rps=50 run=3: 1500/1000000 ok=1500 err=0
saturation/turso-per-tenant/lms-balanced t=1 c=1000 rps=50 run=3: 86/1000000 ok=86 err=0
saturation/turso-per-tenant/lms-balanced t=1 c=1000 rps=50 run=3: 189/1000000 ok=189 err=0
saturation/turso-per-tenant/lms-balanced t=1 c=1000 rps=50 run=3: 291/1000000 ok=291 err=0
saturation/turso-per-tenant/lms-balanced t=1 c=1000 rps=50 run=3: 392/1000000 ok=392 err=0
saturation/turso-per-tenant/lms-balanced t=1 c=1000 rps=50 run=3: 491/1000000 ok=491 err=0
saturation/turso-per-tenant/lms-balanced t=1 c=1000 rps=50 run=3: 593/1000000 ok=593 err=0
saturation/turso-per-tenant/lms-balanced t=1 c=1000 rps=50 run=3: 692/1000000 ok=692 err=0
saturation/turso-per-tenant/lms-balanced t=1 c=1000 rps=50 run=3: 793/1000000 ok=793 err=0
saturation/turso-per-tenant/lms-balanced t=1 c=1000 rps=50 run=3: 894/1000000 ok=894 err=0
saturation/turso-per-tenant/lms-balanced t=1 c=1000 rps=50 run=3: 996/1000000 ok=996 err=0
saturation/turso-per-tenant/lms-balanced t=1 c=1000 rps=50 run=3: 1096/1000000 ok=1096 err=0
saturation/turso-per-tenant/lms-balanced t=1 c=1000 rps=50 run=3: 1197/1000000 ok=1197 err=0
saturation/turso-per-tenant/lms-balanced t=1 c=1000 rps=50 run=3: 1298/1000000 ok=1298 err=0
saturation/turso-per-tenant/lms-balanced t=1 c=1000 rps=50 run=3: 1398/1000000 ok=1398 err=0
saturation/turso-per-tenant/lms-balanced t=1 c=1000 rps=50 run=3: 1498/1000000 ok=1498 err=0
saturation/turso-per-tenant/lms-balanced t=1 c=1000 rps=50 run=3: 1500/1000000 ok=1500 err=0
saturation/tursodb-per-tenant/lms-balanced t=1 c=1000 rps=100 run=3: 175/1000000 ok=172 err=3
saturation/tursodb-per-tenant/lms-balanced t=1 c=1000 rps=100 run=3: 373/1000000 ok=370 err=3
saturation/tursodb-per-tenant/lms-balanced t=1 c=1000 rps=100 run=3: 574/1000000 ok=568 err=6
saturation/tursodb-per-tenant/lms-balanced t=1 c=1000 rps=100 run=3: 770/1000000 ok=762 err=8
saturation/tursodb-per-tenant/lms-balanced t=1 c=1000 rps=100 run=3: 981/1000000 ok=971 err=10
saturation/tursodb-per-tenant/lms-balanced t=1 c=1000 rps=100 run=3: 1180/1000000 ok=1168 err=12
saturation/tursodb-per-tenant/lms-balanced t=1 c=1000 rps=100 run=3: 1381/1000000 ok=1366 err=15
saturation/tursodb-per-tenant/lms-balanced t=1 c=1000 rps=100 run=3: 1583/1000000 ok=1566 err=17
saturation/tursodb-per-tenant/lms-balanced t=1 c=1000 rps=100 run=3: 1781/1000000 ok=1762 err=19
saturation/tursodb-per-tenant/lms-balanced t=1 c=1000 rps=100 run=3: 1984/1000000 ok=1964 err=20
saturation/tursodb-per-tenant/lms-balanced t=1 c=1000 rps=100 run=3: 2186/1000000 ok=2162 err=24
saturation/tursodb-per-tenant/lms-balanced t=1 c=1000 rps=100 run=3: 2376/1000000 ok=2349 err=27
saturation/tursodb-per-tenant/lms-balanced t=1 c=1000 rps=100 run=3: 2588/1000000 ok=2558 err=30
saturation/tursodb-per-tenant/lms-balanced t=1 c=1000 rps=100 run=3: 2776/1000000 ok=2744 err=32
saturation/tursodb-per-tenant/lms-balanced t=1 c=1000 rps=100 run=3: 2980/1000000 ok=2945 err=35
saturation/tursodb-per-tenant/lms-balanced t=1 c=1000 rps=100 run=3: 3000/1000000 ok=2965 err=35
saturation/d1-per-tenant/lms-balanced t=1 c=1000 rps=100 run=3: 153/1000000 ok=153 err=0
saturation/d1-per-tenant/lms-balanced t=1 c=1000 rps=100 run=3: 303/1000000 ok=303 err=0
saturation/d1-per-tenant/lms-balanced t=1 c=1000 rps=100 run=3: 539/1000000 ok=539 err=0
saturation/d1-per-tenant/lms-balanced t=1 c=1000 rps=100 run=3: 769/1000000 ok=769 err=0
saturation/d1-per-tenant/lms-balanced t=1 c=1000 rps=100 run=3: 969/1000000 ok=969 err=0
saturation/d1-per-tenant/lms-balanced t=1 c=1000 rps=100 run=3: 1167/1000000 ok=1167 err=0
saturation/d1-per-tenant/lms-balanced t=1 c=1000 rps=100 run=3: 1372/1000000 ok=1372 err=0
saturation/d1-per-tenant/lms-balanced t=1 c=1000 rps=100 run=3: 1585/1000000 ok=1585 err=0
saturation/d1-per-tenant/lms-balanced t=1 c=1000 rps=100 run=3: 1782/1000000 ok=1782 err=0
saturation/d1-per-tenant/lms-balanced t=1 c=1000 rps=100 run=3: 1971/1000000 ok=1971 err=0
saturation/d1-per-tenant/lms-balanced t=1 c=1000 rps=100 run=3: 2190/1000000 ok=2190 err=0
saturation/d1-per-tenant/lms-balanced t=1 c=1000 rps=100 run=3: 2388/1000000 ok=2388 err=0
saturation/d1-per-tenant/lms-balanced t=1 c=1000 rps=100 run=3: 2591/1000000 ok=2591 err=0
saturation/d1-per-tenant/lms-balanced t=1 c=1000 rps=100 run=3: 2803/1000000 ok=2803 err=0
saturation/d1-per-tenant/lms-balanced t=1 c=1000 rps=100 run=3: 3000/1000000 ok=3000 err=0
saturation/turso-per-tenant/lms-balanced t=1 c=1000 rps=100 run=3: 173/1000000 ok=173 err=0
saturation/turso-per-tenant/lms-balanced t=1 c=1000 rps=100 run=3: 374/1000000 ok=374 err=0
saturation/turso-per-tenant/lms-balanced t=1 c=1000 rps=100 run=3: 571/1000000 ok=571 err=0
saturation/turso-per-tenant/lms-balanced t=1 c=1000 rps=100 run=3: 775/1000000 ok=775 err=0
saturation/turso-per-tenant/lms-balanced t=1 c=1000 rps=100 run=3: 976/1000000 ok=976 err=0
saturation/turso-per-tenant/lms-balanced t=1 c=1000 rps=100 run=3: 1175/1000000 ok=1175 err=0
saturation/turso-per-tenant/lms-balanced t=1 c=1000 rps=100 run=3: 1374/1000000 ok=1374 err=0
saturation/turso-per-tenant/lms-balanced t=1 c=1000 rps=100 run=3: 1578/1000000 ok=1578 err=0
saturation/turso-per-tenant/lms-balanced t=1 c=1000 rps=100 run=3: 1776/1000000 ok=1776 err=0
saturation/turso-per-tenant/lms-balanced t=1 c=1000 rps=100 run=3: 1976/1000000 ok=1976 err=0
saturation/turso-per-tenant/lms-balanced t=1 c=1000 rps=100 run=3: 2179/1000000 ok=2179 err=0
saturation/turso-per-tenant/lms-balanced t=1 c=1000 rps=100 run=3: 2379/1000000 ok=2379 err=0
saturation/turso-per-tenant/lms-balanced t=1 c=1000 rps=100 run=3: 2578/1000000 ok=2578 err=0
saturation/turso-per-tenant/lms-balanced t=1 c=1000 rps=100 run=3: 2781/1000000 ok=2781 err=0
saturation/turso-per-tenant/lms-balanced t=1 c=1000 rps=100 run=3: 2979/1000000 ok=2979 err=0
saturation/turso-per-tenant/lms-balanced t=1 c=1000 rps=100 run=3: 3000/1000000 ok=3000 err=0
saturation/tursodb-per-tenant/lms-balanced t=1 c=1000 rps=200 run=3: 247/1000000 ok=245 err=2
saturation/tursodb-per-tenant/lms-balanced t=1 c=1000 rps=200 run=3: 601/1000000 ok=598 err=3
saturation/tursodb-per-tenant/lms-balanced t=1 c=1000 rps=200 run=3: 934/1000000 ok=930 err=4
saturation/tursodb-per-tenant/lms-balanced t=1 c=1000 rps=200 run=3: 1254/1000000 ok=1241 err=13
saturation/tursodb-per-tenant/lms-balanced t=1 c=1000 rps=200 run=3: 1564/1000000 ok=1501 err=63
saturation/tursodb-per-tenant/lms-balanced t=1 c=1000 rps=200 run=3: 1918/1000000 ok=1794 err=124
saturation/tursodb-per-tenant/lms-balanced t=1 c=1000 rps=200 run=3: 2268/1000000 ok=2083 err=185
saturation/tursodb-per-tenant/lms-balanced t=1 c=1000 rps=200 run=3: 2640/1000000 ok=2394 err=246
saturation/tursodb-per-tenant/lms-balanced t=1 c=1000 rps=200 run=3: 2991/1000000 ok=2682 err=309
saturation/tursodb-per-tenant/lms-balanced t=1 c=1000 rps=200 run=3: 3344/1000000 ok=2967 err=377
saturation/tursodb-per-tenant/lms-balanced t=1 c=1000 rps=200 run=3: 3751/1000000 ok=3306 err=445
saturation/tursodb-per-tenant/lms-balanced t=1 c=1000 rps=200 run=3: 4173/1000000 ok=3665 err=508
saturation/tursodb-per-tenant/lms-balanced t=1 c=1000 rps=200 run=3: 4585/1000000 ok=4008 err=577
saturation/tursodb-per-tenant/lms-balanced t=1 c=1000 rps=200 run=3: 4975/1000000 ok=4336 err=639
saturation/tursodb-per-tenant/lms-balanced t=1 c=1000 rps=200 run=3: 5361/1000000 ok=4656 err=705
saturation/tursodb-per-tenant/lms-balanced t=1 c=1000 rps=200 run=3: 5751/1000000 ok=4973 err=778
saturation/tursodb-per-tenant/lms-balanced t=1 c=1000 rps=200 run=3: 5975/1000000 ok=5136 err=839
saturation/tursodb-per-tenant/lms-balanced t=1 c=1000 rps=200 run=3: 6000/1000000 ok=5136 err=864
saturation/d1-per-tenant/lms-balanced t=1 c=1000 rps=200 run=3: 141/1000000 ok=139 err=2
saturation/d1-per-tenant/lms-balanced t=1 c=1000 rps=200 run=3: 432/1000000 ok=430 err=2
saturation/d1-per-tenant/lms-balanced t=1 c=1000 rps=200 run=3: 670/1000000 ok=668 err=2
saturation/d1-per-tenant/lms-balanced t=1 c=1000 rps=200 run=3: 938/1000000 ok=936 err=2
saturation/d1-per-tenant/lms-balanced t=1 c=1000 rps=200 run=3: 1269/1000000 ok=1230 err=39
saturation/d1-per-tenant/lms-balanced t=1 c=1000 rps=200 run=3: 1634/1000000 ok=1331 err=303
saturation/d1-per-tenant/lms-balanced t=1 c=1000 rps=200 run=3: 2021/1000000 ok=1356 err=665
saturation/d1-per-tenant/lms-balanced t=1 c=1000 rps=200 run=3: 2422/1000000 ok=1360 err=1062
saturation/d1-per-tenant/lms-balanced t=1 c=1000 rps=200 run=3: 2822/1000000 ok=1360 err=1462
saturation/d1-per-tenant/lms-balanced t=1 c=1000 rps=200 run=3: 3222/1000000 ok=1360 err=1862
saturation/d1-per-tenant/lms-balanced t=1 c=1000 rps=200 run=3: 3623/1000000 ok=1360 err=2263
saturation/d1-per-tenant/lms-balanced t=1 c=1000 rps=200 run=3: 4021/1000000 ok=1360 err=2661
saturation/d1-per-tenant/lms-balanced t=1 c=1000 rps=200 run=3: 4425/1000000 ok=1372 err=3053
saturation/d1-per-tenant/lms-balanced t=1 c=1000 rps=200 run=3: 4821/1000000 ok=1372 err=3449
saturation/d1-per-tenant/lms-balanced t=1 c=1000 rps=200 run=3: 5222/1000000 ok=1372 err=3850
saturation/d1-per-tenant/lms-balanced t=1 c=1000 rps=200 run=3: 5622/1000000 ok=1372 err=4250
saturation/d1-per-tenant/lms-balanced t=1 c=1000 rps=200 run=3: 5995/1000000 ok=1372 err=4623
saturation/turso-per-tenant/lms-balanced t=1 c=1000 rps=200 run=3: 320/1000000 ok=320 err=0
saturation/turso-per-tenant/lms-balanced t=1 c=1000 rps=200 run=3: 744/1000000 ok=744 err=0
saturation/turso-per-tenant/lms-balanced t=1 c=1000 rps=200 run=3: 1148/1000000 ok=1148 err=0
saturation/turso-per-tenant/lms-balanced t=1 c=1000 rps=200 run=3: 1546/1000000 ok=1546 err=0
saturation/turso-per-tenant/lms-balanced t=1 c=1000 rps=200 run=3: 1947/1000000 ok=1947 err=0
saturation/turso-per-tenant/lms-balanced t=1 c=1000 rps=200 run=3: 2347/1000000 ok=2347 err=0
saturation/turso-per-tenant/lms-balanced t=1 c=1000 rps=200 run=3: 2714/1000000 ok=2714 err=0
saturation/turso-per-tenant/lms-balanced t=1 c=1000 rps=200 run=3: 3154/1000000 ok=3154 err=0
saturation/turso-per-tenant/lms-balanced t=1 c=1000 rps=200 run=3: 3554/1000000 ok=3554 err=0
saturation/turso-per-tenant/lms-balanced t=1 c=1000 rps=200 run=3: 3942/1000000 ok=3942 err=0
saturation/turso-per-tenant/lms-balanced t=1 c=1000 rps=200 run=3: 4355/1000000 ok=4355 err=0
saturation/turso-per-tenant/lms-balanced t=1 c=1000 rps=200 run=3: 4751/1000000 ok=4751 err=0
saturation/turso-per-tenant/lms-balanced t=1 c=1000 rps=200 run=3: 5154/1000000 ok=5154 err=0
saturation/turso-per-tenant/lms-balanced t=1 c=1000 rps=200 run=3: 5560/1000000 ok=5560 err=0
saturation/turso-per-tenant/lms-balanced t=1 c=1000 rps=200 run=3: 5955/1000000 ok=5955 err=0
saturation/turso-per-tenant/lms-balanced t=1 c=1000 rps=200 run=3: 6000/1000000 ok=6000 err=0
saturation/tursodb-per-tenant/lms-balanced t=1 c=1000 rps=500 run=3: 239/1000000 ok=237 err=2
saturation/tursodb-per-tenant/lms-balanced t=1 c=1000 rps=500 run=3: 618/1000000 ok=616 err=2
saturation/tursodb-per-tenant/lms-balanced t=1 c=1000 rps=500 run=3: 988/1000000 ok=950 err=38
saturation/tursodb-per-tenant/lms-balanced t=1 c=1000 rps=500 run=3: 1498/1000000 ok=1209 err=289
saturation/tursodb-per-tenant/lms-balanced t=1 c=1000 rps=500 run=3: 1901/1000000 ok=1456 err=445
saturation/tursodb-per-tenant/lms-balanced t=1 c=1000 rps=500 run=3: 2348/1000000 ok=1754 err=594
saturation/tursodb-per-tenant/lms-balanced t=1 c=1000 rps=500 run=3: 2760/1000000 ok=1992 err=768
saturation/tursodb-per-tenant/lms-balanced t=1 c=1000 rps=500 run=3: 3192/1000000 ok=2237 err=955
saturation/tursodb-per-tenant/lms-balanced t=1 c=1000 rps=500 run=3: 3621/1000000 ok=2480 err=1141
saturation/tursodb-per-tenant/lms-balanced t=1 c=1000 rps=500 run=3: 4074/1000000 ok=2784 err=1290
saturation/tursodb-per-tenant/lms-balanced t=1 c=1000 rps=500 run=3: 4493/1000000 ok=3093 err=1400
saturation/tursodb-per-tenant/lms-balanced t=1 c=1000 rps=500 run=3: 4961/1000000 ok=3456 err=1505
saturation/tursodb-per-tenant/lms-balanced t=1 c=1000 rps=500 run=3: 5405/1000000 ok=3804 err=1601
saturation/tursodb-per-tenant/lms-balanced t=1 c=1000 rps=500 run=3: 5869/1000000 ok=4160 err=1709
saturation/tursodb-per-tenant/lms-balanced t=1 c=1000 rps=500 run=3: 6316/1000000 ok=4503 err=1813
saturation/tursodb-per-tenant/lms-balanced t=1 c=1000 rps=500 run=3: 6804/1000000 ok=4891 err=1913
saturation/tursodb-per-tenant/lms-balanced t=1 c=1000 rps=500 run=3: 7242/1000000 ok=5211 err=2031
saturation/tursodb-per-tenant/lms-balanced t=1 c=1000 rps=500 run=3: 7296/1000000 ok=5217 err=2079
saturation/d1-per-tenant/lms-balanced t=1 c=1000 rps=500 run=3: 124/1000000 ok=124 err=0
saturation/d1-per-tenant/lms-balanced t=1 c=1000 rps=500 run=3: 428/1000000 ok=428 err=0
saturation/d1-per-tenant/lms-balanced t=1 c=1000 rps=500 run=3: 681/1000000 ok=598 err=83
saturation/d1-per-tenant/lms-balanced t=1 c=1000 rps=500 run=3: 1300/1000000 ok=598 err=702
saturation/d1-per-tenant/lms-balanced t=1 c=1000 rps=500 run=3: 1530/1000000 ok=600 err=930
saturation/d1-per-tenant/lms-balanced t=1 c=1000 rps=500 run=3: 2165/1000000 ok=612 err=1553
saturation/d1-per-tenant/lms-balanced t=1 c=1000 rps=500 run=3: 2430/1000000 ok=612 err=1818
saturation/d1-per-tenant/lms-balanced t=1 c=1000 rps=500 run=3: 2773/1000000 ok=636 err=2137
saturation/d1-per-tenant/lms-balanced t=1 c=1000 rps=500 run=3: 3444/1000000 ok=636 err=2808
saturation/d1-per-tenant/lms-balanced t=1 c=1000 rps=500 run=3: 3925/1000000 ok=661 err=3264
saturation/d1-per-tenant/lms-balanced t=1 c=1000 rps=500 run=3: 4479/1000000 ok=683 err=3796
saturation/d1-per-tenant/lms-balanced t=1 c=1000 rps=500 run=3: 4854/1000000 ok=706 err=4148
saturation/d1-per-tenant/lms-balanced t=1 c=1000 rps=500 run=3: 5234/1000000 ok=706 err=4528
saturation/d1-per-tenant/lms-balanced t=1 c=1000 rps=500 run=3: 5536/1000000 ok=706 err=4830
saturation/d1-per-tenant/lms-balanced t=1 c=1000 rps=500 run=3: 6016/1000000 ok=728 err=5288
saturation/d1-per-tenant/lms-balanced t=1 c=1000 rps=500 run=3: 6568/1000000 ok=728 err=5840
saturation/d1-per-tenant/lms-balanced t=1 c=1000 rps=500 run=3: 6686/1000000 ok=741 err=5945
saturation/turso-per-tenant/lms-balanced t=1 c=1000 rps=500 run=3: 514/1000000 ok=514 err=0
saturation/turso-per-tenant/lms-balanced t=1 c=1000 rps=500 run=3: 1387/1000000 ok=1387 err=0
saturation/turso-per-tenant/lms-balanced t=1 c=1000 rps=500 run=3: 1885/1000000 ok=1884 err=1
saturation/turso-per-tenant/lms-balanced t=1 c=1000 rps=500 run=3: 2347/1000000 ok=2346 err=1
saturation/turso-per-tenant/lms-balanced t=1 c=1000 rps=500 run=3: 2881/1000000 ok=2759 err=122
saturation/turso-per-tenant/lms-balanced t=1 c=1000 rps=500 run=3: 3599/1000000 ok=3385 err=214
saturation/turso-per-tenant/lms-balanced t=1 c=1000 rps=500 run=3: 4148/1000000 ok=3862 err=286
saturation/turso-per-tenant/lms-balanced t=1 c=1000 rps=500 run=3: 4689/1000000 ok=4310 err=379
saturation/turso-per-tenant/lms-balanced t=1 c=1000 rps=500 run=3: 5251/1000000 ok=4747 err=504
saturation/turso-per-tenant/lms-balanced t=1 c=1000 rps=500 run=3: 5789/1000000 ok=5181 err=608
saturation/turso-per-tenant/lms-balanced t=1 c=1000 rps=500 run=3: 6387/1000000 ok=5688 err=699
saturation/turso-per-tenant/lms-balanced t=1 c=1000 rps=500 run=3: 7003/1000000 ok=6197 err=806
saturation/turso-per-tenant/lms-balanced t=1 c=1000 rps=500 run=3: 7525/1000000 ok=6613 err=912
saturation/turso-per-tenant/lms-balanced t=1 c=1000 rps=500 run=3: 8113/1000000 ok=7099 err=1014
saturation/turso-per-tenant/lms-balanced t=1 c=1000 rps=500 run=3: 8675/1000000 ok=7575 err=1100
saturation/turso-per-tenant/lms-balanced t=1 c=1000 rps=500 run=3: 9208/1000000 ok=8008 err=1200
saturation/turso-per-tenant/lms-balanced t=1 c=1000 rps=500 run=3: 9601/1000000 ok=8307 err=1294
saturation/turso-per-tenant/lms-balanced t=1 c=1000 rps=500 run=3: 9650/1000000 ok=8310 err=1340
edge/tursodb-per-tenant/first-request-after-idle run=3 sample=1/1: idle 30000ms
edge/d1-per-tenant/first-request-after-idle run=3 sample=1/1: idle 30000ms
edge/turso-per-tenant/first-request-after-idle run=3 sample=1/1: idle 30000ms
edge/tursodb-per-tenant/first-request-after-idle run=3 sample=1/1: idle 30000ms
edge/d1-per-tenant/first-request-after-idle run=3 sample=1/1: idle 30000ms
edge/turso-per-tenant/first-request-after-idle run=3 sample=1/1: idle 30000ms
edge/tursodb-per-tenant/first-request-after-idle run=3 sample=1/1: idle 30000ms
edge/d1-per-tenant/first-request-after-idle run=3 sample=1/1: idle 30000ms
edge/turso-per-tenant/first-request-after-idle run=3 sample=1/1: idle 30000ms
edge/tursodb-per-tenant/first-request-after-idle run=3 sample=1/1: idle 30000ms
edge/d1-per-tenant/first-request-after-idle run=3 sample=1/1: idle 30000ms
edge/turso-per-tenant/first-request-after-idle run=3 sample=1/1: idle 30000ms
latency/d1-per-tenant/point-read t=1 c=1 rps=- run=4: 17/1000000 ok=17 err=0
latency/d1-per-tenant/point-read t=1 c=1 rps=- run=4: 34/1000000 ok=34 err=0
latency/d1-per-tenant/point-read t=1 c=1 rps=- run=4: 52/1000000 ok=52 err=0
latency/d1-per-tenant/point-read t=1 c=1 rps=- run=4: 67/1000000 ok=67 err=0
latency/d1-per-tenant/point-read t=1 c=1 rps=- run=4: 84/1000000 ok=84 err=0
latency/d1-per-tenant/point-read t=1 c=1 rps=- run=4: 102/1000000 ok=102 err=0
latency/d1-per-tenant/point-read t=1 c=1 rps=- run=4: 119/1000000 ok=119 err=0
latency/d1-per-tenant/point-read t=1 c=1 rps=- run=4: 134/1000000 ok=134 err=0
latency/d1-per-tenant/point-read t=1 c=1 rps=- run=4: 152/1000000 ok=152 err=0
latency/d1-per-tenant/point-read t=1 c=1 rps=- run=4: 169/1000000 ok=169 err=0
latency/d1-per-tenant/point-read t=1 c=1 rps=- run=4: 187/1000000 ok=187 err=0
latency/d1-per-tenant/point-read t=1 c=1 rps=- run=4: 200/1000000 ok=200 err=0
latency/d1-per-tenant/point-read t=1 c=1 rps=- run=4: 217/1000000 ok=217 err=0
latency/d1-per-tenant/point-read t=1 c=1 rps=- run=4: 234/1000000 ok=234 err=0
latency/d1-per-tenant/point-read t=1 c=1 rps=- run=4: 243/1000000 ok=243 err=0
latency/turso-per-tenant/point-read t=1 c=1 rps=- run=4: 15/1000000 ok=15 err=0
latency/turso-per-tenant/point-read t=1 c=1 rps=- run=4: 31/1000000 ok=31 err=0
latency/turso-per-tenant/point-read t=1 c=1 rps=- run=4: 44/1000000 ok=44 err=0
latency/turso-per-tenant/point-read t=1 c=1 rps=- run=4: 59/1000000 ok=59 err=0
latency/turso-per-tenant/point-read t=1 c=1 rps=- run=4: 75/1000000 ok=75 err=0
latency/turso-per-tenant/point-read t=1 c=1 rps=- run=4: 91/1000000 ok=91 err=0
latency/turso-per-tenant/point-read t=1 c=1 rps=- run=4: 106/1000000 ok=106 err=0
latency/turso-per-tenant/point-read t=1 c=1 rps=- run=4: 122/1000000 ok=122 err=0
latency/turso-per-tenant/point-read t=1 c=1 rps=- run=4: 139/1000000 ok=139 err=0
latency/turso-per-tenant/point-read t=1 c=1 rps=- run=4: 154/1000000 ok=154 err=0
latency/turso-per-tenant/point-read t=1 c=1 rps=- run=4: 169/1000000 ok=169 err=0
latency/turso-per-tenant/point-read t=1 c=1 rps=- run=4: 185/1000000 ok=185 err=0
latency/turso-per-tenant/point-read t=1 c=1 rps=- run=4: 201/1000000 ok=201 err=0
latency/turso-per-tenant/point-read t=1 c=1 rps=- run=4: 215/1000000 ok=215 err=0
latency/turso-per-tenant/point-read t=1 c=1 rps=- run=4: 221/1000000 ok=221 err=0
latency/tursodb-per-tenant/point-read t=1 c=1 rps=- run=4: 16/1000000 ok=16 err=0
latency/tursodb-per-tenant/point-read t=1 c=1 rps=- run=4: 33/1000000 ok=33 err=0
latency/tursodb-per-tenant/point-read t=1 c=1 rps=- run=4: 49/1000000 ok=49 err=0
latency/tursodb-per-tenant/point-read t=1 c=1 rps=- run=4: 64/1000000 ok=64 err=0
latency/tursodb-per-tenant/point-read t=1 c=1 rps=- run=4: 77/1000000 ok=77 err=0
latency/tursodb-per-tenant/point-read t=1 c=1 rps=- run=4: 93/1000000 ok=93 err=0
latency/tursodb-per-tenant/point-read t=1 c=1 rps=- run=4: 109/1000000 ok=109 err=0
latency/tursodb-per-tenant/point-read t=1 c=1 rps=- run=4: 125/1000000 ok=125 err=0
latency/tursodb-per-tenant/point-read t=1 c=1 rps=- run=4: 139/1000000 ok=139 err=0
latency/tursodb-per-tenant/point-read t=1 c=1 rps=- run=4: 156/1000000 ok=156 err=0
latency/tursodb-per-tenant/point-read t=1 c=1 rps=- run=4: 172/1000000 ok=172 err=0
latency/tursodb-per-tenant/point-read t=1 c=1 rps=- run=4: 187/1000000 ok=187 err=0
latency/tursodb-per-tenant/point-read t=1 c=1 rps=- run=4: 199/1000000 ok=199 err=0
latency/tursodb-per-tenant/point-read t=1 c=1 rps=- run=4: 214/1000000 ok=214 err=0
latency/tursodb-per-tenant/point-read t=1 c=1 rps=- run=4: 222/1000000 ok=222 err=0
mixed-lms/d1-per-tenant/lms-balanced t=1 c=1 rps=- run=4: 8/1000000 ok=8 err=0
mixed-lms/d1-per-tenant/lms-balanced t=1 c=1 rps=- run=4: 16/1000000 ok=16 err=0
mixed-lms/d1-per-tenant/lms-balanced t=1 c=1 rps=- run=4: 24/1000000 ok=24 err=0
mixed-lms/d1-per-tenant/lms-balanced t=1 c=1 rps=- run=4: 32/1000000 ok=32 err=0
mixed-lms/d1-per-tenant/lms-balanced t=1 c=1 rps=- run=4: 40/1000000 ok=40 err=0
mixed-lms/d1-per-tenant/lms-balanced t=1 c=1 rps=- run=4: 46/1000000 ok=46 err=0
mixed-lms/d1-per-tenant/lms-balanced t=1 c=1 rps=- run=4: 54/1000000 ok=54 err=0
mixed-lms/d1-per-tenant/lms-balanced t=1 c=1 rps=- run=4: 62/1000000 ok=62 err=0
mixed-lms/d1-per-tenant/lms-balanced t=1 c=1 rps=- run=4: 69/1000000 ok=69 err=0
mixed-lms/d1-per-tenant/lms-balanced t=1 c=1 rps=- run=4: 77/1000000 ok=77 err=0
mixed-lms/d1-per-tenant/lms-balanced t=1 c=1 rps=- run=4: 83/1000000 ok=83 err=0
mixed-lms/d1-per-tenant/lms-balanced t=1 c=1 rps=- run=4: 90/1000000 ok=90 err=0
mixed-lms/d1-per-tenant/lms-balanced t=1 c=1 rps=- run=4: 98/1000000 ok=98 err=0
mixed-lms/d1-per-tenant/lms-balanced t=1 c=1 rps=- run=4: 106/1000000 ok=106 err=0
mixed-lms/d1-per-tenant/lms-balanced t=1 c=1 rps=- run=4: 107/1000000 ok=107 err=0
mixed-lms/turso-per-tenant/lms-balanced t=1 c=1 rps=- run=4: 6/1000000 ok=6 err=0
mixed-lms/turso-per-tenant/lms-balanced t=1 c=1 rps=- run=4: 13/1000000 ok=13 err=0
mixed-lms/turso-per-tenant/lms-balanced t=1 c=1 rps=- run=4: 20/1000000 ok=20 err=0
mixed-lms/turso-per-tenant/lms-balanced t=1 c=1 rps=- run=4: 27/1000000 ok=27 err=0
mixed-lms/turso-per-tenant/lms-balanced t=1 c=1 rps=- run=4: 34/1000000 ok=34 err=0
mixed-lms/turso-per-tenant/lms-balanced t=1 c=1 rps=- run=4: 41/1000000 ok=41 err=0
mixed-lms/turso-per-tenant/lms-balanced t=1 c=1 rps=- run=4: 49/1000000 ok=49 err=0
mixed-lms/turso-per-tenant/lms-balanced t=1 c=1 rps=- run=4: 56/1000000 ok=56 err=0
mixed-lms/turso-per-tenant/lms-balanced t=1 c=1 rps=- run=4: 63/1000000 ok=63 err=0
mixed-lms/turso-per-tenant/lms-balanced t=1 c=1 rps=- run=4: 69/1000000 ok=69 err=0
mixed-lms/turso-per-tenant/lms-balanced t=1 c=1 rps=- run=4: 75/1000000 ok=75 err=0
mixed-lms/turso-per-tenant/lms-balanced t=1 c=1 rps=- run=4: 81/1000000 ok=81 err=0
mixed-lms/turso-per-tenant/lms-balanced t=1 c=1 rps=- run=4: 88/1000000 ok=88 err=0
mixed-lms/turso-per-tenant/lms-balanced t=1 c=1 rps=- run=4: 94/1000000 ok=94 err=0
mixed-lms/tursodb-per-tenant/lms-balanced t=1 c=1 rps=- run=4: 6/1000000 ok=6 err=0
mixed-lms/tursodb-per-tenant/lms-balanced t=1 c=1 rps=- run=4: 11/1000000 ok=11 err=0
mixed-lms/tursodb-per-tenant/lms-balanced t=1 c=1 rps=- run=4: 17/1000000 ok=17 err=0
mixed-lms/tursodb-per-tenant/lms-balanced t=1 c=1 rps=- run=4: 24/1000000 ok=24 err=0
mixed-lms/tursodb-per-tenant/lms-balanced t=1 c=1 rps=- run=4: 30/1000000 ok=30 err=0
mixed-lms/tursodb-per-tenant/lms-balanced t=1 c=1 rps=- run=4: 37/1000000 ok=37 err=0
mixed-lms/tursodb-per-tenant/lms-balanced t=1 c=1 rps=- run=4: 44/1000000 ok=44 err=0
mixed-lms/tursodb-per-tenant/lms-balanced t=1 c=1 rps=- run=4: 51/1000000 ok=51 err=0
mixed-lms/tursodb-per-tenant/lms-balanced t=1 c=1 rps=- run=4: 57/1000000 ok=57 err=0
mixed-lms/tursodb-per-tenant/lms-balanced t=1 c=1 rps=- run=4: 63/1000000 ok=63 err=0
mixed-lms/tursodb-per-tenant/lms-balanced t=1 c=1 rps=- run=4: 70/1000000 ok=70 err=0
mixed-lms/tursodb-per-tenant/lms-balanced t=1 c=1 rps=- run=4: 77/1000000 ok=77 err=0
mixed-lms/tursodb-per-tenant/lms-balanced t=1 c=1 rps=- run=4: 84/1000000 ok=83 err=1
mixed-lms/tursodb-per-tenant/lms-balanced t=1 c=1 rps=- run=4: 91/1000000 ok=89 err=2
mixed-lms/tursodb-per-tenant/lms-balanced t=1 c=1 rps=- run=4: 92/1000000 ok=90 err=2
mixed-lms/d1-per-tenant/lms-balanced t=1 c=10 rps=- run=4: 63/1000000 ok=63 err=0
mixed-lms/d1-per-tenant/lms-balanced t=1 c=10 rps=- run=4: 138/1000000 ok=138 err=0
mixed-lms/d1-per-tenant/lms-balanced t=1 c=10 rps=- run=4: 205/1000000 ok=205 err=0
mixed-lms/d1-per-tenant/lms-balanced t=1 c=10 rps=- run=4: 278/1000000 ok=278 err=0
mixed-lms/d1-per-tenant/lms-balanced t=1 c=10 rps=- run=4: 355/1000000 ok=355 err=0
mixed-lms/d1-per-tenant/lms-balanced t=1 c=10 rps=- run=4: 431/1000000 ok=431 err=0
mixed-lms/d1-per-tenant/lms-balanced t=1 c=10 rps=- run=4: 503/1000000 ok=503 err=0
mixed-lms/d1-per-tenant/lms-balanced t=1 c=10 rps=- run=4: 575/1000000 ok=575 err=0
mixed-lms/d1-per-tenant/lms-balanced t=1 c=10 rps=- run=4: 647/1000000 ok=647 err=0
mixed-lms/d1-per-tenant/lms-balanced t=1 c=10 rps=- run=4: 718/1000000 ok=718 err=0
mixed-lms/d1-per-tenant/lms-balanced t=1 c=10 rps=- run=4: 788/1000000 ok=788 err=0
mixed-lms/d1-per-tenant/lms-balanced t=1 c=10 rps=- run=4: 859/1000000 ok=859 err=0
mixed-lms/d1-per-tenant/lms-balanced t=1 c=10 rps=- run=4: 935/1000000 ok=935 err=0
mixed-lms/d1-per-tenant/lms-balanced t=1 c=10 rps=- run=4: 996/1000000 ok=996 err=0
mixed-lms/d1-per-tenant/lms-balanced t=1 c=10 rps=- run=4: 1064/1000000 ok=1064 err=0
mixed-lms/turso-per-tenant/lms-balanced t=1 c=10 rps=- run=4: 58/1000000 ok=58 err=0
mixed-lms/turso-per-tenant/lms-balanced t=1 c=10 rps=- run=4: 129/1000000 ok=129 err=0
mixed-lms/turso-per-tenant/lms-balanced t=1 c=10 rps=- run=4: 198/1000000 ok=198 err=0
mixed-lms/turso-per-tenant/lms-balanced t=1 c=10 rps=- run=4: 268/1000000 ok=268 err=0
mixed-lms/turso-per-tenant/lms-balanced t=1 c=10 rps=- run=4: 339/1000000 ok=339 err=0
mixed-lms/turso-per-tenant/lms-balanced t=1 c=10 rps=- run=4: 407/1000000 ok=407 err=0
mixed-lms/turso-per-tenant/lms-balanced t=1 c=10 rps=- run=4: 477/1000000 ok=477 err=0
mixed-lms/turso-per-tenant/lms-balanced t=1 c=10 rps=- run=4: 545/1000000 ok=545 err=0
mixed-lms/turso-per-tenant/lms-balanced t=1 c=10 rps=- run=4: 615/1000000 ok=615 err=0
mixed-lms/turso-per-tenant/lms-balanced t=1 c=10 rps=- run=4: 674/1000000 ok=674 err=0
mixed-lms/turso-per-tenant/lms-balanced t=1 c=10 rps=- run=4: 739/1000000 ok=739 err=0
mixed-lms/turso-per-tenant/lms-balanced t=1 c=10 rps=- run=4: 809/1000000 ok=809 err=0
mixed-lms/turso-per-tenant/lms-balanced t=1 c=10 rps=- run=4: 878/1000000 ok=878 err=0
mixed-lms/turso-per-tenant/lms-balanced t=1 c=10 rps=- run=4: 939/1000000 ok=939 err=0
mixed-lms/turso-per-tenant/lms-balanced t=1 c=10 rps=- run=4: 993/1000000 ok=993 err=0
mixed-lms/tursodb-per-tenant/lms-balanced t=1 c=10 rps=- run=4: 59/1000000 ok=59 err=0
mixed-lms/tursodb-per-tenant/lms-balanced t=1 c=10 rps=- run=4: 124/1000000 ok=122 err=2
mixed-lms/tursodb-per-tenant/lms-balanced t=1 c=10 rps=- run=4: 181/1000000 ok=179 err=2
mixed-lms/tursodb-per-tenant/lms-balanced t=1 c=10 rps=- run=4: 245/1000000 ok=242 err=3
mixed-lms/tursodb-per-tenant/lms-balanced t=1 c=10 rps=- run=4: 314/1000000 ok=311 err=3
mixed-lms/tursodb-per-tenant/lms-balanced t=1 c=10 rps=- run=4: 383/1000000 ok=380 err=3
mixed-lms/tursodb-per-tenant/lms-balanced t=1 c=10 rps=- run=4: 445/1000000 ok=441 err=4
mixed-lms/tursodb-per-tenant/lms-balanced t=1 c=10 rps=- run=4: 506/1000000 ok=502 err=4
mixed-lms/tursodb-per-tenant/lms-balanced t=1 c=10 rps=- run=4: 571/1000000 ok=566 err=5
mixed-lms/tursodb-per-tenant/lms-balanced t=1 c=10 rps=- run=4: 635/1000000 ok=629 err=6
mixed-lms/tursodb-per-tenant/lms-balanced t=1 c=10 rps=- run=4: 699/1000000 ok=692 err=7
mixed-lms/tursodb-per-tenant/lms-balanced t=1 c=10 rps=- run=4: 756/1000000 ok=749 err=7
mixed-lms/tursodb-per-tenant/lms-balanced t=1 c=10 rps=- run=4: 822/1000000 ok=814 err=8
mixed-lms/tursodb-per-tenant/lms-balanced t=1 c=10 rps=- run=4: 887/1000000 ok=877 err=10
mixed-lms/tursodb-per-tenant/lms-balanced t=1 c=10 rps=- run=4: 935/1000000 ok=925 err=10
mixed-lms/d1-per-tenant/lms-balanced t=1 c=25 rps=- run=4: 132/1000000 ok=132 err=0
mixed-lms/d1-per-tenant/lms-balanced t=1 c=25 rps=- run=4: 275/1000000 ok=275 err=0
mixed-lms/d1-per-tenant/lms-balanced t=1 c=25 rps=- run=4: 413/1000000 ok=413 err=0
mixed-lms/d1-per-tenant/lms-balanced t=1 c=25 rps=- run=4: 544/1000000 ok=544 err=0
mixed-lms/d1-per-tenant/lms-balanced t=1 c=25 rps=- run=4: 687/1000000 ok=687 err=0
mixed-lms/d1-per-tenant/lms-balanced t=1 c=25 rps=- run=4: 832/1000000 ok=832 err=0
mixed-lms/d1-per-tenant/lms-balanced t=1 c=25 rps=- run=4: 983/1000000 ok=983 err=0
mixed-lms/d1-per-tenant/lms-balanced t=1 c=25 rps=- run=4: 1125/1000000 ok=1125 err=0
mixed-lms/d1-per-tenant/lms-balanced t=1 c=25 rps=- run=4: 1266/1000000 ok=1266 err=0
mixed-lms/d1-per-tenant/lms-balanced t=1 c=25 rps=- run=4: 1394/1000000 ok=1394 err=0
mixed-lms/d1-per-tenant/lms-balanced t=1 c=25 rps=- run=4: 1536/1000000 ok=1536 err=0
mixed-lms/d1-per-tenant/lms-balanced t=1 c=25 rps=- run=4: 1693/1000000 ok=1693 err=0
mixed-lms/d1-per-tenant/lms-balanced t=1 c=25 rps=- run=4: 1841/1000000 ok=1841 err=0
mixed-lms/d1-per-tenant/lms-balanced t=1 c=25 rps=- run=4: 1978/1000000 ok=1978 err=0
mixed-lms/d1-per-tenant/lms-balanced t=1 c=25 rps=- run=4: 2116/1000000 ok=2116 err=0
mixed-lms/turso-per-tenant/lms-balanced t=1 c=25 rps=- run=4: 107/1000000 ok=107 err=0
mixed-lms/turso-per-tenant/lms-balanced t=1 c=25 rps=- run=4: 281/1000000 ok=281 err=0
mixed-lms/turso-per-tenant/lms-balanced t=1 c=25 rps=- run=4: 435/1000000 ok=435 err=0
mixed-lms/turso-per-tenant/lms-balanced t=1 c=25 rps=- run=4: 600/1000000 ok=600 err=0
mixed-lms/turso-per-tenant/lms-balanced t=1 c=25 rps=- run=4: 767/1000000 ok=767 err=0
mixed-lms/turso-per-tenant/lms-balanced t=1 c=25 rps=- run=4: 935/1000000 ok=935 err=0
mixed-lms/turso-per-tenant/lms-balanced t=1 c=25 rps=- run=4: 1102/1000000 ok=1102 err=0
mixed-lms/turso-per-tenant/lms-balanced t=1 c=25 rps=- run=4: 1271/1000000 ok=1271 err=0
mixed-lms/turso-per-tenant/lms-balanced t=1 c=25 rps=- run=4: 1416/1000000 ok=1416 err=0
mixed-lms/turso-per-tenant/lms-balanced t=1 c=25 rps=- run=4: 1576/1000000 ok=1576 err=0
mixed-lms/turso-per-tenant/lms-balanced t=1 c=25 rps=- run=4: 1747/1000000 ok=1747 err=0
mixed-lms/turso-per-tenant/lms-balanced t=1 c=25 rps=- run=4: 1914/1000000 ok=1914 err=0
mixed-lms/turso-per-tenant/lms-balanced t=1 c=25 rps=- run=4: 2083/1000000 ok=2083 err=0
mixed-lms/turso-per-tenant/lms-balanced t=1 c=25 rps=- run=4: 2240/1000000 ok=2240 err=0
mixed-lms/turso-per-tenant/lms-balanced t=1 c=25 rps=- run=4: 2410/1000000 ok=2410 err=0
mixed-lms/turso-per-tenant/lms-balanced t=1 c=25 rps=- run=4: 2411/1000000 ok=2411 err=0
mixed-lms/tursodb-per-tenant/lms-balanced t=1 c=25 rps=- run=4: 138/1000000 ok=136 err=2
mixed-lms/tursodb-per-tenant/lms-balanced t=1 c=25 rps=- run=4: 308/1000000 ok=305 err=3
mixed-lms/tursodb-per-tenant/lms-balanced t=1 c=25 rps=- run=4: 453/1000000 ok=449 err=4
mixed-lms/tursodb-per-tenant/lms-balanced t=1 c=25 rps=- run=4: 608/1000000 ok=602 err=6
mixed-lms/tursodb-per-tenant/lms-balanced t=1 c=25 rps=- run=4: 771/1000000 ok=763 err=8
mixed-lms/tursodb-per-tenant/lms-balanced t=1 c=25 rps=- run=4: 924/1000000 ok=914 err=10
mixed-lms/tursodb-per-tenant/lms-balanced t=1 c=25 rps=- run=4: 1086/1000000 ok=1076 err=10
mixed-lms/tursodb-per-tenant/lms-balanced t=1 c=25 rps=- run=4: 1250/1000000 ok=1238 err=12
mixed-lms/tursodb-per-tenant/lms-balanced t=1 c=25 rps=- run=4: 1407/1000000 ok=1392 err=15
mixed-lms/tursodb-per-tenant/lms-balanced t=1 c=25 rps=- run=4: 1562/1000000 ok=1546 err=16
mixed-lms/tursodb-per-tenant/lms-balanced t=1 c=25 rps=- run=4: 1728/1000000 ok=1710 err=18
mixed-lms/tursodb-per-tenant/lms-balanced t=1 c=25 rps=- run=4: 1886/1000000 ok=1867 err=19
mixed-lms/tursodb-per-tenant/lms-balanced t=1 c=25 rps=- run=4: 2047/1000000 ok=2026 err=21
mixed-lms/tursodb-per-tenant/lms-balanced t=1 c=25 rps=- run=4: 2203/1000000 ok=2179 err=24
mixed-lms/tursodb-per-tenant/lms-balanced t=1 c=25 rps=- run=4: 2364/1000000 ok=2337 err=27
mixed-lms/tursodb-per-tenant/lms-balanced t=1 c=25 rps=- run=4: 2369/1000000 ok=2342 err=27
mixed-lms/d1-per-tenant/lms-balanced t=1 c=50 rps=- run=4: 168/1000000 ok=168 err=0
mixed-lms/d1-per-tenant/lms-balanced t=1 c=50 rps=- run=4: 376/1000000 ok=376 err=0
mixed-lms/d1-per-tenant/lms-balanced t=1 c=50 rps=- run=4: 570/1000000 ok=570 err=0
mixed-lms/d1-per-tenant/lms-balanced t=1 c=50 rps=- run=4: 800/1000000 ok=800 err=0
mixed-lms/d1-per-tenant/lms-balanced t=1 c=50 rps=- run=4: 1015/1000000 ok=1015 err=0
mixed-lms/d1-per-tenant/lms-balanced t=1 c=50 rps=- run=4: 1167/1000000 ok=1167 err=0
mixed-lms/d1-per-tenant/lms-balanced t=1 c=50 rps=- run=4: 1365/1000000 ok=1365 err=0
mixed-lms/d1-per-tenant/lms-balanced t=1 c=50 rps=- run=4: 1582/1000000 ok=1582 err=0
mixed-lms/d1-per-tenant/lms-balanced t=1 c=50 rps=- run=4: 1815/1000000 ok=1815 err=0
mixed-lms/d1-per-tenant/lms-balanced t=1 c=50 rps=- run=4: 1997/1000000 ok=1997 err=0
mixed-lms/d1-per-tenant/lms-balanced t=1 c=50 rps=- run=4: 2181/1000000 ok=2181 err=0
mixed-lms/d1-per-tenant/lms-balanced t=1 c=50 rps=- run=4: 2344/1000000 ok=2344 err=0
mixed-lms/d1-per-tenant/lms-balanced t=1 c=50 rps=- run=4: 2579/1000000 ok=2579 err=0
mixed-lms/d1-per-tenant/lms-balanced t=1 c=50 rps=- run=4: 2792/1000000 ok=2792 err=0
mixed-lms/d1-per-tenant/lms-balanced t=1 c=50 rps=- run=4: 3009/1000000 ok=3009 err=0
mixed-lms/d1-per-tenant/lms-balanced t=1 c=50 rps=- run=4: 3020/1000000 ok=3020 err=0
mixed-lms/turso-per-tenant/lms-balanced t=1 c=50 rps=- run=4: 254/1000000 ok=254 err=0
mixed-lms/turso-per-tenant/lms-balanced t=1 c=50 rps=- run=4: 566/1000000 ok=566 err=0
mixed-lms/turso-per-tenant/lms-balanced t=1 c=50 rps=- run=4: 897/1000000 ok=897 err=0
mixed-lms/turso-per-tenant/lms-balanced t=1 c=50 rps=- run=4: 1201/1000000 ok=1201 err=0
mixed-lms/turso-per-tenant/lms-balanced t=1 c=50 rps=- run=4: 1464/1000000 ok=1464 err=0
mixed-lms/turso-per-tenant/lms-balanced t=1 c=50 rps=- run=4: 1789/1000000 ok=1789 err=0
mixed-lms/turso-per-tenant/lms-balanced t=1 c=50 rps=- run=4: 2056/1000000 ok=2056 err=0
mixed-lms/turso-per-tenant/lms-balanced t=1 c=50 rps=- run=4: 2379/1000000 ok=2379 err=0
mixed-lms/turso-per-tenant/lms-balanced t=1 c=50 rps=- run=4: 2710/1000000 ok=2710 err=0
mixed-lms/turso-per-tenant/lms-balanced t=1 c=50 rps=- run=4: 3022/1000000 ok=3022 err=0
mixed-lms/turso-per-tenant/lms-balanced t=1 c=50 rps=- run=4: 3278/1000000 ok=3278 err=0
mixed-lms/turso-per-tenant/lms-balanced t=1 c=50 rps=- run=4: 3528/1000000 ok=3528 err=0
mixed-lms/turso-per-tenant/lms-balanced t=1 c=50 rps=- run=4: 3808/1000000 ok=3808 err=0
mixed-lms/turso-per-tenant/lms-balanced t=1 c=50 rps=- run=4: 4144/1000000 ok=4144 err=0
mixed-lms/turso-per-tenant/lms-balanced t=1 c=50 rps=- run=4: 4489/1000000 ok=4489 err=0
mixed-lms/turso-per-tenant/lms-balanced t=1 c=50 rps=- run=4: 4511/1000000 ok=4511 err=0
mixed-lms/tursodb-per-tenant/lms-balanced t=1 c=50 rps=- run=4: 185/1000000 ok=183 err=2
mixed-lms/tursodb-per-tenant/lms-balanced t=1 c=50 rps=- run=4: 445/1000000 ok=442 err=3
mixed-lms/tursodb-per-tenant/lms-balanced t=1 c=50 rps=- run=4: 693/1000000 ok=687 err=6
mixed-lms/tursodb-per-tenant/lms-balanced t=1 c=50 rps=- run=4: 921/1000000 ok=911 err=10
mixed-lms/tursodb-per-tenant/lms-balanced t=1 c=50 rps=- run=4: 1179/1000000 ok=1168 err=11
mixed-lms/tursodb-per-tenant/lms-balanced t=1 c=50 rps=- run=4: 1419/1000000 ok=1404 err=15
mixed-lms/tursodb-per-tenant/lms-balanced t=1 c=50 rps=- run=4: 1612/1000000 ok=1595 err=17
mixed-lms/tursodb-per-tenant/lms-balanced t=1 c=50 rps=- run=4: 1874/1000000 ok=1855 err=19
mixed-lms/tursodb-per-tenant/lms-balanced t=1 c=50 rps=- run=4: 2126/1000000 ok=2104 err=22
mixed-lms/tursodb-per-tenant/lms-balanced t=1 c=50 rps=- run=4: 2372/1000000 ok=2345 err=27
mixed-lms/tursodb-per-tenant/lms-balanced t=1 c=50 rps=- run=4: 2610/1000000 ok=2580 err=30
mixed-lms/tursodb-per-tenant/lms-balanced t=1 c=50 rps=- run=4: 2820/1000000 ok=2788 err=32
mixed-lms/tursodb-per-tenant/lms-balanced t=1 c=50 rps=- run=4: 3042/1000000 ok=3007 err=35
mixed-lms/tursodb-per-tenant/lms-balanced t=1 c=50 rps=- run=4: 3267/1000000 ok=3230 err=37
mixed-lms/tursodb-per-tenant/lms-balanced t=1 c=50 rps=- run=4: 3510/1000000 ok=3469 err=41
mixed-lms/tursodb-per-tenant/lms-balanced t=1 c=50 rps=- run=4: 3523/1000000 ok=3481 err=42
mixed-lms/d1-per-tenant/lms-balanced t=1 c=100 rps=- run=4: 197/1000000 ok=197 err=0
mixed-lms/d1-per-tenant/lms-balanced t=1 c=100 rps=- run=4: 482/1000000 ok=482 err=0
mixed-lms/d1-per-tenant/lms-balanced t=1 c=100 rps=- run=4: 720/1000000 ok=720 err=0
mixed-lms/d1-per-tenant/lms-balanced t=1 c=100 rps=- run=4: 981/1000000 ok=981 err=0
mixed-lms/d1-per-tenant/lms-balanced t=1 c=100 rps=- run=4: 1230/1000000 ok=1230 err=0
mixed-lms/d1-per-tenant/lms-balanced t=1 c=100 rps=- run=4: 1495/1000000 ok=1495 err=0
mixed-lms/d1-per-tenant/lms-balanced t=1 c=100 rps=- run=4: 1760/1000000 ok=1760 err=0
mixed-lms/d1-per-tenant/lms-balanced t=1 c=100 rps=- run=4: 2008/1000000 ok=2008 err=0
mixed-lms/d1-per-tenant/lms-balanced t=1 c=100 rps=- run=4: 2249/1000000 ok=2249 err=0
mixed-lms/d1-per-tenant/lms-balanced t=1 c=100 rps=- run=4: 2488/1000000 ok=2488 err=0
mixed-lms/d1-per-tenant/lms-balanced t=1 c=100 rps=- run=4: 2707/1000000 ok=2707 err=0
mixed-lms/d1-per-tenant/lms-balanced t=1 c=100 rps=- run=4: 2925/1000000 ok=2925 err=0
mixed-lms/d1-per-tenant/lms-balanced t=1 c=100 rps=- run=4: 3147/1000000 ok=3147 err=0
mixed-lms/d1-per-tenant/lms-balanced t=1 c=100 rps=- run=4: 3406/1000000 ok=3406 err=0
mixed-lms/d1-per-tenant/lms-balanced t=1 c=100 rps=- run=4: 3571/1000000 ok=3571 err=0
mixed-lms/turso-per-tenant/lms-balanced t=1 c=100 rps=- run=4: 417/1000000 ok=417 err=0
mixed-lms/turso-per-tenant/lms-balanced t=1 c=100 rps=- run=4: 912/1000000 ok=912 err=0
mixed-lms/turso-per-tenant/lms-balanced t=1 c=100 rps=- run=4: 1332/1000000 ok=1332 err=0
mixed-lms/turso-per-tenant/lms-balanced t=1 c=100 rps=- run=4: 1833/1000000 ok=1833 err=0
mixed-lms/turso-per-tenant/lms-balanced t=1 c=100 rps=- run=4: 2344/1000000 ok=2344 err=0
mixed-lms/turso-per-tenant/lms-balanced t=1 c=100 rps=- run=4: 2880/1000000 ok=2880 err=0
mixed-lms/turso-per-tenant/lms-balanced t=1 c=100 rps=- run=4: 3365/1000000 ok=3365 err=0
mixed-lms/turso-per-tenant/lms-balanced t=1 c=100 rps=- run=4: 3837/1000000 ok=3837 err=0
mixed-lms/turso-per-tenant/lms-balanced t=1 c=100 rps=- run=4: 4353/1000000 ok=4353 err=0
mixed-lms/turso-per-tenant/lms-balanced t=1 c=100 rps=- run=4: 4915/1000000 ok=4915 err=0
mixed-lms/turso-per-tenant/lms-balanced t=1 c=100 rps=- run=4: 5466/1000000 ok=5466 err=0
mixed-lms/turso-per-tenant/lms-balanced t=1 c=100 rps=- run=4: 6002/1000000 ok=6002 err=0
mixed-lms/turso-per-tenant/lms-balanced t=1 c=100 rps=- run=4: 6592/1000000 ok=6592 err=0
mixed-lms/turso-per-tenant/lms-balanced t=1 c=100 rps=- run=4: 7144/1000000 ok=7144 err=0
mixed-lms/turso-per-tenant/lms-balanced t=1 c=100 rps=- run=4: 7685/1000000 ok=7685 err=0
mixed-lms/turso-per-tenant/lms-balanced t=1 c=100 rps=- run=4: 7758/1000000 ok=7758 err=0
mixed-lms/tursodb-per-tenant/lms-balanced t=1 c=100 rps=- run=4: 268/1000000 ok=265 err=3
mixed-lms/tursodb-per-tenant/lms-balanced t=1 c=100 rps=- run=4: 548/1000000 ok=545 err=3
mixed-lms/tursodb-per-tenant/lms-balanced t=1 c=100 rps=- run=4: 832/1000000 ok=826 err=6
mixed-lms/tursodb-per-tenant/lms-balanced t=1 c=100 rps=- run=4: 1112/1000000 ok=1102 err=10
mixed-lms/tursodb-per-tenant/lms-balanced t=1 c=100 rps=- run=4: 1359/1000000 ok=1347 err=12
mixed-lms/tursodb-per-tenant/lms-balanced t=1 c=100 rps=- run=4: 1613/1000000 ok=1598 err=15
mixed-lms/tursodb-per-tenant/lms-balanced t=1 c=100 rps=- run=4: 1855/1000000 ok=1837 err=18
mixed-lms/tursodb-per-tenant/lms-balanced t=1 c=100 rps=- run=4: 2089/1000000 ok=2070 err=19
mixed-lms/tursodb-per-tenant/lms-balanced t=1 c=100 rps=- run=4: 2328/1000000 ok=2306 err=22
mixed-lms/tursodb-per-tenant/lms-balanced t=1 c=100 rps=- run=4: 2566/1000000 ok=2539 err=27
mixed-lms/tursodb-per-tenant/lms-balanced t=1 c=100 rps=- run=4: 2802/1000000 ok=2771 err=31
mixed-lms/tursodb-per-tenant/lms-balanced t=1 c=100 rps=- run=4: 3007/1000000 ok=2975 err=32
mixed-lms/tursodb-per-tenant/lms-balanced t=1 c=100 rps=- run=4: 3216/1000000 ok=3182 err=34
mixed-lms/tursodb-per-tenant/lms-balanced t=1 c=100 rps=- run=4: 3442/1000000 ok=3405 err=37
mixed-lms/tursodb-per-tenant/lms-balanced t=1 c=100 rps=- run=4: 3672/1000000 ok=3631 err=41
mixed-lms/tursodb-per-tenant/lms-balanced t=1 c=100 rps=- run=4: 3712/1000000 ok=3668 err=44
mixed-lms/tursodb-per-tenant/lms-balanced t=1 c=100 rps=- run=4: 3728/1000000 ok=3683 err=45
mixed-lms/d1-per-tenant/lms-balanced t=1 c=200 rps=- run=4: 138/1000000 ok=138 err=0
mixed-lms/d1-per-tenant/lms-balanced t=1 c=200 rps=- run=4: 381/1000000 ok=381 err=0
mixed-lms/d1-per-tenant/lms-balanced t=1 c=200 rps=- run=4: 583/1000000 ok=583 err=0
mixed-lms/d1-per-tenant/lms-balanced t=1 c=200 rps=- run=4: 858/1000000 ok=858 err=0
mixed-lms/d1-per-tenant/lms-balanced t=1 c=200 rps=- run=4: 1144/1000000 ok=1144 err=0
mixed-lms/d1-per-tenant/lms-balanced t=1 c=200 rps=- run=4: 1401/1000000 ok=1401 err=0
mixed-lms/d1-per-tenant/lms-balanced t=1 c=200 rps=- run=4: 1696/1000000 ok=1696 err=0
mixed-lms/d1-per-tenant/lms-balanced t=1 c=200 rps=- run=4: 1973/1000000 ok=1973 err=0
mixed-lms/d1-per-tenant/lms-balanced t=1 c=200 rps=- run=4: 2233/1000000 ok=2233 err=0
mixed-lms/d1-per-tenant/lms-balanced t=1 c=200 rps=- run=4: 2493/1000000 ok=2493 err=0
mixed-lms/d1-per-tenant/lms-balanced t=1 c=200 rps=- run=4: 2728/1000000 ok=2728 err=0
mixed-lms/d1-per-tenant/lms-balanced t=1 c=200 rps=- run=4: 2969/1000000 ok=2969 err=0
mixed-lms/d1-per-tenant/lms-balanced t=1 c=200 rps=- run=4: 3250/1000000 ok=3250 err=0
mixed-lms/d1-per-tenant/lms-balanced t=1 c=200 rps=- run=4: 3482/1000000 ok=3482 err=0
mixed-lms/d1-per-tenant/lms-balanced t=1 c=200 rps=- run=4: 3730/1000000 ok=3730 err=0
mixed-lms/turso-per-tenant/lms-balanced t=1 c=200 rps=- run=4: 519/1000000 ok=519 err=0
mixed-lms/turso-per-tenant/lms-balanced t=1 c=200 rps=- run=4: 1201/1000000 ok=1201 err=0
mixed-lms/turso-per-tenant/lms-balanced t=1 c=200 rps=- run=4: 1689/1000000 ok=1689 err=0
mixed-lms/turso-per-tenant/lms-balanced t=1 c=200 rps=- run=4: 2184/1000000 ok=2184 err=0
mixed-lms/turso-per-tenant/lms-balanced t=1 c=200 rps=- run=4: 2739/1000000 ok=2739 err=0
mixed-lms/turso-per-tenant/lms-balanced t=1 c=200 rps=- run=4: 3217/1000000 ok=3217 err=0
mixed-lms/turso-per-tenant/lms-balanced t=1 c=200 rps=- run=4: 3752/1000000 ok=3752 err=0
mixed-lms/turso-per-tenant/lms-balanced t=1 c=200 rps=- run=4: 4304/1000000 ok=4304 err=0
mixed-lms/turso-per-tenant/lms-balanced t=1 c=200 rps=- run=4: 4781/1000000 ok=4781 err=0
mixed-lms/turso-per-tenant/lms-balanced t=1 c=200 rps=- run=4: 5293/1000000 ok=5293 err=0
mixed-lms/turso-per-tenant/lms-balanced t=1 c=200 rps=- run=4: 5896/1000000 ok=5896 err=0
mixed-lms/turso-per-tenant/lms-balanced t=1 c=200 rps=- run=4: 6472/1000000 ok=6472 err=0
mixed-lms/turso-per-tenant/lms-balanced t=1 c=200 rps=- run=4: 6972/1000000 ok=6972 err=0
mixed-lms/turso-per-tenant/lms-balanced t=1 c=200 rps=- run=4: 7635/1000000 ok=7635 err=0
mixed-lms/turso-per-tenant/lms-balanced t=1 c=200 rps=- run=4: 8207/1000000 ok=8207 err=0
mixed-lms/turso-per-tenant/lms-balanced t=1 c=200 rps=- run=4: 8357/1000000 ok=8357 err=0
mixed-lms/turso-per-tenant/lms-balanced t=1 c=200 rps=- run=4: 8365/1000000 ok=8365 err=0
mixed-lms/tursodb-per-tenant/lms-balanced t=1 c=200 rps=- run=4: 282/1000000 ok=282 err=0
mixed-lms/tursodb-per-tenant/lms-balanced t=1 c=200 rps=- run=4: 667/1000000 ok=665 err=2
mixed-lms/tursodb-per-tenant/lms-balanced t=1 c=200 rps=- run=4: 941/1000000 ok=934 err=7
mixed-lms/tursodb-per-tenant/lms-balanced t=1 c=200 rps=- run=4: 1190/1000000 ok=1149 err=41
mixed-lms/tursodb-per-tenant/lms-balanced t=1 c=200 rps=- run=4: 1467/1000000 ok=1384 err=83
mixed-lms/tursodb-per-tenant/lms-balanced t=1 c=200 rps=- run=4: 1721/1000000 ok=1598 err=123
mixed-lms/tursodb-per-tenant/lms-balanced t=1 c=200 rps=- run=4: 1954/1000000 ok=1789 err=165
mixed-lms/tursodb-per-tenant/lms-balanced t=1 c=200 rps=- run=4: 2195/1000000 ok=1991 err=204
mixed-lms/tursodb-per-tenant/lms-balanced t=1 c=200 rps=- run=4: 2419/1000000 ok=2177 err=242
mixed-lms/tursodb-per-tenant/lms-balanced t=1 c=200 rps=- run=4: 2640/1000000 ok=2364 err=276
mixed-lms/tursodb-per-tenant/lms-balanced t=1 c=200 rps=- run=4: 2870/1000000 ok=2559 err=311
mixed-lms/tursodb-per-tenant/lms-balanced t=1 c=200 rps=- run=4: 3096/1000000 ok=2753 err=343
mixed-lms/tursodb-per-tenant/lms-balanced t=1 c=200 rps=- run=4: 3298/1000000 ok=2919 err=379
mixed-lms/tursodb-per-tenant/lms-balanced t=1 c=200 rps=- run=4: 3524/1000000 ok=3107 err=417
mixed-lms/tursodb-per-tenant/lms-balanced t=1 c=200 rps=- run=4: 3769/1000000 ok=3321 err=448
mixed-lms/tursodb-per-tenant/lms-balanced t=1 c=200 rps=- run=4: 3891/1000000 ok=3409 err=482
mixed-lms/tursodb-per-tenant/lms-balanced t=1 c=200 rps=- run=4: 3938/1000000 ok=3418 err=520
mixed-lms/tursodb-per-tenant/lms-balanced t=1 c=200 rps=- run=4: 3951/1000000 ok=3418 err=533
writes/d1-per-tenant/update-progress t=1 c=1 rps=- run=4: 15/1000000 ok=15 err=0
writes/d1-per-tenant/update-progress t=1 c=1 rps=- run=4: 29/1000000 ok=29 err=0
writes/d1-per-tenant/update-progress t=1 c=1 rps=- run=4: 44/1000000 ok=44 err=0
writes/d1-per-tenant/update-progress t=1 c=1 rps=- run=4: 58/1000000 ok=58 err=0
writes/d1-per-tenant/update-progress t=1 c=1 rps=- run=4: 73/1000000 ok=73 err=0
writes/d1-per-tenant/update-progress t=1 c=1 rps=- run=4: 86/1000000 ok=86 err=0
writes/d1-per-tenant/update-progress t=1 c=1 rps=- run=4: 98/1000000 ok=98 err=0
writes/d1-per-tenant/update-progress t=1 c=1 rps=- run=4: 110/1000000 ok=110 err=0
writes/d1-per-tenant/update-progress t=1 c=1 rps=- run=4: 123/1000000 ok=123 err=0
writes/d1-per-tenant/update-progress t=1 c=1 rps=- run=4: 138/1000000 ok=138 err=0
writes/d1-per-tenant/update-progress t=1 c=1 rps=- run=4: 153/1000000 ok=153 err=0
writes/d1-per-tenant/update-progress t=1 c=1 rps=- run=4: 166/1000000 ok=166 err=0
writes/d1-per-tenant/update-progress t=1 c=1 rps=- run=4: 180/1000000 ok=180 err=0
writes/d1-per-tenant/update-progress t=1 c=1 rps=- run=4: 195/1000000 ok=195 err=0
writes/d1-per-tenant/update-progress t=1 c=1 rps=- run=4: 200/1000000 ok=200 err=0
writes/turso-per-tenant/update-progress t=1 c=1 rps=- run=4: 13/1000000 ok=13 err=0
writes/turso-per-tenant/update-progress t=1 c=1 rps=- run=4: 25/1000000 ok=25 err=0
writes/turso-per-tenant/update-progress t=1 c=1 rps=- run=4: 39/1000000 ok=39 err=0
writes/turso-per-tenant/update-progress t=1 c=1 rps=- run=4: 52/1000000 ok=52 err=0
writes/turso-per-tenant/update-progress t=1 c=1 rps=- run=4: 66/1000000 ok=66 err=0
writes/turso-per-tenant/update-progress t=1 c=1 rps=- run=4: 72/1000000 ok=72 err=0
writes/turso-per-tenant/update-progress t=1 c=1 rps=- run=4: 77/1000000 ok=77 err=0
writes/turso-per-tenant/update-progress t=1 c=1 rps=- run=4: 91/1000000 ok=91 err=0
writes/turso-per-tenant/update-progress t=1 c=1 rps=- run=4: 105/1000000 ok=105 err=0
writes/turso-per-tenant/update-progress t=1 c=1 rps=- run=4: 119/1000000 ok=119 err=0
writes/turso-per-tenant/update-progress t=1 c=1 rps=- run=4: 133/1000000 ok=133 err=0
writes/turso-per-tenant/update-progress t=1 c=1 rps=- run=4: 147/1000000 ok=147 err=0
writes/turso-per-tenant/update-progress t=1 c=1 rps=- run=4: 161/1000000 ok=161 err=0
writes/turso-per-tenant/update-progress t=1 c=1 rps=- run=4: 175/1000000 ok=175 err=0
writes/turso-per-tenant/update-progress t=1 c=1 rps=- run=4: 180/1000000 ok=180 err=0
writes/tursodb-per-tenant/update-progress t=1 c=1 rps=- run=4: 7/1000000 ok=7 err=0
writes/tursodb-per-tenant/update-progress t=1 c=1 rps=- run=4: 15/1000000 ok=12 err=3
writes/tursodb-per-tenant/update-progress t=1 c=1 rps=- run=4: 23/1000000 ok=18 err=5
writes/tursodb-per-tenant/update-progress t=1 c=1 rps=- run=4: 31/1000000 ok=25 err=6
writes/tursodb-per-tenant/update-progress t=1 c=1 rps=- run=4: 41/1000000 ok=31 err=10
writes/tursodb-per-tenant/update-progress t=1 c=1 rps=- run=4: 48/1000000 ok=38 err=10
writes/tursodb-per-tenant/update-progress t=1 c=1 rps=- run=4: 55/1000000 ok=45 err=10
writes/tursodb-per-tenant/update-progress t=1 c=1 rps=- run=4: 64/1000000 ok=53 err=11
writes/tursodb-per-tenant/update-progress t=1 c=1 rps=- run=4: 72/1000000 ok=60 err=12
writes/tursodb-per-tenant/update-progress t=1 c=1 rps=- run=4: 81/1000000 ok=67 err=14
writes/tursodb-per-tenant/update-progress t=1 c=1 rps=- run=4: 89/1000000 ok=74 err=15
writes/tursodb-per-tenant/update-progress t=1 c=1 rps=- run=4: 97/1000000 ok=81 err=16
writes/tursodb-per-tenant/update-progress t=1 c=1 rps=- run=4: 106/1000000 ok=89 err=17
writes/tursodb-per-tenant/update-progress t=1 c=1 rps=- run=4: 114/1000000 ok=97 err=17
writes/tursodb-per-tenant/update-progress t=1 c=1 rps=- run=4: 115/1000000 ok=98 err=17
writes/d1-per-tenant/update-progress t=1 c=10 rps=- run=4: 114/1000000 ok=114 err=0
writes/d1-per-tenant/update-progress t=1 c=10 rps=- run=4: 243/1000000 ok=243 err=0
writes/d1-per-tenant/update-progress t=1 c=10 rps=- run=4: 370/1000000 ok=370 err=0
writes/d1-per-tenant/update-progress t=1 c=10 rps=- run=4: 505/1000000 ok=505 err=0
writes/d1-per-tenant/update-progress t=1 c=10 rps=- run=4: 627/1000000 ok=627 err=0
writes/d1-per-tenant/update-progress t=1 c=10 rps=- run=4: 746/1000000 ok=746 err=0
writes/d1-per-tenant/update-progress t=1 c=10 rps=- run=4: 863/1000000 ok=863 err=0
writes/d1-per-tenant/update-progress t=1 c=10 rps=- run=4: 949/1000000 ok=949 err=0
writes/d1-per-tenant/update-progress t=1 c=10 rps=- run=4: 1055/1000000 ok=1055 err=0
writes/d1-per-tenant/update-progress t=1 c=10 rps=- run=4: 1182/1000000 ok=1182 err=0
writes/d1-per-tenant/update-progress t=1 c=10 rps=- run=4: 1303/1000000 ok=1303 err=0
writes/d1-per-tenant/update-progress t=1 c=10 rps=- run=4: 1421/1000000 ok=1421 err=0
writes/d1-per-tenant/update-progress t=1 c=10 rps=- run=4: 1548/1000000 ok=1548 err=0
writes/d1-per-tenant/update-progress t=1 c=10 rps=- run=4: 1668/1000000 ok=1668 err=0
writes/d1-per-tenant/update-progress t=1 c=10 rps=- run=4: 1769/1000000 ok=1769 err=0
writes/turso-per-tenant/update-progress t=1 c=10 rps=- run=4: 62/1000000 ok=62 err=0
writes/turso-per-tenant/update-progress t=1 c=10 rps=- run=4: 155/1000000 ok=155 err=0
writes/turso-per-tenant/update-progress t=1 c=10 rps=- run=4: 241/1000000 ok=241 err=0
writes/turso-per-tenant/update-progress t=1 c=10 rps=- run=4: 329/1000000 ok=329 err=0
writes/turso-per-tenant/update-progress t=1 c=10 rps=- run=4: 436/1000000 ok=436 err=0
writes/turso-per-tenant/update-progress t=1 c=10 rps=- run=4: 530/1000000 ok=530 err=0
writes/turso-per-tenant/update-progress t=1 c=10 rps=- run=4: 633/1000000 ok=633 err=0
writes/turso-per-tenant/update-progress t=1 c=10 rps=- run=4: 730/1000000 ok=730 err=0
writes/turso-per-tenant/update-progress t=1 c=10 rps=- run=4: 839/1000000 ok=839 err=0
writes/turso-per-tenant/update-progress t=1 c=10 rps=- run=4: 948/1000000 ok=948 err=0
writes/turso-per-tenant/update-progress t=1 c=10 rps=- run=4: 1041/1000000 ok=1041 err=0
writes/turso-per-tenant/update-progress t=1 c=10 rps=- run=4: 1144/1000000 ok=1144 err=0
writes/turso-per-tenant/update-progress t=1 c=10 rps=- run=4: 1236/1000000 ok=1236 err=0
writes/turso-per-tenant/update-progress t=1 c=10 rps=- run=4: 1341/1000000 ok=1341 err=0
writes/turso-per-tenant/update-progress t=1 c=10 rps=- run=4: 1437/1000000 ok=1437 err=0
writes/turso-per-tenant/update-progress t=1 c=10 rps=- run=4: 1439/1000000 ok=1439 err=0
writes/tursodb-per-tenant/update-progress t=1 c=10 rps=- run=4: 43/1000000 ok=33 err=10
writes/tursodb-per-tenant/update-progress t=1 c=10 rps=- run=4: 85/1000000 ok=71 err=14
writes/tursodb-per-tenant/update-progress t=1 c=10 rps=- run=4: 122/1000000 ok=104 err=18
writes/tursodb-per-tenant/update-progress t=1 c=10 rps=- run=4: 164/1000000 ok=142 err=22
writes/tursodb-per-tenant/update-progress t=1 c=10 rps=- run=4: 213/1000000 ok=180 err=33
writes/tursodb-per-tenant/update-progress t=1 c=10 rps=- run=4: 260/1000000 ok=216 err=44
writes/tursodb-per-tenant/update-progress t=1 c=10 rps=- run=4: 292/1000000 ok=246 err=46
writes/tursodb-per-tenant/update-progress t=1 c=10 rps=- run=4: 322/1000000 ok=274 err=48
writes/tursodb-per-tenant/update-progress t=1 c=10 rps=- run=4: 362/1000000 ok=305 err=57
writes/tursodb-per-tenant/update-progress t=1 c=10 rps=- run=4: 394/1000000 ok=332 err=62
writes/tursodb-per-tenant/update-progress t=1 c=10 rps=- run=4: 427/1000000 ok=362 err=65
writes/tursodb-per-tenant/update-progress t=1 c=10 rps=- run=4: 463/1000000 ok=392 err=71
writes/tursodb-per-tenant/update-progress t=1 c=10 rps=- run=4: 497/1000000 ok=420 err=77
writes/tursodb-per-tenant/update-progress t=1 c=10 rps=- run=4: 538/1000000 ok=453 err=85
writes/tursodb-per-tenant/update-progress t=1 c=10 rps=- run=4: 575/1000000 ok=485 err=90
writes/tursodb-per-tenant/update-progress t=1 c=10 rps=- run=4: 578/1000000 ok=488 err=90
writes/d1-per-tenant/update-progress t=1 c=50 rps=- run=4: 438/1000000 ok=438 err=0
writes/d1-per-tenant/update-progress t=1 c=50 rps=- run=4: 810/1000000 ok=810 err=0
writes/d1-per-tenant/update-progress t=1 c=50 rps=- run=4: 1243/1000000 ok=1243 err=0
writes/d1-per-tenant/update-progress t=1 c=50 rps=- run=4: 1688/1000000 ok=1688 err=0
writes/d1-per-tenant/update-progress t=1 c=50 rps=- run=4: 2168/1000000 ok=2168 err=0
writes/d1-per-tenant/update-progress t=1 c=50 rps=- run=4: 2653/1000000 ok=2653 err=0
writes/d1-per-tenant/update-progress t=1 c=50 rps=- run=4: 3062/1000000 ok=3062 err=0
writes/d1-per-tenant/update-progress t=1 c=50 rps=- run=4: 3563/1000000 ok=3563 err=0
writes/d1-per-tenant/update-progress t=1 c=50 rps=- run=4: 4040/1000000 ok=4040 err=0
writes/d1-per-tenant/update-progress t=1 c=50 rps=- run=4: 4492/1000000 ok=4492 err=0
writes/d1-per-tenant/update-progress t=1 c=50 rps=- run=4: 4900/1000000 ok=4900 err=0
writes/d1-per-tenant/update-progress t=1 c=50 rps=- run=4: 5403/1000000 ok=5403 err=0
writes/d1-per-tenant/update-progress t=1 c=50 rps=- run=4: 5934/1000000 ok=5934 err=0
writes/d1-per-tenant/update-progress t=1 c=50 rps=- run=4: 6373/1000000 ok=6373 err=0
writes/d1-per-tenant/update-progress t=1 c=50 rps=- run=4: 6818/1000000 ok=6818 err=0
writes/turso-per-tenant/update-progress t=1 c=50 rps=- run=4: 46/1000000 ok=46 err=0
writes/turso-per-tenant/update-progress t=1 c=50 rps=- run=4: 115/1000000 ok=115 err=0
writes/turso-per-tenant/update-progress t=1 c=50 rps=- run=4: 195/1000000 ok=195 err=0
writes/turso-per-tenant/update-progress t=1 c=50 rps=- run=4: 273/1000000 ok=273 err=0
writes/turso-per-tenant/update-progress t=1 c=50 rps=- run=4: 356/1000000 ok=356 err=0
writes/turso-per-tenant/update-progress t=1 c=50 rps=- run=4: 444/1000000 ok=444 err=0
writes/turso-per-tenant/update-progress t=1 c=50 rps=- run=4: 529/1000000 ok=529 err=0
writes/turso-per-tenant/update-progress t=1 c=50 rps=- run=4: 611/1000000 ok=611 err=0
writes/turso-per-tenant/update-progress t=1 c=50 rps=- run=4: 691/1000000 ok=691 err=0
writes/turso-per-tenant/update-progress t=1 c=50 rps=- run=4: 780/1000000 ok=780 err=0
writes/turso-per-tenant/update-progress t=1 c=50 rps=- run=4: 866/1000000 ok=866 err=0
writes/turso-per-tenant/update-progress t=1 c=50 rps=- run=4: 949/1000000 ok=949 err=0
writes/turso-per-tenant/update-progress t=1 c=50 rps=- run=4: 1015/1000000 ok=1015 err=0
writes/turso-per-tenant/update-progress t=1 c=50 rps=- run=4: 1086/1000000 ok=1086 err=0
writes/turso-per-tenant/update-progress t=1 c=50 rps=- run=4: 1161/1000000 ok=1161 err=0
writes/turso-per-tenant/update-progress t=1 c=50 rps=- run=4: 1200/1000000 ok=1200 err=0
writes/tursodb-per-tenant/update-progress t=1 c=50 rps=- run=4: 33/1000000 ok=27 err=6
writes/tursodb-per-tenant/update-progress t=1 c=50 rps=- run=4: 65/1000000 ok=54 err=11
writes/tursodb-per-tenant/update-progress t=1 c=50 rps=- run=4: 98/1000000 ok=80 err=18
writes/tursodb-per-tenant/update-progress t=1 c=50 rps=- run=4: 127/1000000 ok=106 err=21
writes/tursodb-per-tenant/update-progress t=1 c=50 rps=- run=4: 158/1000000 ok=133 err=25
writes/tursodb-per-tenant/update-progress t=1 c=50 rps=- run=4: 182/1000000 ok=155 err=27
writes/tursodb-per-tenant/update-progress t=1 c=50 rps=- run=4: 214/1000000 ok=179 err=35
writes/tursodb-per-tenant/update-progress t=1 c=50 rps=- run=4: 250/1000000 ok=205 err=45
writes/tursodb-per-tenant/update-progress t=1 c=50 rps=- run=4: 278/1000000 ok=228 err=50
writes/tursodb-per-tenant/update-progress t=1 c=50 rps=- run=4: 304/1000000 ok=253 err=51
writes/tursodb-per-tenant/update-progress t=1 c=50 rps=- run=4: 332/1000000 ok=277 err=55
writes/tursodb-per-tenant/update-progress t=1 c=50 rps=- run=4: 360/1000000 ok=299 err=61
writes/tursodb-per-tenant/update-progress t=1 c=50 rps=- run=4: 382/1000000 ok=318 err=64
writes/tursodb-per-tenant/update-progress t=1 c=50 rps=- run=4: 407/1000000 ok=341 err=66
writes/tursodb-per-tenant/update-progress t=1 c=50 rps=- run=4: 439/1000000 ok=368 err=71
writes/tursodb-per-tenant/update-progress t=1 c=50 rps=- run=4: 463/1000000 ok=388 err=75
writes/tursodb-per-tenant/update-progress t=1 c=50 rps=- run=4: 477/1000000 ok=395 err=82
writes/d1-per-tenant/update-progress t=1 c=100 rps=- run=4: 479/1000000 ok=479 err=0
writes/d1-per-tenant/update-progress t=1 c=100 rps=- run=4: 1104/1000000 ok=1104 err=0
writes/d1-per-tenant/update-progress t=1 c=100 rps=- run=4: 1626/1000000 ok=1626 err=0
writes/d1-per-tenant/update-progress t=1 c=100 rps=- run=4: 2136/1000000 ok=2136 err=0
writes/d1-per-tenant/update-progress t=1 c=100 rps=- run=4: 2755/1000000 ok=2755 err=0
writes/d1-per-tenant/update-progress t=1 c=100 rps=- run=4: 3306/1000000 ok=3306 err=0
writes/d1-per-tenant/update-progress t=1 c=100 rps=- run=4: 3895/1000000 ok=3895 err=0
writes/d1-per-tenant/update-progress t=1 c=100 rps=- run=4: 4543/1000000 ok=4543 err=0
writes/d1-per-tenant/update-progress t=1 c=100 rps=- run=4: 5017/1000000 ok=5017 err=0
writes/d1-per-tenant/update-progress t=1 c=100 rps=- run=4: 5668/1000000 ok=5668 err=0
writes/d1-per-tenant/update-progress t=1 c=100 rps=- run=4: 6303/1000000 ok=6303 err=0
writes/d1-per-tenant/update-progress t=1 c=100 rps=- run=4: 6845/1000000 ok=6845 err=0
writes/d1-per-tenant/update-progress t=1 c=100 rps=- run=4: 7349/1000000 ok=7349 err=0
writes/d1-per-tenant/update-progress t=1 c=100 rps=- run=4: 7902/1000000 ok=7902 err=0
writes/d1-per-tenant/update-progress t=1 c=100 rps=- run=4: 8427/1000000 ok=8427 err=0
writes/turso-per-tenant/update-progress t=1 c=100 rps=- run=4: 62/1000000 ok=62 err=0
writes/turso-per-tenant/update-progress t=1 c=100 rps=- run=4: 133/1000000 ok=133 err=0
writes/turso-per-tenant/update-progress t=1 c=100 rps=- run=4: 211/1000000 ok=208 err=3
writes/turso-per-tenant/update-progress t=1 c=100 rps=- run=4: 282/1000000 ok=278 err=4
writes/turso-per-tenant/update-progress t=1 c=100 rps=- run=4: 361/1000000 ok=354 err=7
writes/turso-per-tenant/update-progress t=1 c=100 rps=- run=4: 429/1000000 ok=421 err=8
writes/turso-per-tenant/update-progress t=1 c=100 rps=- run=4: 510/1000000 ok=502 err=8
writes/turso-per-tenant/update-progress t=1 c=100 rps=- run=4: 589/1000000 ok=581 err=8
writes/turso-per-tenant/update-progress t=1 c=100 rps=- run=4: 663/1000000 ok=655 err=8
writes/turso-per-tenant/update-progress t=1 c=100 rps=- run=4: 740/1000000 ok=730 err=10
writes/turso-per-tenant/update-progress t=1 c=100 rps=- run=4: 823/1000000 ok=813 err=10
writes/turso-per-tenant/update-progress t=1 c=100 rps=- run=4: 904/1000000 ok=893 err=11
writes/turso-per-tenant/update-progress t=1 c=100 rps=- run=4: 976/1000000 ok=964 err=12
writes/turso-per-tenant/update-progress t=1 c=100 rps=- run=4: 1053/1000000 ok=1041 err=12
writes/turso-per-tenant/update-progress t=1 c=100 rps=- run=4: 1133/1000000 ok=1121 err=12
writes/turso-per-tenant/update-progress t=1 c=100 rps=- run=4: 1206/1000000 ok=1193 err=13
writes/turso-per-tenant/update-progress t=1 c=100 rps=- run=4: 1219/1000000 ok=1206 err=13
writes/tursodb-per-tenant/update-progress t=1 c=100 rps=- run=4: 45/1000000 ok=36 err=9
writes/tursodb-per-tenant/update-progress t=1 c=100 rps=- run=4: 91/1000000 ok=76 err=15
writes/tursodb-per-tenant/update-progress t=1 c=100 rps=- run=4: 142/1000000 ok=107 err=35
writes/tursodb-per-tenant/update-progress t=1 c=100 rps=- run=4: 200/1000000 ok=136 err=64
writes/tursodb-per-tenant/update-progress t=1 c=100 rps=- run=4: 248/1000000 ok=161 err=87
writes/tursodb-per-tenant/update-progress t=1 c=100 rps=- run=4: 291/1000000 ok=191 err=100
writes/tursodb-per-tenant/update-progress t=1 c=100 rps=- run=4: 333/1000000 ok=215 err=118
writes/tursodb-per-tenant/update-progress t=1 c=100 rps=- run=4: 380/1000000 ok=236 err=144
writes/tursodb-per-tenant/update-progress t=1 c=100 rps=- run=4: 431/1000000 ok=254 err=177
writes/tursodb-per-tenant/update-progress t=1 c=100 rps=- run=4: 475/1000000 ok=277 err=198
writes/tursodb-per-tenant/update-progress t=1 c=100 rps=- run=4: 519/1000000 ok=299 err=220
writes/tursodb-per-tenant/update-progress t=1 c=100 rps=- run=4: 560/1000000 ok=320 err=240
writes/tursodb-per-tenant/update-progress t=1 c=100 rps=- run=4: 609/1000000 ok=345 err=264
writes/tursodb-per-tenant/update-progress t=1 c=100 rps=- run=4: 655/1000000 ok=364 err=291
writes/tursodb-per-tenant/update-progress t=1 c=100 rps=- run=4: 700/1000000 ok=386 err=314
writes/tursodb-per-tenant/update-progress t=1 c=100 rps=- run=4: 739/1000000 ok=402 err=337
writes/tursodb-per-tenant/update-progress t=1 c=100 rps=- run=4: 779/1000000 ok=409 err=370
writes/tursodb-per-tenant/update-progress t=1 c=100 rps=- run=4: 786/1000000 ok=410 err=376
writes/d1-per-tenant/submit-quiz-answer t=1 c=1 rps=- run=4: 10/1000000 ok=10 err=0
writes/d1-per-tenant/submit-quiz-answer t=1 c=1 rps=- run=4: 20/1000000 ok=20 err=0
writes/d1-per-tenant/submit-quiz-answer t=1 c=1 rps=- run=4: 30/1000000 ok=30 err=0
writes/d1-per-tenant/submit-quiz-answer t=1 c=1 rps=- run=4: 39/1000000 ok=39 err=0
writes/d1-per-tenant/submit-quiz-answer t=1 c=1 rps=- run=4: 48/1000000 ok=48 err=0
writes/d1-per-tenant/submit-quiz-answer t=1 c=1 rps=- run=4: 57/1000000 ok=57 err=0
writes/d1-per-tenant/submit-quiz-answer t=1 c=1 rps=- run=4: 67/1000000 ok=67 err=0
writes/d1-per-tenant/submit-quiz-answer t=1 c=1 rps=- run=4: 77/1000000 ok=77 err=0
writes/d1-per-tenant/submit-quiz-answer t=1 c=1 rps=- run=4: 87/1000000 ok=87 err=0
writes/d1-per-tenant/submit-quiz-answer t=1 c=1 rps=- run=4: 97/1000000 ok=97 err=0
writes/d1-per-tenant/submit-quiz-answer t=1 c=1 rps=- run=4: 107/1000000 ok=107 err=0
writes/d1-per-tenant/submit-quiz-answer t=1 c=1 rps=- run=4: 117/1000000 ok=117 err=0
writes/d1-per-tenant/submit-quiz-answer t=1 c=1 rps=- run=4: 127/1000000 ok=127 err=0
writes/d1-per-tenant/submit-quiz-answer t=1 c=1 rps=- run=4: 137/1000000 ok=137 err=0
writes/d1-per-tenant/submit-quiz-answer t=1 c=1 rps=- run=4: 138/1000000 ok=138 err=0
writes/turso-per-tenant/submit-quiz-answer t=1 c=1 rps=- run=4: 9/1000000 ok=9 err=0
writes/turso-per-tenant/submit-quiz-answer t=1 c=1 rps=- run=4: 17/1000000 ok=17 err=0
writes/turso-per-tenant/submit-quiz-answer t=1 c=1 rps=- run=4: 26/1000000 ok=26 err=0
writes/turso-per-tenant/submit-quiz-answer t=1 c=1 rps=- run=4: 34/1000000 ok=34 err=0
writes/turso-per-tenant/submit-quiz-answer t=1 c=1 rps=- run=4: 43/1000000 ok=43 err=0
writes/turso-per-tenant/submit-quiz-answer t=1 c=1 rps=- run=4: 51/1000000 ok=51 err=0
writes/turso-per-tenant/submit-quiz-answer t=1 c=1 rps=- run=4: 60/1000000 ok=60 err=0
writes/turso-per-tenant/submit-quiz-answer t=1 c=1 rps=- run=4: 69/1000000 ok=69 err=0
writes/turso-per-tenant/submit-quiz-answer t=1 c=1 rps=- run=4: 78/1000000 ok=78 err=0
writes/turso-per-tenant/submit-quiz-answer t=1 c=1 rps=- run=4: 87/1000000 ok=87 err=0
writes/turso-per-tenant/submit-quiz-answer t=1 c=1 rps=- run=4: 97/1000000 ok=97 err=0
writes/turso-per-tenant/submit-quiz-answer t=1 c=1 rps=- run=4: 107/1000000 ok=107 err=0
writes/turso-per-tenant/submit-quiz-answer t=1 c=1 rps=- run=4: 116/1000000 ok=116 err=0
writes/turso-per-tenant/submit-quiz-answer t=1 c=1 rps=- run=4: 125/1000000 ok=125 err=0
writes/turso-per-tenant/submit-quiz-answer t=1 c=1 rps=- run=4: 128/1000000 ok=128 err=0
writes/tursodb-per-tenant/submit-quiz-answer t=1 c=1 rps=- run=4: 6/1000000 ok=6 err=0
writes/tursodb-per-tenant/submit-quiz-answer t=1 c=1 rps=- run=4: 13/1000000 ok=13 err=0
writes/tursodb-per-tenant/submit-quiz-answer t=1 c=1 rps=- run=4: 20/1000000 ok=20 err=0
writes/tursodb-per-tenant/submit-quiz-answer t=1 c=1 rps=- run=4: 26/1000000 ok=26 err=0
writes/tursodb-per-tenant/submit-quiz-answer t=1 c=1 rps=- run=4: 33/1000000 ok=33 err=0
writes/tursodb-per-tenant/submit-quiz-answer t=1 c=1 rps=- run=4: 40/1000000 ok=40 err=0
writes/tursodb-per-tenant/submit-quiz-answer t=1 c=1 rps=- run=4: 47/1000000 ok=47 err=0
writes/tursodb-per-tenant/submit-quiz-answer t=1 c=1 rps=- run=4: 53/1000000 ok=53 err=0
writes/tursodb-per-tenant/submit-quiz-answer t=1 c=1 rps=- run=4: 60/1000000 ok=60 err=0
writes/tursodb-per-tenant/submit-quiz-answer t=1 c=1 rps=- run=4: 67/1000000 ok=67 err=0
writes/tursodb-per-tenant/submit-quiz-answer t=1 c=1 rps=- run=4: 73/1000000 ok=73 err=0
writes/tursodb-per-tenant/submit-quiz-answer t=1 c=1 rps=- run=4: 80/1000000 ok=80 err=0
writes/tursodb-per-tenant/submit-quiz-answer t=1 c=1 rps=- run=4: 87/1000000 ok=87 err=0
writes/tursodb-per-tenant/submit-quiz-answer t=1 c=1 rps=- run=4: 90/1000000 ok=90 err=0
writes/d1-per-tenant/submit-quiz-answer t=1 c=10 rps=- run=4: 79/1000000 ok=79 err=0
writes/d1-per-tenant/submit-quiz-answer t=1 c=10 rps=- run=4: 160/1000000 ok=160 err=0
writes/d1-per-tenant/submit-quiz-answer t=1 c=10 rps=- run=4: 239/1000000 ok=239 err=0
writes/d1-per-tenant/submit-quiz-answer t=1 c=10 rps=- run=4: 318/1000000 ok=318 err=0
writes/d1-per-tenant/submit-quiz-answer t=1 c=10 rps=- run=4: 400/1000000 ok=400 err=0
writes/d1-per-tenant/submit-quiz-answer t=1 c=10 rps=- run=4: 479/1000000 ok=479 err=0
writes/d1-per-tenant/submit-quiz-answer t=1 c=10 rps=- run=4: 561/1000000 ok=561 err=0
writes/d1-per-tenant/submit-quiz-answer t=1 c=10 rps=- run=4: 647/1000000 ok=647 err=0
writes/d1-per-tenant/submit-quiz-answer t=1 c=10 rps=- run=4: 727/1000000 ok=727 err=0
writes/d1-per-tenant/submit-quiz-answer t=1 c=10 rps=- run=4: 813/1000000 ok=813 err=0
writes/d1-per-tenant/submit-quiz-answer t=1 c=10 rps=- run=4: 888/1000000 ok=888 err=0
writes/d1-per-tenant/submit-quiz-answer t=1 c=10 rps=- run=4: 974/1000000 ok=974 err=0
writes/d1-per-tenant/submit-quiz-answer t=1 c=10 rps=- run=4: 1054/1000000 ok=1054 err=0
writes/d1-per-tenant/submit-quiz-answer t=1 c=10 rps=- run=4: 1134/1000000 ok=1134 err=0
writes/d1-per-tenant/submit-quiz-answer t=1 c=10 rps=- run=4: 1197/1000000 ok=1197 err=0
writes/turso-per-tenant/submit-quiz-answer t=1 c=10 rps=- run=4: 52/1000000 ok=52 err=0
writes/turso-per-tenant/submit-quiz-answer t=1 c=10 rps=- run=4: 128/1000000 ok=128 err=0
writes/turso-per-tenant/submit-quiz-answer t=1 c=10 rps=- run=4: 207/1000000 ok=207 err=0
writes/turso-per-tenant/submit-quiz-answer t=1 c=10 rps=- run=4: 286/1000000 ok=286 err=0
writes/turso-per-tenant/submit-quiz-answer t=1 c=10 rps=- run=4: 355/1000000 ok=355 err=0
writes/turso-per-tenant/submit-quiz-answer t=1 c=10 rps=- run=4: 437/1000000 ok=437 err=0
writes/turso-per-tenant/submit-quiz-answer t=1 c=10 rps=- run=4: 515/1000000 ok=515 err=0
writes/turso-per-tenant/submit-quiz-answer t=1 c=10 rps=- run=4: 590/1000000 ok=590 err=0
writes/turso-per-tenant/submit-quiz-answer t=1 c=10 rps=- run=4: 672/1000000 ok=672 err=0
writes/turso-per-tenant/submit-quiz-answer t=1 c=10 rps=- run=4: 749/1000000 ok=749 err=0
writes/turso-per-tenant/submit-quiz-answer t=1 c=10 rps=- run=4: 828/1000000 ok=828 err=0
writes/turso-per-tenant/submit-quiz-answer t=1 c=10 rps=- run=4: 902/1000000 ok=902 err=0
writes/turso-per-tenant/submit-quiz-answer t=1 c=10 rps=- run=4: 979/1000000 ok=979 err=0
writes/turso-per-tenant/submit-quiz-answer t=1 c=10 rps=- run=4: 1056/1000000 ok=1056 err=0
writes/turso-per-tenant/submit-quiz-answer t=1 c=10 rps=- run=4: 1119/1000000 ok=1119 err=0
writes/turso-per-tenant/submit-quiz-answer t=1 c=10 rps=- run=4: 1124/1000000 ok=1124 err=0
writes/tursodb-per-tenant/submit-quiz-answer t=1 c=10 rps=- run=4: 26/1000000 ok=26 err=0
writes/tursodb-per-tenant/submit-quiz-answer t=1 c=10 rps=- run=4: 57/1000000 ok=57 err=0
writes/tursodb-per-tenant/submit-quiz-answer t=1 c=10 rps=- run=4: 86/1000000 ok=86 err=0
writes/tursodb-per-tenant/submit-quiz-answer t=1 c=10 rps=- run=4: 117/1000000 ok=117 err=0
writes/tursodb-per-tenant/submit-quiz-answer t=1 c=10 rps=- run=4: 153/1000000 ok=153 err=0
writes/tursodb-per-tenant/submit-quiz-answer t=1 c=10 rps=- run=4: 184/1000000 ok=184 err=0
writes/tursodb-per-tenant/submit-quiz-answer t=1 c=10 rps=- run=4: 212/1000000 ok=212 err=0
writes/tursodb-per-tenant/submit-quiz-answer t=1 c=10 rps=- run=4: 251/1000000 ok=251 err=0
writes/tursodb-per-tenant/submit-quiz-answer t=1 c=10 rps=- run=4: 286/1000000 ok=286 err=0
writes/tursodb-per-tenant/submit-quiz-answer t=1 c=10 rps=- run=4: 312/1000000 ok=312 err=0
writes/tursodb-per-tenant/submit-quiz-answer t=1 c=10 rps=- run=4: 344/1000000 ok=344 err=0
writes/tursodb-per-tenant/submit-quiz-answer t=1 c=10 rps=- run=4: 375/1000000 ok=375 err=0
writes/tursodb-per-tenant/submit-quiz-answer t=1 c=10 rps=- run=4: 406/1000000 ok=406 err=0
writes/tursodb-per-tenant/submit-quiz-answer t=1 c=10 rps=- run=4: 441/1000000 ok=441 err=0
writes/tursodb-per-tenant/submit-quiz-answer t=1 c=10 rps=- run=4: 473/1000000 ok=473 err=0
writes/tursodb-per-tenant/submit-quiz-answer t=1 c=10 rps=- run=4: 477/1000000 ok=477 err=0
writes/d1-per-tenant/submit-quiz-answer t=1 c=50 rps=- run=4: 198/1000000 ok=198 err=0
writes/d1-per-tenant/submit-quiz-answer t=1 c=50 rps=- run=4: 319/1000000 ok=319 err=0
writes/d1-per-tenant/submit-quiz-answer t=1 c=50 rps=- run=4: 621/1000000 ok=621 err=0
writes/d1-per-tenant/submit-quiz-answer t=1 c=50 rps=- run=4: 847/1000000 ok=847 err=0
writes/d1-per-tenant/submit-quiz-answer t=1 c=50 rps=- run=4: 1108/1000000 ok=1108 err=0
writes/d1-per-tenant/submit-quiz-answer t=1 c=50 rps=- run=4: 1362/1000000 ok=1362 err=0
writes/d1-per-tenant/submit-quiz-answer t=1 c=50 rps=- run=4: 1620/1000000 ok=1620 err=0
writes/d1-per-tenant/submit-quiz-answer t=1 c=50 rps=- run=4: 1879/1000000 ok=1879 err=0
writes/d1-per-tenant/submit-quiz-answer t=1 c=50 rps=- run=4: 2188/1000000 ok=2188 err=0
writes/d1-per-tenant/submit-quiz-answer t=1 c=50 rps=- run=4: 2461/1000000 ok=2461 err=0
writes/d1-per-tenant/submit-quiz-answer t=1 c=50 rps=- run=4: 2774/1000000 ok=2774 err=0
writes/d1-per-tenant/submit-quiz-answer t=1 c=50 rps=- run=4: 3035/1000000 ok=3035 err=0
writes/d1-per-tenant/submit-quiz-answer t=1 c=50 rps=- run=4: 3293/1000000 ok=3293 err=0
writes/d1-per-tenant/submit-quiz-answer t=1 c=50 rps=- run=4: 3492/1000000 ok=3492 err=0
writes/d1-per-tenant/submit-quiz-answer t=1 c=50 rps=- run=4: 3697/1000000 ok=3697 err=0
writes/turso-per-tenant/submit-quiz-answer t=1 c=50 rps=- run=4: 42/1000000 ok=42 err=0
writes/turso-per-tenant/submit-quiz-answer t=1 c=50 rps=- run=4: 120/1000000 ok=120 err=0
writes/turso-per-tenant/submit-quiz-answer t=1 c=50 rps=- run=4: 210/1000000 ok=210 err=0
writes/turso-per-tenant/submit-quiz-answer t=1 c=50 rps=- run=4: 301/1000000 ok=301 err=0
writes/turso-per-tenant/submit-quiz-answer t=1 c=50 rps=- run=4: 395/1000000 ok=395 err=0
writes/turso-per-tenant/submit-quiz-answer t=1 c=50 rps=- run=4: 488/1000000 ok=488 err=0
writes/turso-per-tenant/submit-quiz-answer t=1 c=50 rps=- run=4: 574/1000000 ok=574 err=0
writes/turso-per-tenant/submit-quiz-answer t=1 c=50 rps=- run=4: 668/1000000 ok=668 err=0
writes/turso-per-tenant/submit-quiz-answer t=1 c=50 rps=- run=4: 762/1000000 ok=762 err=0
writes/turso-per-tenant/submit-quiz-answer t=1 c=50 rps=- run=4: 854/1000000 ok=854 err=0
writes/turso-per-tenant/submit-quiz-answer t=1 c=50 rps=- run=4: 949/1000000 ok=949 err=0
writes/turso-per-tenant/submit-quiz-answer t=1 c=50 rps=- run=4: 1038/1000000 ok=1038 err=0
writes/turso-per-tenant/submit-quiz-answer t=1 c=50 rps=- run=4: 1133/1000000 ok=1133 err=0
writes/turso-per-tenant/submit-quiz-answer t=1 c=50 rps=- run=4: 1228/1000000 ok=1228 err=0
writes/turso-per-tenant/submit-quiz-answer t=1 c=50 rps=- run=4: 1322/1000000 ok=1322 err=0
writes/turso-per-tenant/submit-quiz-answer t=1 c=50 rps=- run=4: 1356/1000000 ok=1356 err=0
writes/tursodb-per-tenant/submit-quiz-answer t=1 c=50 rps=- run=4: 32/1000000 ok=32 err=0
writes/tursodb-per-tenant/submit-quiz-answer t=1 c=50 rps=- run=4: 63/1000000 ok=63 err=0
writes/tursodb-per-tenant/submit-quiz-answer t=1 c=50 rps=- run=4: 105/1000000 ok=105 err=0
writes/tursodb-per-tenant/submit-quiz-answer t=1 c=50 rps=- run=4: 137/1000000 ok=137 err=0
writes/tursodb-per-tenant/submit-quiz-answer t=1 c=50 rps=- run=4: 168/1000000 ok=168 err=0
writes/tursodb-per-tenant/submit-quiz-answer t=1 c=50 rps=- run=4: 198/1000000 ok=198 err=0
writes/tursodb-per-tenant/submit-quiz-answer t=1 c=50 rps=- run=4: 230/1000000 ok=230 err=0
writes/tursodb-per-tenant/submit-quiz-answer t=1 c=50 rps=- run=4: 265/1000000 ok=265 err=0
writes/tursodb-per-tenant/submit-quiz-answer t=1 c=50 rps=- run=4: 304/1000000 ok=304 err=0
writes/tursodb-per-tenant/submit-quiz-answer t=1 c=50 rps=- run=4: 336/1000000 ok=336 err=0
writes/tursodb-per-tenant/submit-quiz-answer t=1 c=50 rps=- run=4: 368/1000000 ok=368 err=0
writes/tursodb-per-tenant/submit-quiz-answer t=1 c=50 rps=- run=4: 401/1000000 ok=401 err=0
writes/tursodb-per-tenant/submit-quiz-answer t=1 c=50 rps=- run=4: 432/1000000 ok=432 err=0
writes/tursodb-per-tenant/submit-quiz-answer t=1 c=50 rps=- run=4: 467/1000000 ok=467 err=0
writes/tursodb-per-tenant/submit-quiz-answer t=1 c=50 rps=- run=4: 499/1000000 ok=499 err=0
writes/tursodb-per-tenant/submit-quiz-answer t=1 c=50 rps=- run=4: 515/1000000 ok=515 err=0
writes/tursodb-per-tenant/submit-quiz-answer t=1 c=50 rps=- run=4: 536/1000000 ok=525 err=11
writes/tursodb-per-tenant/submit-quiz-answer t=1 c=50 rps=- run=4: 544/1000000 ok=525 err=19
writes/d1-per-tenant/submit-quiz-answer t=1 c=100 rps=- run=4: 235/1000000 ok=235 err=0
writes/d1-per-tenant/submit-quiz-answer t=1 c=100 rps=- run=4: 576/1000000 ok=576 err=0
writes/d1-per-tenant/submit-quiz-answer t=1 c=100 rps=- run=4: 902/1000000 ok=902 err=0
writes/d1-per-tenant/submit-quiz-answer t=1 c=100 rps=- run=4: 1242/1000000 ok=1242 err=0
writes/d1-per-tenant/submit-quiz-answer t=1 c=100 rps=- run=4: 1556/1000000 ok=1556 err=0
writes/d1-per-tenant/submit-quiz-answer t=1 c=100 rps=- run=4: 1961/1000000 ok=1961 err=0
writes/d1-per-tenant/submit-quiz-answer t=1 c=100 rps=- run=4: 2295/1000000 ok=2295 err=0
writes/d1-per-tenant/submit-quiz-answer t=1 c=100 rps=- run=4: 2664/1000000 ok=2664 err=0
writes/d1-per-tenant/submit-quiz-answer t=1 c=100 rps=- run=4: 3020/1000000 ok=3020 err=0
writes/d1-per-tenant/submit-quiz-answer t=1 c=100 rps=- run=4: 3377/1000000 ok=3377 err=0
writes/d1-per-tenant/submit-quiz-answer t=1 c=100 rps=- run=4: 3729/1000000 ok=3729 err=0
writes/d1-per-tenant/submit-quiz-answer t=1 c=100 rps=- run=4: 4051/1000000 ok=4051 err=0
writes/d1-per-tenant/submit-quiz-answer t=1 c=100 rps=- run=4: 4460/1000000 ok=4460 err=0
writes/d1-per-tenant/submit-quiz-answer t=1 c=100 rps=- run=4: 4678/1000000 ok=4678 err=0
writes/d1-per-tenant/submit-quiz-answer t=1 c=100 rps=- run=4: 4999/1000000 ok=4999 err=0
writes/turso-per-tenant/submit-quiz-answer t=1 c=100 rps=- run=4: 63/1000000 ok=63 err=0
writes/turso-per-tenant/submit-quiz-answer t=1 c=100 rps=- run=4: 141/1000000 ok=141 err=0
writes/turso-per-tenant/submit-quiz-answer t=1 c=100 rps=- run=4: 227/1000000 ok=224 err=3
writes/turso-per-tenant/submit-quiz-answer t=1 c=100 rps=- run=4: 306/1000000 ok=299 err=7
writes/turso-per-tenant/submit-quiz-answer t=1 c=100 rps=- run=4: 382/1000000 ok=370 err=12
writes/turso-per-tenant/submit-quiz-answer t=1 c=100 rps=- run=4: 461/1000000 ok=448 err=13
writes/turso-per-tenant/submit-quiz-answer t=1 c=100 rps=- run=4: 543/1000000 ok=530 err=13
writes/turso-per-tenant/submit-quiz-answer t=1 c=100 rps=- run=4: 630/1000000 ok=617 err=13
writes/turso-per-tenant/submit-quiz-answer t=1 c=100 rps=- run=4: 706/1000000 ok=693 err=13
writes/turso-per-tenant/submit-quiz-answer t=1 c=100 rps=- run=4: 775/1000000 ok=762 err=13
writes/turso-per-tenant/submit-quiz-answer t=1 c=100 rps=- run=4: 856/1000000 ok=841 err=15
writes/turso-per-tenant/submit-quiz-answer t=1 c=100 rps=- run=4: 940/1000000 ok=925 err=15
writes/turso-per-tenant/submit-quiz-answer t=1 c=100 rps=- run=4: 1023/1000000 ok=1008 err=15
writes/turso-per-tenant/submit-quiz-answer t=1 c=100 rps=- run=4: 1113/1000000 ok=1098 err=15
writes/turso-per-tenant/submit-quiz-answer t=1 c=100 rps=- run=4: 1203/1000000 ok=1188 err=15
writes/turso-per-tenant/submit-quiz-answer t=1 c=100 rps=- run=4: 1283/1000000 ok=1268 err=15
writes/tursodb-per-tenant/submit-quiz-answer t=1 c=100 rps=- run=4: 35/1000000 ok=35 err=0
writes/tursodb-per-tenant/submit-quiz-answer t=1 c=100 rps=- run=4: 74/1000000 ok=74 err=0
writes/tursodb-per-tenant/submit-quiz-answer t=1 c=100 rps=- run=4: 125/1000000 ok=105 err=20
writes/tursodb-per-tenant/submit-quiz-answer t=1 c=100 rps=- run=4: 175/1000000 ok=132 err=43
writes/tursodb-per-tenant/submit-quiz-answer t=1 c=100 rps=- run=4: 215/1000000 ok=145 err=70
writes/tursodb-per-tenant/submit-quiz-answer t=1 c=100 rps=- run=4: 252/1000000 ok=153 err=99
writes/tursodb-per-tenant/submit-quiz-answer t=1 c=100 rps=- run=4: 289/1000000 ok=158 err=131
writes/tursodb-per-tenant/submit-quiz-answer t=1 c=100 rps=- run=4: 332/1000000 ok=163 err=169
writes/tursodb-per-tenant/submit-quiz-answer t=1 c=100 rps=- run=4: 377/1000000 ok=168 err=209
writes/tursodb-per-tenant/submit-quiz-answer t=1 c=100 rps=- run=4: 418/1000000 ok=168 err=250
writes/tursodb-per-tenant/submit-quiz-answer t=1 c=100 rps=- run=4: 457/1000000 ok=168 err=289
writes/tursodb-per-tenant/submit-quiz-answer t=1 c=100 rps=- run=4: 490/1000000 ok=168 err=322
writes/tursodb-per-tenant/submit-quiz-answer t=1 c=100 rps=- run=4: 536/1000000 ok=168 err=368
writes/tursodb-per-tenant/submit-quiz-answer t=1 c=100 rps=- run=4: 580/1000000 ok=168 err=412
writes/tursodb-per-tenant/submit-quiz-answer t=1 c=100 rps=- run=4: 622/1000000 ok=168 err=454
writes/tursodb-per-tenant/submit-quiz-answer t=1 c=100 rps=- run=4: 666/1000000 ok=168 err=498
writes/tursodb-per-tenant/submit-quiz-answer t=1 c=100 rps=- run=4: 694/1000000 ok=168 err=526
writes/tursodb-per-tenant/submit-quiz-answer t=1 c=100 rps=- run=4: 696/1000000 ok=168 err=528
writes/d1-per-tenant/order-event t=1 c=1 rps=- run=4: 13/1000000 ok=13 err=0
writes/d1-per-tenant/order-event t=1 c=1 rps=- run=4: 27/1000000 ok=27 err=0
writes/d1-per-tenant/order-event t=1 c=1 rps=- run=4: 41/1000000 ok=41 err=0
writes/d1-per-tenant/order-event t=1 c=1 rps=- run=4: 56/1000000 ok=56 err=0
writes/d1-per-tenant/order-event t=1 c=1 rps=- run=4: 71/1000000 ok=71 err=0
writes/d1-per-tenant/order-event t=1 c=1 rps=- run=4: 85/1000000 ok=85 err=0
writes/d1-per-tenant/order-event t=1 c=1 rps=- run=4: 100/1000000 ok=100 err=0
writes/d1-per-tenant/order-event t=1 c=1 rps=- run=4: 115/1000000 ok=115 err=0
writes/d1-per-tenant/order-event t=1 c=1 rps=- run=4: 130/1000000 ok=130 err=0
writes/d1-per-tenant/order-event t=1 c=1 rps=- run=4: 144/1000000 ok=144 err=0
writes/d1-per-tenant/order-event t=1 c=1 rps=- run=4: 158/1000000 ok=158 err=0
writes/d1-per-tenant/order-event t=1 c=1 rps=- run=4: 173/1000000 ok=173 err=0
writes/d1-per-tenant/order-event t=1 c=1 rps=- run=4: 187/1000000 ok=187 err=0
writes/d1-per-tenant/order-event t=1 c=1 rps=- run=4: 201/1000000 ok=201 err=0
writes/d1-per-tenant/order-event t=1 c=1 rps=- run=4: 207/1000000 ok=207 err=0
writes/turso-per-tenant/order-event t=1 c=1 rps=- run=4: 13/1000000 ok=13 err=0
writes/turso-per-tenant/order-event t=1 c=1 rps=- run=4: 26/1000000 ok=26 err=0
writes/turso-per-tenant/order-event t=1 c=1 rps=- run=4: 39/1000000 ok=39 err=0
writes/turso-per-tenant/order-event t=1 c=1 rps=- run=4: 51/1000000 ok=51 err=0
writes/turso-per-tenant/order-event t=1 c=1 rps=- run=4: 64/1000000 ok=64 err=0
writes/turso-per-tenant/order-event t=1 c=1 rps=- run=4: 76/1000000 ok=76 err=0
writes/turso-per-tenant/order-event t=1 c=1 rps=- run=4: 88/1000000 ok=88 err=0
writes/turso-per-tenant/order-event t=1 c=1 rps=- run=4: 100/1000000 ok=100 err=0
writes/turso-per-tenant/order-event t=1 c=1 rps=- run=4: 114/1000000 ok=114 err=0
writes/turso-per-tenant/order-event t=1 c=1 rps=- run=4: 127/1000000 ok=127 err=0
writes/turso-per-tenant/order-event t=1 c=1 rps=- run=4: 140/1000000 ok=140 err=0
writes/turso-per-tenant/order-event t=1 c=1 rps=- run=4: 153/1000000 ok=153 err=0
writes/turso-per-tenant/order-event t=1 c=1 rps=- run=4: 166/1000000 ok=166 err=0
writes/turso-per-tenant/order-event t=1 c=1 rps=- run=4: 179/1000000 ok=179 err=0
writes/turso-per-tenant/order-event t=1 c=1 rps=- run=4: 186/1000000 ok=186 err=0
writes/tursodb-per-tenant/order-event t=1 c=1 rps=- run=4: 8/1000000 ok=8 err=0
writes/tursodb-per-tenant/order-event t=1 c=1 rps=- run=4: 16/1000000 ok=16 err=0
writes/tursodb-per-tenant/order-event t=1 c=1 rps=- run=4: 24/1000000 ok=24 err=0
writes/tursodb-per-tenant/order-event t=1 c=1 rps=- run=4: 32/1000000 ok=32 err=0
writes/tursodb-per-tenant/order-event t=1 c=1 rps=- run=4: 41/1000000 ok=41 err=0
writes/tursodb-per-tenant/order-event t=1 c=1 rps=- run=4: 49/1000000 ok=49 err=0
writes/tursodb-per-tenant/order-event t=1 c=1 rps=- run=4: 58/1000000 ok=58 err=0
writes/tursodb-per-tenant/order-event t=1 c=1 rps=- run=4: 67/1000000 ok=67 err=0
writes/tursodb-per-tenant/order-event t=1 c=1 rps=- run=4: 76/1000000 ok=76 err=0
writes/tursodb-per-tenant/order-event t=1 c=1 rps=- run=4: 85/1000000 ok=85 err=0
writes/tursodb-per-tenant/order-event t=1 c=1 rps=- run=4: 93/1000000 ok=93 err=0
writes/tursodb-per-tenant/order-event t=1 c=1 rps=- run=4: 102/1000000 ok=102 err=0
writes/tursodb-per-tenant/order-event t=1 c=1 rps=- run=4: 111/1000000 ok=111 err=0
writes/tursodb-per-tenant/order-event t=1 c=1 rps=- run=4: 119/1000000 ok=119 err=0
writes/d1-per-tenant/order-event t=1 c=10 rps=- run=4: 116/1000000 ok=116 err=0
writes/d1-per-tenant/order-event t=1 c=10 rps=- run=4: 230/1000000 ok=230 err=0
writes/d1-per-tenant/order-event t=1 c=10 rps=- run=4: 354/1000000 ok=354 err=0
writes/d1-per-tenant/order-event t=1 c=10 rps=- run=4: 486/1000000 ok=486 err=0
writes/d1-per-tenant/order-event t=1 c=10 rps=- run=4: 612/1000000 ok=612 err=0
writes/d1-per-tenant/order-event t=1 c=10 rps=- run=4: 742/1000000 ok=742 err=0
writes/d1-per-tenant/order-event t=1 c=10 rps=- run=4: 872/1000000 ok=872 err=0
writes/d1-per-tenant/order-event t=1 c=10 rps=- run=4: 1000/1000000 ok=1000 err=0
writes/d1-per-tenant/order-event t=1 c=10 rps=- run=4: 1127/1000000 ok=1127 err=0
writes/d1-per-tenant/order-event t=1 c=10 rps=- run=4: 1257/1000000 ok=1257 err=0
writes/d1-per-tenant/order-event t=1 c=10 rps=- run=4: 1387/1000000 ok=1387 err=0
writes/d1-per-tenant/order-event t=1 c=10 rps=- run=4: 1510/1000000 ok=1510 err=0
writes/d1-per-tenant/order-event t=1 c=10 rps=- run=4: 1636/1000000 ok=1636 err=0
writes/d1-per-tenant/order-event t=1 c=10 rps=- run=4: 1756/1000000 ok=1756 err=0
writes/d1-per-tenant/order-event t=1 c=10 rps=- run=4: 1876/1000000 ok=1876 err=0
writes/turso-per-tenant/order-event t=1 c=10 rps=- run=4: 75/1000000 ok=75 err=0
writes/turso-per-tenant/order-event t=1 c=10 rps=- run=4: 177/1000000 ok=177 err=0
writes/turso-per-tenant/order-event t=1 c=10 rps=- run=4: 269/1000000 ok=269 err=0
writes/turso-per-tenant/order-event t=1 c=10 rps=- run=4: 371/1000000 ok=371 err=0
writes/turso-per-tenant/order-event t=1 c=10 rps=- run=4: 466/1000000 ok=466 err=0
writes/turso-per-tenant/order-event t=1 c=10 rps=- run=4: 574/1000000 ok=574 err=0
writes/turso-per-tenant/order-event t=1 c=10 rps=- run=4: 674/1000000 ok=674 err=0
writes/turso-per-tenant/order-event t=1 c=10 rps=- run=4: 777/1000000 ok=777 err=0
writes/turso-per-tenant/order-event t=1 c=10 rps=- run=4: 875/1000000 ok=875 err=0
writes/turso-per-tenant/order-event t=1 c=10 rps=- run=4: 974/1000000 ok=974 err=0
writes/turso-per-tenant/order-event t=1 c=10 rps=- run=4: 1073/1000000 ok=1073 err=0
writes/turso-per-tenant/order-event t=1 c=10 rps=- run=4: 1174/1000000 ok=1174 err=0
writes/turso-per-tenant/order-event t=1 c=10 rps=- run=4: 1266/1000000 ok=1266 err=0
writes/turso-per-tenant/order-event t=1 c=10 rps=- run=4: 1359/1000000 ok=1359 err=0
writes/turso-per-tenant/order-event t=1 c=10 rps=- run=4: 1459/1000000 ok=1459 err=0
writes/turso-per-tenant/order-event t=1 c=10 rps=- run=4: 1460/1000000 ok=1460 err=0
writes/tursodb-per-tenant/order-event t=1 c=10 rps=- run=4: 19/1000000 ok=19 err=0
writes/tursodb-per-tenant/order-event t=1 c=10 rps=- run=4: 44/1000000 ok=44 err=0
writes/tursodb-per-tenant/order-event t=1 c=10 rps=- run=4: 68/1000000 ok=68 err=0
writes/tursodb-per-tenant/order-event t=1 c=10 rps=- run=4: 92/1000000 ok=92 err=0
writes/tursodb-per-tenant/order-event t=1 c=10 rps=- run=4: 111/1000000 ok=111 err=0
writes/tursodb-per-tenant/order-event t=1 c=10 rps=- run=4: 133/1000000 ok=133 err=0
writes/tursodb-per-tenant/order-event t=1 c=10 rps=- run=4: 150/1000000 ok=150 err=0
writes/tursodb-per-tenant/order-event t=1 c=10 rps=- run=4: 181/1000000 ok=181 err=0
writes/tursodb-per-tenant/order-event t=1 c=10 rps=- run=4: 206/1000000 ok=206 err=0
writes/tursodb-per-tenant/order-event t=1 c=10 rps=- run=4: 229/1000000 ok=229 err=0
writes/tursodb-per-tenant/order-event t=1 c=10 rps=- run=4: 260/1000000 ok=260 err=0
writes/tursodb-per-tenant/order-event t=1 c=10 rps=- run=4: 292/1000000 ok=292 err=0
writes/tursodb-per-tenant/order-event t=1 c=10 rps=- run=4: 319/1000000 ok=319 err=0
writes/tursodb-per-tenant/order-event t=1 c=10 rps=- run=4: 350/1000000 ok=350 err=0
writes/tursodb-per-tenant/order-event t=1 c=10 rps=- run=4: 376/1000000 ok=376 err=0
writes/tursodb-per-tenant/order-event t=1 c=10 rps=- run=4: 379/1000000 ok=379 err=0
writes/d1-per-tenant/order-event t=1 c=50 rps=- run=4: 396/1000000 ok=396 err=0
writes/d1-per-tenant/order-event t=1 c=50 rps=- run=4: 843/1000000 ok=843 err=0
writes/d1-per-tenant/order-event t=1 c=50 rps=- run=4: 1314/1000000 ok=1314 err=0
writes/d1-per-tenant/order-event t=1 c=50 rps=- run=4: 1783/1000000 ok=1783 err=0
writes/d1-per-tenant/order-event t=1 c=50 rps=- run=4: 2178/1000000 ok=2178 err=0
writes/d1-per-tenant/order-event t=1 c=50 rps=- run=4: 2510/1000000 ok=2510 err=0
writes/d1-per-tenant/order-event t=1 c=50 rps=- run=4: 2952/1000000 ok=2952 err=0
writes/d1-per-tenant/order-event t=1 c=50 rps=- run=4: 3400/1000000 ok=3400 err=0
writes/d1-per-tenant/order-event t=1 c=50 rps=- run=4: 3879/1000000 ok=3879 err=0
writes/d1-per-tenant/order-event t=1 c=50 rps=- run=4: 4340/1000000 ok=4340 err=0
writes/d1-per-tenant/order-event t=1 c=50 rps=- run=4: 4895/1000000 ok=4895 err=0
writes/d1-per-tenant/order-event t=1 c=50 rps=- run=4: 5345/1000000 ok=5345 err=0
writes/d1-per-tenant/order-event t=1 c=50 rps=- run=4: 5851/1000000 ok=5851 err=0
writes/d1-per-tenant/order-event t=1 c=50 rps=- run=4: 6336/1000000 ok=6336 err=0
writes/d1-per-tenant/order-event t=1 c=50 rps=- run=4: 6668/1000000 ok=6668 err=0
writes/turso-per-tenant/order-event t=1 c=50 rps=- run=4: 48/1000000 ok=48 err=0
writes/turso-per-tenant/order-event t=1 c=50 rps=- run=4: 136/1000000 ok=136 err=0
writes/turso-per-tenant/order-event t=1 c=50 rps=- run=4: 231/1000000 ok=231 err=0
writes/turso-per-tenant/order-event t=1 c=50 rps=- run=4: 336/1000000 ok=336 err=0
writes/turso-per-tenant/order-event t=1 c=50 rps=- run=4: 441/1000000 ok=441 err=0
writes/turso-per-tenant/order-event t=1 c=50 rps=- run=4: 540/1000000 ok=540 err=0
writes/turso-per-tenant/order-event t=1 c=50 rps=- run=4: 633/1000000 ok=633 err=0
writes/turso-per-tenant/order-event t=1 c=50 rps=- run=4: 727/1000000 ok=727 err=0
writes/turso-per-tenant/order-event t=1 c=50 rps=- run=4: 829/1000000 ok=829 err=0
writes/turso-per-tenant/order-event t=1 c=50 rps=- run=4: 935/1000000 ok=935 err=0
writes/turso-per-tenant/order-event t=1 c=50 rps=- run=4: 1029/1000000 ok=1029 err=0
writes/turso-per-tenant/order-event t=1 c=50 rps=- run=4: 1135/1000000 ok=1135 err=0
writes/turso-per-tenant/order-event t=1 c=50 rps=- run=4: 1240/1000000 ok=1240 err=0
writes/turso-per-tenant/order-event t=1 c=50 rps=- run=4: 1342/1000000 ok=1342 err=0
writes/turso-per-tenant/order-event t=1 c=50 rps=- run=4: 1448/1000000 ok=1448 err=0
writes/turso-per-tenant/order-event t=1 c=50 rps=- run=4: 1487/1000000 ok=1487 err=0
writes/tursodb-per-tenant/order-event t=1 c=50 rps=- run=4: 27/1000000 ok=27 err=0
writes/tursodb-per-tenant/order-event t=1 c=50 rps=- run=4: 49/1000000 ok=49 err=0
writes/tursodb-per-tenant/order-event t=1 c=50 rps=- run=4: 76/1000000 ok=76 err=0
writes/tursodb-per-tenant/order-event t=1 c=50 rps=- run=4: 100/1000000 ok=100 err=0
writes/tursodb-per-tenant/order-event t=1 c=50 rps=- run=4: 118/1000000 ok=118 err=0
writes/tursodb-per-tenant/order-event t=1 c=50 rps=- run=4: 148/1000000 ok=148 err=0
writes/tursodb-per-tenant/order-event t=1 c=50 rps=- run=4: 172/1000000 ok=172 err=0
writes/tursodb-per-tenant/order-event t=1 c=50 rps=- run=4: 197/1000000 ok=197 err=0
writes/tursodb-per-tenant/order-event t=1 c=50 rps=- run=4: 217/1000000 ok=217 err=0
writes/tursodb-per-tenant/order-event t=1 c=50 rps=- run=4: 239/1000000 ok=239 err=0
writes/tursodb-per-tenant/order-event t=1 c=50 rps=- run=4: 269/1000000 ok=269 err=0
writes/tursodb-per-tenant/order-event t=1 c=50 rps=- run=4: 293/1000000 ok=293 err=0
writes/tursodb-per-tenant/order-event t=1 c=50 rps=- run=4: 323/1000000 ok=323 err=0
writes/tursodb-per-tenant/order-event t=1 c=50 rps=- run=4: 341/1000000 ok=341 err=0
writes/tursodb-per-tenant/order-event t=1 c=50 rps=- run=4: 362/1000000 ok=356 err=6
writes/tursodb-per-tenant/order-event t=1 c=50 rps=- run=4: 385/1000000 ok=357 err=28
writes/tursodb-per-tenant/order-event t=1 c=50 rps=- run=4: 402/1000000 ok=374 err=28
writes/tursodb-per-tenant/order-event t=1 c=50 rps=- run=4: 402/1000000 ok=374 err=28
writes/d1-per-tenant/order-event t=1 c=100 rps=- run=4: 502/1000000 ok=502 err=0
writes/d1-per-tenant/order-event t=1 c=100 rps=- run=4: 1143/1000000 ok=1143 err=0
writes/d1-per-tenant/order-event t=1 c=100 rps=- run=4: 1749/1000000 ok=1749 err=0
writes/d1-per-tenant/order-event t=1 c=100 rps=- run=4: 2389/1000000 ok=2389 err=0
writes/d1-per-tenant/order-event t=1 c=100 rps=- run=4: 2836/1000000 ok=2836 err=0
writes/d1-per-tenant/order-event t=1 c=100 rps=- run=4: 3443/1000000 ok=3443 err=0
writes/d1-per-tenant/order-event t=1 c=100 rps=- run=4: 3974/1000000 ok=3974 err=0
writes/d1-per-tenant/order-event t=1 c=100 rps=- run=4: 4485/1000000 ok=4485 err=0
writes/d1-per-tenant/order-event t=1 c=100 rps=- run=4: 5089/1000000 ok=5089 err=0
writes/d1-per-tenant/order-event t=1 c=100 rps=- run=4: 5814/1000000 ok=5814 err=0
writes/d1-per-tenant/order-event t=1 c=100 rps=- run=4: 6390/1000000 ok=6390 err=0
writes/d1-per-tenant/order-event t=1 c=100 rps=- run=4: 7083/1000000 ok=7083 err=0
writes/d1-per-tenant/order-event t=1 c=100 rps=- run=4: 7655/1000000 ok=7654 err=1
writes/d1-per-tenant/order-event t=1 c=100 rps=- run=4: 8282/1000000 ok=8281 err=1
writes/d1-per-tenant/order-event t=1 c=100 rps=- run=4: 8583/1000000 ok=8582 err=1
writes/turso-per-tenant/order-event t=1 c=100 rps=- run=4: 68/1000000 ok=68 err=0
writes/turso-per-tenant/order-event t=1 c=100 rps=- run=4: 158/1000000 ok=158 err=0
writes/turso-per-tenant/order-event t=1 c=100 rps=- run=4: 251/1000000 ok=251 err=0
writes/turso-per-tenant/order-event t=1 c=100 rps=- run=4: 342/1000000 ok=342 err=0
writes/turso-per-tenant/order-event t=1 c=100 rps=- run=4: 441/1000000 ok=441 err=0
writes/turso-per-tenant/order-event t=1 c=100 rps=- run=4: 538/1000000 ok=538 err=0
writes/turso-per-tenant/order-event t=1 c=100 rps=- run=4: 629/1000000 ok=629 err=0
writes/turso-per-tenant/order-event t=1 c=100 rps=- run=4: 734/1000000 ok=734 err=0
writes/turso-per-tenant/order-event t=1 c=100 rps=- run=4: 838/1000000 ok=838 err=0
writes/turso-per-tenant/order-event t=1 c=100 rps=- run=4: 930/1000000 ok=930 err=0
writes/turso-per-tenant/order-event t=1 c=100 rps=- run=4: 1025/1000000 ok=1024 err=1
writes/turso-per-tenant/order-event t=1 c=100 rps=- run=4: 1127/1000000 ok=1125 err=2
writes/turso-per-tenant/order-event t=1 c=100 rps=- run=4: 1232/1000000 ok=1230 err=2
writes/turso-per-tenant/order-event t=1 c=100 rps=- run=4: 1342/1000000 ok=1340 err=2
writes/turso-per-tenant/order-event t=1 c=100 rps=- run=4: 1449/1000000 ok=1446 err=3
writes/turso-per-tenant/order-event t=1 c=100 rps=- run=4: 1536/1000000 ok=1533 err=3
writes/tursodb-per-tenant/order-event t=1 c=100 rps=- run=4: 32/1000000 ok=32 err=0
writes/tursodb-per-tenant/order-event t=1 c=100 rps=- run=4: 73/1000000 ok=73 err=0
writes/tursodb-per-tenant/order-event t=1 c=100 rps=- run=4: 120/1000000 ok=101 err=19
writes/tursodb-per-tenant/order-event t=1 c=100 rps=- run=4: 170/1000000 ok=132 err=38
writes/tursodb-per-tenant/order-event t=1 c=100 rps=- run=4: 211/1000000 ok=154 err=57
writes/tursodb-per-tenant/order-event t=1 c=100 rps=- run=4: 250/1000000 ok=170 err=80
writes/tursodb-per-tenant/order-event t=1 c=100 rps=- run=4: 291/1000000 ok=180 err=111
writes/tursodb-per-tenant/order-event t=1 c=100 rps=- run=4: 331/1000000 ok=193 err=138
writes/tursodb-per-tenant/order-event t=1 c=100 rps=- run=4: 378/1000000 ok=208 err=170
writes/tursodb-per-tenant/order-event t=1 c=100 rps=- run=4: 418/1000000 ok=223 err=195
writes/tursodb-per-tenant/order-event t=1 c=100 rps=- run=4: 461/1000000 ok=235 err=226
writes/tursodb-per-tenant/order-event t=1 c=100 rps=- run=4: 504/1000000 ok=251 err=253
writes/tursodb-per-tenant/order-event t=1 c=100 rps=- run=4: 544/1000000 ok=266 err=278
writes/tursodb-per-tenant/order-event t=1 c=100 rps=- run=4: 588/1000000 ok=273 err=315
writes/tursodb-per-tenant/order-event t=1 c=100 rps=- run=4: 627/1000000 ok=284 err=343
writes/tursodb-per-tenant/order-event t=1 c=100 rps=- run=4: 671/1000000 ok=294 err=377
writes/tursodb-per-tenant/order-event t=1 c=100 rps=- run=4: 709/1000000 ok=299 err=410
writes/tursodb-per-tenant/order-event t=1 c=100 rps=- run=4: 712/1000000 ok=299 err=413
writes/d1-per-tenant/exam-burst t=1 c=50 rps=- run=4: 50/50 ok=50 err=0
writes/d1-per-tenant/exam-burst t=1 c=50 rps=- run=4: 50/50 ok=50 err=0
writes/turso-per-tenant/exam-burst t=1 c=50 rps=- run=4: 50/50 ok=50 err=0
writes/turso-per-tenant/exam-burst t=1 c=50 rps=- run=4: 50/50 ok=50 err=0
writes/tursodb-per-tenant/exam-burst t=1 c=50 rps=- run=4: 1/50 ok=1 err=0
writes/tursodb-per-tenant/exam-burst t=1 c=50 rps=- run=4: 50/50 ok=37 err=13
writes/tursodb-per-tenant/exam-burst t=1 c=50 rps=- run=4: 50/50 ok=37 err=13
writes/d1-per-tenant/exam-burst t=1 c=100 rps=- run=4: 100/100 ok=100 err=0
writes/d1-per-tenant/exam-burst t=1 c=100 rps=- run=4: 100/100 ok=100 err=0
writes/turso-per-tenant/exam-burst t=1 c=100 rps=- run=4: 1/100 ok=1 err=0
writes/turso-per-tenant/exam-burst t=1 c=100 rps=- run=4: 100/100 ok=100 err=0
writes/turso-per-tenant/exam-burst t=1 c=100 rps=- run=4: 100/100 ok=100 err=0
writes/tursodb-per-tenant/exam-burst t=1 c=100 rps=- run=4: 1/100 ok=1 err=0
writes/tursodb-per-tenant/exam-burst t=1 c=100 rps=- run=4: 100/100 ok=55 err=45
writes/tursodb-per-tenant/exam-burst t=1 c=100 rps=- run=4: 100/100 ok=55 err=45
writes/d1-per-tenant/exam-burst t=1 c=250 rps=- run=4: 1/250 ok=1 err=0
writes/d1-per-tenant/exam-burst t=1 c=250 rps=- run=4: 250/250 ok=250 err=0
writes/d1-per-tenant/exam-burst t=1 c=250 rps=- run=4: 250/250 ok=250 err=0
writes/turso-per-tenant/exam-burst t=1 c=250 rps=- run=4: 1/250 ok=1 err=0
writes/turso-per-tenant/exam-burst t=1 c=250 rps=- run=4: 250/250 ok=167 err=83
writes/turso-per-tenant/exam-burst t=1 c=250 rps=- run=4: 250/250 ok=167 err=83
writes/tursodb-per-tenant/exam-burst t=1 c=250 rps=- run=4: 1/250 ok=1 err=0
writes/tursodb-per-tenant/exam-burst t=1 c=250 rps=- run=4: 250/250 ok=88 err=162
writes/tursodb-per-tenant/exam-burst t=1 c=250 rps=- run=4: 250/250 ok=88 err=162
writes/d1-per-tenant/exam-burst t=1 c=500 rps=- run=4: 1/500 ok=1 err=0
writes/d1-per-tenant/exam-burst t=1 c=500 rps=- run=4: 500/500 ok=500 err=0
writes/d1-per-tenant/exam-burst t=1 c=500 rps=- run=4: 500/500 ok=500 err=0
writes/turso-per-tenant/exam-burst t=1 c=500 rps=- run=4: 1/500 ok=1 err=0
writes/turso-per-tenant/exam-burst t=1 c=500 rps=- run=4: 500/500 ok=142 err=358
writes/turso-per-tenant/exam-burst t=1 c=500 rps=- run=4: 500/500 ok=142 err=358
writes/tursodb-per-tenant/exam-burst t=1 c=500 rps=- run=4: 1/500 ok=1 err=0
writes/tursodb-per-tenant/exam-burst t=1 c=500 rps=- run=4: 500/500 ok=68 err=432
writes/tursodb-per-tenant/exam-burst t=1 c=500 rps=- run=4: 500/500 ok=68 err=432
tenant-churn/d1-per-tenant/tenant-churn t=10 c=50 rps=- run=4: 203/1000000 ok=203 err=0
tenant-churn/d1-per-tenant/tenant-churn t=10 c=50 rps=- run=4: 538/1000000 ok=538 err=0
tenant-churn/d1-per-tenant/tenant-churn t=10 c=50 rps=- run=4: 811/1000000 ok=811 err=0
tenant-churn/d1-per-tenant/tenant-churn t=10 c=50 rps=- run=4: 1105/1000000 ok=1105 err=0
tenant-churn/d1-per-tenant/tenant-churn t=10 c=50 rps=- run=4: 1405/1000000 ok=1405 err=0
tenant-churn/d1-per-tenant/tenant-churn t=10 c=50 rps=- run=4: 1614/1000000 ok=1614 err=0
tenant-churn/d1-per-tenant/tenant-churn t=10 c=50 rps=- run=4: 1810/1000000 ok=1810 err=0
tenant-churn/d1-per-tenant/tenant-churn t=10 c=50 rps=- run=4: 2113/1000000 ok=2113 err=0
tenant-churn/d1-per-tenant/tenant-churn t=10 c=50 rps=- run=4: 2467/1000000 ok=2467 err=0
tenant-churn/d1-per-tenant/tenant-churn t=10 c=50 rps=- run=4: 2858/1000000 ok=2858 err=0
tenant-churn/d1-per-tenant/tenant-churn t=10 c=50 rps=- run=4: 3220/1000000 ok=3220 err=0
tenant-churn/d1-per-tenant/tenant-churn t=10 c=50 rps=- run=4: 3575/1000000 ok=3575 err=0
tenant-churn/d1-per-tenant/tenant-churn t=10 c=50 rps=- run=4: 4122/1000000 ok=4122 err=0
tenant-churn/d1-per-tenant/tenant-churn t=10 c=50 rps=- run=4: 4819/1000000 ok=4819 err=0
tenant-churn/d1-per-tenant/tenant-churn t=10 c=50 rps=- run=4: 5410/1000000 ok=5410 err=0
tenant-churn/turso-per-tenant/tenant-churn t=10 c=50 rps=- run=4: 506/1000000 ok=506 err=0
tenant-churn/turso-per-tenant/tenant-churn t=10 c=50 rps=- run=4: 1177/1000000 ok=1177 err=0
tenant-churn/turso-per-tenant/tenant-churn t=10 c=50 rps=- run=4: 1780/1000000 ok=1780 err=0
tenant-churn/turso-per-tenant/tenant-churn t=10 c=50 rps=- run=4: 2511/1000000 ok=2511 err=0
tenant-churn/turso-per-tenant/tenant-churn t=10 c=50 rps=- run=4: 3247/1000000 ok=3247 err=0
tenant-churn/turso-per-tenant/tenant-churn t=10 c=50 rps=- run=4: 3851/1000000 ok=3851 err=0
tenant-churn/turso-per-tenant/tenant-churn t=10 c=50 rps=- run=4: 4566/1000000 ok=4566 err=0
tenant-churn/turso-per-tenant/tenant-churn t=10 c=50 rps=- run=4: 5275/1000000 ok=5275 err=0
tenant-churn/turso-per-tenant/tenant-churn t=10 c=50 rps=- run=4: 5888/1000000 ok=5888 err=0
tenant-churn/turso-per-tenant/tenant-churn t=10 c=50 rps=- run=4: 6477/1000000 ok=6477 err=0
tenant-churn/turso-per-tenant/tenant-churn t=10 c=50 rps=- run=4: 7170/1000000 ok=7170 err=0
tenant-churn/turso-per-tenant/tenant-churn t=10 c=50 rps=- run=4: 7872/1000000 ok=7872 err=0
tenant-churn/turso-per-tenant/tenant-churn t=10 c=50 rps=- run=4: 8607/1000000 ok=8607 err=0
tenant-churn/turso-per-tenant/tenant-churn t=10 c=50 rps=- run=4: 9345/1000000 ok=9345 err=0
tenant-churn/turso-per-tenant/tenant-churn t=10 c=50 rps=- run=4: 9922/1000000 ok=9922 err=0
tenant-churn/tursodb-per-tenant/tenant-churn t=10 c=50 rps=- run=4: 61/1000000 ok=61 err=0
tenant-churn/tursodb-per-tenant/tenant-churn t=10 c=50 rps=- run=4: 542/1000000 ok=542 err=0
tenant-churn/tursodb-per-tenant/tenant-churn t=10 c=50 rps=- run=4: 1181/1000000 ok=1181 err=0
tenant-churn/tursodb-per-tenant/tenant-churn t=10 c=50 rps=- run=4: 1914/1000000 ok=1914 err=0
tenant-churn/tursodb-per-tenant/tenant-churn t=10 c=50 rps=- run=4: 2633/1000000 ok=2633 err=0
tenant-churn/tursodb-per-tenant/tenant-churn t=10 c=50 rps=- run=4: 3360/1000000 ok=3360 err=0
tenant-churn/tursodb-per-tenant/tenant-churn t=10 c=50 rps=- run=4: 4045/1000000 ok=4045 err=0
tenant-churn/tursodb-per-tenant/tenant-churn t=10 c=50 rps=- run=4: 4564/1000000 ok=4564 err=0
tenant-churn/tursodb-per-tenant/tenant-churn t=10 c=50 rps=- run=4: 5297/1000000 ok=5297 err=0
tenant-churn/tursodb-per-tenant/tenant-churn t=10 c=50 rps=- run=4: 6027/1000000 ok=6027 err=0
tenant-churn/tursodb-per-tenant/tenant-churn t=10 c=50 rps=- run=4: 6756/1000000 ok=6756 err=0
tenant-churn/tursodb-per-tenant/tenant-churn t=10 c=50 rps=- run=4: 7486/1000000 ok=7486 err=0
tenant-churn/tursodb-per-tenant/tenant-churn t=10 c=50 rps=- run=4: 8191/1000000 ok=8191 err=0
tenant-churn/tursodb-per-tenant/tenant-churn t=10 c=50 rps=- run=4: 8678/1000000 ok=8678 err=0
tenant-churn/d1-per-tenant/tenant-churn t=30 c=50 rps=- run=4: 677/1000000 ok=677 err=0
tenant-churn/d1-per-tenant/tenant-churn t=30 c=50 rps=- run=4: 1470/1000000 ok=1470 err=0
tenant-churn/d1-per-tenant/tenant-churn t=30 c=50 rps=- run=4: 2284/1000000 ok=2284 err=0
tenant-churn/d1-per-tenant/tenant-churn t=30 c=50 rps=- run=4: 3051/1000000 ok=3051 err=0
tenant-churn/d1-per-tenant/tenant-churn t=30 c=50 rps=- run=4: 3818/1000000 ok=3818 err=0
tenant-churn/d1-per-tenant/tenant-churn t=30 c=50 rps=- run=4: 4476/1000000 ok=4476 err=0
tenant-churn/d1-per-tenant/tenant-churn t=30 c=50 rps=- run=4: 5112/1000000 ok=5112 err=0
tenant-churn/d1-per-tenant/tenant-churn t=30 c=50 rps=- run=4: 5850/1000000 ok=5850 err=0
tenant-churn/d1-per-tenant/tenant-churn t=30 c=50 rps=- run=4: 6674/1000000 ok=6674 err=0
tenant-churn/d1-per-tenant/tenant-churn t=30 c=50 rps=- run=4: 7323/1000000 ok=7323 err=0
tenant-churn/d1-per-tenant/tenant-churn t=30 c=50 rps=- run=4: 8096/1000000 ok=8096 err=0
tenant-churn/d1-per-tenant/tenant-churn t=30 c=50 rps=- run=4: 8763/1000000 ok=8763 err=0
tenant-churn/d1-per-tenant/tenant-churn t=30 c=50 rps=- run=4: 9215/1000000 ok=9215 err=0
tenant-churn/d1-per-tenant/tenant-churn t=30 c=50 rps=- run=4: 9995/1000000 ok=9995 err=0
tenant-churn/d1-per-tenant/tenant-churn t=30 c=50 rps=- run=4: 10676/1000000 ok=10676 err=0
tenant-churn/turso-per-tenant/tenant-churn t=30 c=50 rps=- run=4: 329/1000000 ok=329 err=0
tenant-churn/turso-per-tenant/tenant-churn t=30 c=50 rps=- run=4: 969/1000000 ok=969 err=0
tenant-churn/turso-per-tenant/tenant-churn t=30 c=50 rps=- run=4: 1694/1000000 ok=1694 err=0
tenant-churn/turso-per-tenant/tenant-churn t=30 c=50 rps=- run=4: 2430/1000000 ok=2430 err=0
tenant-churn/turso-per-tenant/tenant-churn t=30 c=50 rps=- run=4: 3128/1000000 ok=3128 err=0
tenant-churn/turso-per-tenant/tenant-churn t=30 c=50 rps=- run=4: 3516/1000000 ok=3516 err=0
tenant-churn/turso-per-tenant/tenant-churn t=30 c=50 rps=- run=4: 3957/1000000 ok=3957 err=0
tenant-churn/turso-per-tenant/tenant-churn t=30 c=50 rps=- run=4: 4421/1000000 ok=4421 err=0
tenant-churn/turso-per-tenant/tenant-churn t=30 c=50 rps=- run=4: 4875/1000000 ok=4875 err=0
tenant-churn/turso-per-tenant/tenant-churn t=30 c=50 rps=- run=4: 5314/1000000 ok=5314 err=0
tenant-churn/turso-per-tenant/tenant-churn t=30 c=50 rps=- run=4: 5707/1000000 ok=5707 err=0
tenant-churn/turso-per-tenant/tenant-churn t=30 c=50 rps=- run=4: 6104/1000000 ok=6104 err=0
tenant-churn/turso-per-tenant/tenant-churn t=30 c=50 rps=- run=4: 6352/1000000 ok=6352 err=0
tenant-churn/turso-per-tenant/tenant-churn t=30 c=50 rps=- run=4: 6652/1000000 ok=6652 err=0
tenant-churn/turso-per-tenant/tenant-churn t=30 c=50 rps=- run=4: 7009/1000000 ok=7009 err=0
tenant-churn/turso-per-tenant/tenant-churn t=30 c=50 rps=- run=4: 7015/1000000 ok=7015 err=0
tenant-churn/tursodb-per-tenant/tenant-churn t=30 c=50 rps=- run=4: 34/1000000 ok=33 err=1
tenant-churn/tursodb-per-tenant/tenant-churn t=30 c=50 rps=- run=4: 95/1000000 ok=44 err=51
tenant-churn/tursodb-per-tenant/tenant-churn t=30 c=50 rps=- run=4: 145/1000000 ok=45 err=100
tenant-churn/tursodb-per-tenant/tenant-churn t=30 c=50 rps=- run=4: 392/1000000 ok=289 err=103
tenant-churn/tursodb-per-tenant/tenant-churn t=30 c=50 rps=- run=4: 881/1000000 ok=778 err=103
tenant-churn/tursodb-per-tenant/tenant-churn t=30 c=50 rps=- run=4: 1536/1000000 ok=1433 err=103
tenant-churn/tursodb-per-tenant/tenant-churn t=30 c=50 rps=- run=4: 2218/1000000 ok=2115 err=103
tenant-churn/tursodb-per-tenant/tenant-churn t=30 c=50 rps=- run=4: 2930/1000000 ok=2827 err=103
tenant-churn/tursodb-per-tenant/tenant-churn t=30 c=50 rps=- run=4: 3621/1000000 ok=3518 err=103
tenant-churn/tursodb-per-tenant/tenant-churn t=30 c=50 rps=- run=4: 4299/1000000 ok=4196 err=103
tenant-churn/tursodb-per-tenant/tenant-churn t=30 c=50 rps=- run=4: 4979/1000000 ok=4876 err=103
tenant-churn/tursodb-per-tenant/tenant-churn t=30 c=50 rps=- run=4: 5253/1000000 ok=5150 err=103
tenant-churn/d1-per-tenant/tenant-churn t=10 c=50 rps=- run=4: 563/1000000 ok=563 err=0
tenant-churn/d1-per-tenant/tenant-churn t=10 c=50 rps=- run=4: 1163/1000000 ok=1163 err=0
tenant-churn/d1-per-tenant/tenant-churn t=10 c=50 rps=- run=4: 1631/1000000 ok=1631 err=0
tenant-churn/d1-per-tenant/tenant-churn t=10 c=50 rps=- run=4: 2190/1000000 ok=2190 err=0
tenant-churn/d1-per-tenant/tenant-churn t=10 c=50 rps=- run=4: 2742/1000000 ok=2742 err=0
tenant-churn/d1-per-tenant/tenant-churn t=10 c=50 rps=- run=4: 3314/1000000 ok=3314 err=0
tenant-churn/d1-per-tenant/tenant-churn t=10 c=50 rps=- run=4: 3863/1000000 ok=3863 err=0
tenant-churn/d1-per-tenant/tenant-churn t=10 c=50 rps=- run=4: 4471/1000000 ok=4471 err=0
tenant-churn/d1-per-tenant/tenant-churn t=10 c=50 rps=- run=4: 5020/1000000 ok=5020 err=0
tenant-churn/d1-per-tenant/tenant-churn t=10 c=50 rps=- run=4: 5704/1000000 ok=5704 err=0
tenant-churn/d1-per-tenant/tenant-churn t=10 c=50 rps=- run=4: 6170/1000000 ok=6170 err=0
tenant-churn/d1-per-tenant/tenant-churn t=10 c=50 rps=- run=4: 6792/1000000 ok=6792 err=0
tenant-churn/d1-per-tenant/tenant-churn t=10 c=50 rps=- run=4: 7352/1000000 ok=7352 err=0
tenant-churn/d1-per-tenant/tenant-churn t=10 c=50 rps=- run=4: 7961/1000000 ok=7961 err=0
tenant-churn/d1-per-tenant/tenant-churn t=10 c=50 rps=- run=4: 8578/1000000 ok=8578 err=0
tenant-churn/d1-per-tenant/tenant-churn t=10 c=50 rps=- run=4: 8598/1000000 ok=8598 err=0
tenant-churn/turso-per-tenant/tenant-churn t=10 c=50 rps=- run=4: 430/1000000 ok=430 err=0
tenant-churn/turso-per-tenant/tenant-churn t=10 c=50 rps=- run=4: 1122/1000000 ok=1122 err=0
tenant-churn/turso-per-tenant/tenant-churn t=10 c=50 rps=- run=4: 1868/1000000 ok=1868 err=0
tenant-churn/turso-per-tenant/tenant-churn t=10 c=50 rps=- run=4: 2435/1000000 ok=2435 err=0
tenant-churn/turso-per-tenant/tenant-churn t=10 c=50 rps=- run=4: 3118/1000000 ok=3118 err=0
tenant-churn/turso-per-tenant/tenant-churn t=10 c=50 rps=- run=4: 3847/1000000 ok=3847 err=0
tenant-churn/turso-per-tenant/tenant-churn t=10 c=50 rps=- run=4: 4522/1000000 ok=4522 err=0
tenant-churn/turso-per-tenant/tenant-churn t=10 c=50 rps=- run=4: 5183/1000000 ok=5183 err=0
tenant-churn/turso-per-tenant/tenant-churn t=10 c=50 rps=- run=4: 5849/1000000 ok=5849 err=0
tenant-churn/turso-per-tenant/tenant-churn t=10 c=50 rps=- run=4: 6529/1000000 ok=6529 err=0
tenant-churn/turso-per-tenant/tenant-churn t=10 c=50 rps=- run=4: 6827/1000000 ok=6827 err=0
tenant-churn/turso-per-tenant/tenant-churn t=10 c=50 rps=- run=4: 7410/1000000 ok=7410 err=0
tenant-churn/turso-per-tenant/tenant-churn t=10 c=50 rps=- run=4: 8136/1000000 ok=8136 err=0
tenant-churn/turso-per-tenant/tenant-churn t=10 c=50 rps=- run=4: 8737/1000000 ok=8737 err=0
tenant-churn/turso-per-tenant/tenant-churn t=10 c=50 rps=- run=4: 9374/1000000 ok=9374 err=0
tenant-churn/tursodb-per-tenant/tenant-churn t=10 c=50 rps=- run=4: 415/1000000 ok=415 err=0
tenant-churn/tursodb-per-tenant/tenant-churn t=10 c=50 rps=- run=4: 1127/1000000 ok=1127 err=0
tenant-churn/tursodb-per-tenant/tenant-churn t=10 c=50 rps=- run=4: 1819/1000000 ok=1819 err=0
tenant-churn/tursodb-per-tenant/tenant-churn t=10 c=50 rps=- run=4: 2508/1000000 ok=2508 err=0
tenant-churn/tursodb-per-tenant/tenant-churn t=10 c=50 rps=- run=4: 3244/1000000 ok=3244 err=0
tenant-churn/tursodb-per-tenant/tenant-churn t=10 c=50 rps=- run=4: 3645/1000000 ok=3645 err=0
tenant-churn/tursodb-per-tenant/tenant-churn t=10 c=50 rps=- run=4: 4350/1000000 ok=4350 err=0
tenant-churn/tursodb-per-tenant/tenant-churn t=10 c=50 rps=- run=4: 5073/1000000 ok=5073 err=0
tenant-churn/tursodb-per-tenant/tenant-churn t=10 c=50 rps=- run=4: 5646/1000000 ok=5646 err=0
tenant-churn/tursodb-per-tenant/tenant-churn t=10 c=50 rps=- run=4: 6305/1000000 ok=6305 err=0
tenant-churn/tursodb-per-tenant/tenant-churn t=10 c=50 rps=- run=4: 7008/1000000 ok=7008 err=0
tenant-churn/tursodb-per-tenant/tenant-churn t=10 c=50 rps=- run=4: 7716/1000000 ok=7716 err=0
tenant-churn/tursodb-per-tenant/tenant-churn t=10 c=50 rps=- run=4: 8409/1000000 ok=8409 err=0
tenant-churn/tursodb-per-tenant/tenant-churn t=10 c=50 rps=- run=4: 9099/1000000 ok=9099 err=0
tenant-churn/tursodb-per-tenant/tenant-churn t=10 c=50 rps=- run=4: 9757/1000000 ok=9757 err=0
tenant-churn/tursodb-per-tenant/tenant-churn t=10 c=50 rps=- run=4: 9765/1000000 ok=9765 err=0
tenant-churn/d1-per-tenant/tenant-churn t=30 c=50 rps=- run=4: 386/1000000 ok=386 err=0
tenant-churn/d1-per-tenant/tenant-churn t=30 c=50 rps=- run=4: 1157/1000000 ok=1157 err=0
tenant-churn/d1-per-tenant/tenant-churn t=30 c=50 rps=- run=4: 1941/1000000 ok=1941 err=0
tenant-churn/d1-per-tenant/tenant-churn t=30 c=50 rps=- run=4: 2732/1000000 ok=2732 err=0
tenant-churn/d1-per-tenant/tenant-churn t=30 c=50 rps=- run=4: 3468/1000000 ok=3468 err=0
tenant-churn/d1-per-tenant/tenant-churn t=30 c=50 rps=- run=4: 4211/1000000 ok=4211 err=0
tenant-churn/d1-per-tenant/tenant-churn t=30 c=50 rps=- run=4: 4992/1000000 ok=4992 err=0
tenant-churn/d1-per-tenant/tenant-churn t=30 c=50 rps=- run=4: 5754/1000000 ok=5754 err=0
tenant-churn/d1-per-tenant/tenant-churn t=30 c=50 rps=- run=4: 6513/1000000 ok=6513 err=0
tenant-churn/d1-per-tenant/tenant-churn t=30 c=50 rps=- run=4: 7201/1000000 ok=7201 err=0
tenant-churn/d1-per-tenant/tenant-churn t=30 c=50 rps=- run=4: 7993/1000000 ok=7993 err=0
tenant-churn/d1-per-tenant/tenant-churn t=30 c=50 rps=- run=4: 8786/1000000 ok=8786 err=0
tenant-churn/d1-per-tenant/tenant-churn t=30 c=50 rps=- run=4: 9436/1000000 ok=9436 err=0
tenant-churn/d1-per-tenant/tenant-churn t=30 c=50 rps=- run=4: 10191/1000000 ok=10191 err=0
tenant-churn/d1-per-tenant/tenant-churn t=30 c=50 rps=- run=4: 10976/1000000 ok=10976 err=0
tenant-churn/d1-per-tenant/tenant-churn t=30 c=50 rps=- run=4: 10995/1000000 ok=10995 err=0
tenant-churn/turso-per-tenant/tenant-churn t=30 c=50 rps=- run=4: 516/1000000 ok=516 err=0
tenant-churn/turso-per-tenant/tenant-churn t=30 c=50 rps=- run=4: 1205/1000000 ok=1205 err=0
tenant-churn/turso-per-tenant/tenant-churn t=30 c=50 rps=- run=4: 1900/1000000 ok=1900 err=0
tenant-churn/turso-per-tenant/tenant-churn t=30 c=50 rps=- run=4: 2566/1000000 ok=2566 err=0
tenant-churn/turso-per-tenant/tenant-churn t=30 c=50 rps=- run=4: 3249/1000000 ok=3249 err=0
tenant-churn/turso-per-tenant/tenant-churn t=30 c=50 rps=- run=4: 3928/1000000 ok=3928 err=0
tenant-churn/turso-per-tenant/tenant-churn t=30 c=50 rps=- run=4: 4600/1000000 ok=4600 err=0
tenant-churn/turso-per-tenant/tenant-churn t=30 c=50 rps=- run=4: 5296/1000000 ok=5296 err=0
tenant-churn/turso-per-tenant/tenant-churn t=30 c=50 rps=- run=4: 5949/1000000 ok=5949 err=0
tenant-churn/turso-per-tenant/tenant-churn t=30 c=50 rps=- run=4: 6637/1000000 ok=6637 err=0
tenant-churn/turso-per-tenant/tenant-churn t=30 c=50 rps=- run=4: 7338/1000000 ok=7338 err=0
tenant-churn/turso-per-tenant/tenant-churn t=30 c=50 rps=- run=4: 8083/1000000 ok=8083 err=0
tenant-churn/turso-per-tenant/tenant-churn t=30 c=50 rps=- run=4: 8780/1000000 ok=8780 err=0
tenant-churn/turso-per-tenant/tenant-churn t=30 c=50 rps=- run=4: 9472/1000000 ok=9472 err=0
tenant-churn/turso-per-tenant/tenant-churn t=30 c=50 rps=- run=4: 10203/1000000 ok=10203 err=0
tenant-churn/tursodb-per-tenant/tenant-churn t=30 c=50 rps=- run=4: 235/1000000 ok=235 err=0
tenant-churn/tursodb-per-tenant/tenant-churn t=30 c=50 rps=- run=4: 932/1000000 ok=932 err=0
tenant-churn/tursodb-per-tenant/tenant-churn t=30 c=50 rps=- run=4: 1635/1000000 ok=1635 err=0
tenant-churn/tursodb-per-tenant/tenant-churn t=30 c=50 rps=- run=4: 2352/1000000 ok=2352 err=0
tenant-churn/tursodb-per-tenant/tenant-churn t=30 c=50 rps=- run=4: 3043/1000000 ok=3043 err=0
tenant-churn/tursodb-per-tenant/tenant-churn t=30 c=50 rps=- run=4: 3429/1000000 ok=3429 err=0
tenant-churn/tursodb-per-tenant/tenant-churn t=30 c=50 rps=- run=4: 4130/1000000 ok=4130 err=0
tenant-churn/tursodb-per-tenant/tenant-churn t=30 c=50 rps=- run=4: 4849/1000000 ok=4849 err=0
tenant-churn/tursodb-per-tenant/tenant-churn t=30 c=50 rps=- run=4: 5588/1000000 ok=5588 err=0
tenant-churn/tursodb-per-tenant/tenant-churn t=30 c=50 rps=- run=4: 6338/1000000 ok=6338 err=0
tenant-churn/tursodb-per-tenant/tenant-churn t=30 c=50 rps=- run=4: 7056/1000000 ok=7056 err=0
tenant-churn/tursodb-per-tenant/tenant-churn t=30 c=50 rps=- run=4: 7742/1000000 ok=7742 err=0
tenant-churn/tursodb-per-tenant/tenant-churn t=30 c=50 rps=- run=4: 8465/1000000 ok=8465 err=0
tenant-churn/tursodb-per-tenant/tenant-churn t=30 c=50 rps=- run=4: 9192/1000000 ok=9192 err=0
tenant-churn/tursodb-per-tenant/tenant-churn t=30 c=50 rps=- run=4: 9887/1000000 ok=9887 err=0
tenant-churn/tursodb-per-tenant/tenant-churn t=30 c=50 rps=- run=4: 9900/1000000 ok=9900 err=0
tenant-churn/d1-per-tenant/tenant-churn t=10 c=50 rps=- run=4: 641/1000000 ok=641 err=0
tenant-churn/d1-per-tenant/tenant-churn t=10 c=50 rps=- run=4: 1434/1000000 ok=1434 err=0
tenant-churn/d1-per-tenant/tenant-churn t=10 c=50 rps=- run=4: 2196/1000000 ok=2196 err=0
tenant-churn/d1-per-tenant/tenant-churn t=10 c=50 rps=- run=4: 2939/1000000 ok=2939 err=0
tenant-churn/d1-per-tenant/tenant-churn t=10 c=50 rps=- run=4: 3720/1000000 ok=3720 err=0
tenant-churn/d1-per-tenant/tenant-churn t=10 c=50 rps=- run=4: 4136/1000000 ok=4136 err=0
tenant-churn/d1-per-tenant/tenant-churn t=10 c=50 rps=- run=4: 4775/1000000 ok=4775 err=0
tenant-churn/d1-per-tenant/tenant-churn t=10 c=50 rps=- run=4: 5512/1000000 ok=5512 err=0
tenant-churn/d1-per-tenant/tenant-churn t=10 c=50 rps=- run=4: 6282/1000000 ok=6282 err=0
tenant-churn/d1-per-tenant/tenant-churn t=10 c=50 rps=- run=4: 7065/1000000 ok=7065 err=0
tenant-churn/d1-per-tenant/tenant-churn t=10 c=50 rps=- run=4: 7822/1000000 ok=7822 err=0
tenant-churn/d1-per-tenant/tenant-churn t=10 c=50 rps=- run=4: 8550/1000000 ok=8550 err=0
tenant-churn/d1-per-tenant/tenant-churn t=10 c=50 rps=- run=4: 9342/1000000 ok=9342 err=0
tenant-churn/d1-per-tenant/tenant-churn t=10 c=50 rps=- run=4: 9983/1000000 ok=9983 err=0
tenant-churn/d1-per-tenant/tenant-churn t=10 c=50 rps=- run=4: 10494/1000000 ok=10494 err=0
tenant-churn/turso-per-tenant/tenant-churn t=10 c=50 rps=- run=4: 532/1000000 ok=532 err=0
tenant-churn/turso-per-tenant/tenant-churn t=10 c=50 rps=- run=4: 1243/1000000 ok=1243 err=0
tenant-churn/turso-per-tenant/tenant-churn t=10 c=50 rps=- run=4: 1986/1000000 ok=1986 err=0
tenant-churn/turso-per-tenant/tenant-churn t=10 c=50 rps=- run=4: 2718/1000000 ok=2718 err=0
tenant-churn/turso-per-tenant/tenant-churn t=10 c=50 rps=- run=4: 3426/1000000 ok=3426 err=0
tenant-churn/turso-per-tenant/tenant-churn t=10 c=50 rps=- run=4: 4129/1000000 ok=4129 err=0
tenant-churn/turso-per-tenant/tenant-churn t=10 c=50 rps=- run=4: 4811/1000000 ok=4811 err=0
tenant-churn/turso-per-tenant/tenant-churn t=10 c=50 rps=- run=4: 5535/1000000 ok=5535 err=0
tenant-churn/turso-per-tenant/tenant-churn t=10 c=50 rps=- run=4: 6261/1000000 ok=6261 err=0
tenant-churn/turso-per-tenant/tenant-churn t=10 c=50 rps=- run=4: 6767/1000000 ok=6767 err=0
tenant-churn/turso-per-tenant/tenant-churn t=10 c=50 rps=- run=4: 7481/1000000 ok=7481 err=0
tenant-churn/turso-per-tenant/tenant-churn t=10 c=50 rps=- run=4: 8166/1000000 ok=8166 err=0
tenant-churn/turso-per-tenant/tenant-churn t=10 c=50 rps=- run=4: 8719/1000000 ok=8719 err=0
tenant-churn/turso-per-tenant/tenant-churn t=10 c=50 rps=- run=4: 9398/1000000 ok=9398 err=0
tenant-churn/turso-per-tenant/tenant-churn t=10 c=50 rps=- run=4: 10089/1000000 ok=10089 err=0
tenant-churn/tursodb-per-tenant/tenant-churn t=10 c=50 rps=- run=4: 574/1000000 ok=574 err=0
tenant-churn/tursodb-per-tenant/tenant-churn t=10 c=50 rps=- run=4: 1017/1000000 ok=1017 err=0
tenant-churn/tursodb-per-tenant/tenant-churn t=10 c=50 rps=- run=4: 1728/1000000 ok=1728 err=0
tenant-churn/tursodb-per-tenant/tenant-churn t=10 c=50 rps=- run=4: 2456/1000000 ok=2456 err=0
tenant-churn/tursodb-per-tenant/tenant-churn t=10 c=50 rps=- run=4: 3148/1000000 ok=3148 err=0
tenant-churn/tursodb-per-tenant/tenant-churn t=10 c=50 rps=- run=4: 3839/1000000 ok=3839 err=0
tenant-churn/tursodb-per-tenant/tenant-churn t=10 c=50 rps=- run=4: 4545/1000000 ok=4545 err=0
tenant-churn/tursodb-per-tenant/tenant-churn t=10 c=50 rps=- run=4: 5266/1000000 ok=5266 err=0
tenant-churn/tursodb-per-tenant/tenant-churn t=10 c=50 rps=- run=4: 5950/1000000 ok=5950 err=0
tenant-churn/tursodb-per-tenant/tenant-churn t=10 c=50 rps=- run=4: 6335/1000000 ok=6335 err=0
tenant-churn/tursodb-per-tenant/tenant-churn t=10 c=50 rps=- run=4: 7060/1000000 ok=7060 err=0
tenant-churn/tursodb-per-tenant/tenant-churn t=10 c=50 rps=- run=4: 7769/1000000 ok=7769 err=0
tenant-churn/tursodb-per-tenant/tenant-churn t=10 c=50 rps=- run=4: 8468/1000000 ok=8468 err=0
tenant-churn/tursodb-per-tenant/tenant-churn t=10 c=50 rps=- run=4: 9013/1000000 ok=9013 err=0
tenant-churn/tursodb-per-tenant/tenant-churn t=10 c=50 rps=- run=4: 9705/1000000 ok=9705 err=0
tenant-churn/tursodb-per-tenant/tenant-churn t=10 c=50 rps=- run=4: 9705/1000000 ok=9705 err=0
tenant-churn/d1-per-tenant/tenant-churn t=30 c=50 rps=- run=4: 682/1000000 ok=682 err=0
tenant-churn/d1-per-tenant/tenant-churn t=30 c=50 rps=- run=4: 1343/1000000 ok=1343 err=0
tenant-churn/d1-per-tenant/tenant-churn t=30 c=50 rps=- run=4: 2086/1000000 ok=2086 err=0
tenant-churn/d1-per-tenant/tenant-churn t=30 c=50 rps=- run=4: 2829/1000000 ok=2829 err=0
tenant-churn/d1-per-tenant/tenant-churn t=30 c=50 rps=- run=4: 3310/1000000 ok=3310 err=0
tenant-churn/d1-per-tenant/tenant-churn t=30 c=50 rps=- run=4: 3991/1000000 ok=3991 err=0
tenant-churn/d1-per-tenant/tenant-churn t=30 c=50 rps=- run=4: 4684/1000000 ok=4684 err=0
tenant-churn/d1-per-tenant/tenant-churn t=30 c=50 rps=- run=4: 5422/1000000 ok=5422 err=0
tenant-churn/d1-per-tenant/tenant-churn t=30 c=50 rps=- run=4: 6153/1000000 ok=6153 err=0
tenant-churn/d1-per-tenant/tenant-churn t=30 c=50 rps=- run=4: 6881/1000000 ok=6881 err=0
tenant-churn/d1-per-tenant/tenant-churn t=30 c=50 rps=- run=4: 7664/1000000 ok=7664 err=0
tenant-churn/d1-per-tenant/tenant-churn t=30 c=50 rps=- run=4: 8363/1000000 ok=8363 err=0
tenant-churn/d1-per-tenant/tenant-churn t=30 c=50 rps=- run=4: 9147/1000000 ok=9147 err=0
tenant-churn/d1-per-tenant/tenant-churn t=30 c=50 rps=- run=4: 9882/1000000 ok=9882 err=0
tenant-churn/d1-per-tenant/tenant-churn t=30 c=50 rps=- run=4: 10637/1000000 ok=10637 err=0
tenant-churn/d1-per-tenant/tenant-churn t=30 c=50 rps=- run=4: 10638/1000000 ok=10638 err=0
tenant-churn/turso-per-tenant/tenant-churn t=30 c=50 rps=- run=4: 525/1000000 ok=525 err=0
tenant-churn/turso-per-tenant/tenant-churn t=30 c=50 rps=- run=4: 1218/1000000 ok=1218 err=0
tenant-churn/turso-per-tenant/tenant-churn t=30 c=50 rps=- run=4: 1938/1000000 ok=1938 err=0
tenant-churn/turso-per-tenant/tenant-churn t=30 c=50 rps=- run=4: 2649/1000000 ok=2649 err=0
tenant-churn/turso-per-tenant/tenant-churn t=30 c=50 rps=- run=4: 3375/1000000 ok=3375 err=0
tenant-churn/turso-per-tenant/tenant-churn t=30 c=50 rps=- run=4: 4061/1000000 ok=4061 err=0
tenant-churn/turso-per-tenant/tenant-churn t=30 c=50 rps=- run=4: 4556/1000000 ok=4556 err=0
tenant-churn/turso-per-tenant/tenant-churn t=30 c=50 rps=- run=4: 5108/1000000 ok=5108 err=0
tenant-churn/turso-per-tenant/tenant-churn t=30 c=50 rps=- run=4: 5680/1000000 ok=5680 err=0
tenant-churn/turso-per-tenant/tenant-churn t=30 c=50 rps=- run=4: 6367/1000000 ok=6367 err=0
tenant-churn/turso-per-tenant/tenant-churn t=30 c=50 rps=- run=4: 7112/1000000 ok=7112 err=0
tenant-churn/turso-per-tenant/tenant-churn t=30 c=50 rps=- run=4: 7510/1000000 ok=7510 err=0
tenant-churn/turso-per-tenant/tenant-churn t=30 c=50 rps=- run=4: 8250/1000000 ok=8250 err=0
tenant-churn/turso-per-tenant/tenant-churn t=30 c=50 rps=- run=4: 8977/1000000 ok=8977 err=0
tenant-churn/turso-per-tenant/tenant-churn t=30 c=50 rps=- run=4: 9589/1000000 ok=9589 err=0
tenant-churn/turso-per-tenant/tenant-churn t=30 c=50 rps=- run=4: 9589/1000000 ok=9589 err=0
tenant-churn/tursodb-per-tenant/tenant-churn t=30 c=50 rps=- run=4: 206/1000000 ok=206 err=0
tenant-churn/tursodb-per-tenant/tenant-churn t=30 c=50 rps=- run=4: 899/1000000 ok=899 err=0
tenant-churn/tursodb-per-tenant/tenant-churn t=30 c=50 rps=- run=4: 1594/1000000 ok=1594 err=0
tenant-churn/tursodb-per-tenant/tenant-churn t=30 c=50 rps=- run=4: 2257/1000000 ok=2257 err=0
tenant-churn/tursodb-per-tenant/tenant-churn t=30 c=50 rps=- run=4: 2997/1000000 ok=2997 err=0
tenant-churn/tursodb-per-tenant/tenant-churn t=30 c=50 rps=- run=4: 3695/1000000 ok=3695 err=0
tenant-churn/tursodb-per-tenant/tenant-churn t=30 c=50 rps=- run=4: 4417/1000000 ok=4417 err=0
tenant-churn/tursodb-per-tenant/tenant-churn t=30 c=50 rps=- run=4: 5102/1000000 ok=5102 err=0
tenant-churn/tursodb-per-tenant/tenant-churn t=30 c=50 rps=- run=4: 5848/1000000 ok=5848 err=0
tenant-churn/tursodb-per-tenant/tenant-churn t=30 c=50 rps=- run=4: 6583/1000000 ok=6583 err=0
tenant-churn/tursodb-per-tenant/tenant-churn t=30 c=50 rps=- run=4: 7317/1000000 ok=7317 err=0
tenant-churn/tursodb-per-tenant/tenant-churn t=30 c=50 rps=- run=4: 7924/1000000 ok=7924 err=0
tenant-churn/tursodb-per-tenant/tenant-churn t=30 c=50 rps=- run=4: 8612/1000000 ok=8612 err=0
tenant-churn/tursodb-per-tenant/tenant-churn t=30 c=50 rps=- run=4: 9323/1000000 ok=9323 err=0
tenant-churn/tursodb-per-tenant/tenant-churn t=30 c=50 rps=- run=4: 9887/1000000 ok=9887 err=0
tenant-churn/tursodb-per-tenant/tenant-churn t=30 c=50 rps=- run=4: 9894/1000000 ok=9894 err=0
saturation/d1-per-tenant/lms-balanced t=1 c=1000 rps=10 run=4: 19/1000000 ok=19 err=0
saturation/d1-per-tenant/lms-balanced t=1 c=1000 rps=10 run=4: 39/1000000 ok=39 err=0
saturation/d1-per-tenant/lms-balanced t=1 c=1000 rps=10 run=4: 61/1000000 ok=61 err=0
saturation/d1-per-tenant/lms-balanced t=1 c=1000 rps=10 run=4: 81/1000000 ok=81 err=0
saturation/d1-per-tenant/lms-balanced t=1 c=1000 rps=10 run=4: 101/1000000 ok=101 err=0
saturation/d1-per-tenant/lms-balanced t=1 c=1000 rps=10 run=4: 123/1000000 ok=123 err=0
saturation/d1-per-tenant/lms-balanced t=1 c=1000 rps=10 run=4: 145/1000000 ok=145 err=0
saturation/d1-per-tenant/lms-balanced t=1 c=1000 rps=10 run=4: 166/1000000 ok=166 err=0
saturation/d1-per-tenant/lms-balanced t=1 c=1000 rps=10 run=4: 186/1000000 ok=186 err=0
saturation/d1-per-tenant/lms-balanced t=1 c=1000 rps=10 run=4: 208/1000000 ok=208 err=0
saturation/d1-per-tenant/lms-balanced t=1 c=1000 rps=10 run=4: 229/1000000 ok=229 err=0
saturation/d1-per-tenant/lms-balanced t=1 c=1000 rps=10 run=4: 249/1000000 ok=249 err=0
saturation/d1-per-tenant/lms-balanced t=1 c=1000 rps=10 run=4: 269/1000000 ok=269 err=0
saturation/d1-per-tenant/lms-balanced t=1 c=1000 rps=10 run=4: 289/1000000 ok=289 err=0
saturation/d1-per-tenant/lms-balanced t=1 c=1000 rps=10 run=4: 300/1000000 ok=300 err=0
saturation/turso-per-tenant/lms-balanced t=1 c=1000 rps=10 run=4: 19/1000000 ok=19 err=0
saturation/turso-per-tenant/lms-balanced t=1 c=1000 rps=10 run=4: 40/1000000 ok=40 err=0
saturation/turso-per-tenant/lms-balanced t=1 c=1000 rps=10 run=4: 62/1000000 ok=62 err=0
saturation/turso-per-tenant/lms-balanced t=1 c=1000 rps=10 run=4: 84/1000000 ok=84 err=0
saturation/turso-per-tenant/lms-balanced t=1 c=1000 rps=10 run=4: 104/1000000 ok=104 err=0
saturation/turso-per-tenant/lms-balanced t=1 c=1000 rps=10 run=4: 124/1000000 ok=124 err=0
saturation/turso-per-tenant/lms-balanced t=1 c=1000 rps=10 run=4: 145/1000000 ok=145 err=0
saturation/turso-per-tenant/lms-balanced t=1 c=1000 rps=10 run=4: 166/1000000 ok=166 err=0
saturation/turso-per-tenant/lms-balanced t=1 c=1000 rps=10 run=4: 188/1000000 ok=188 err=0
saturation/turso-per-tenant/lms-balanced t=1 c=1000 rps=10 run=4: 208/1000000 ok=208 err=0
saturation/turso-per-tenant/lms-balanced t=1 c=1000 rps=10 run=4: 228/1000000 ok=228 err=0
saturation/turso-per-tenant/lms-balanced t=1 c=1000 rps=10 run=4: 250/1000000 ok=250 err=0
saturation/turso-per-tenant/lms-balanced t=1 c=1000 rps=10 run=4: 270/1000000 ok=270 err=0
saturation/turso-per-tenant/lms-balanced t=1 c=1000 rps=10 run=4: 290/1000000 ok=290 err=0
saturation/turso-per-tenant/lms-balanced t=1 c=1000 rps=10 run=4: 300/1000000 ok=300 err=0
saturation/tursodb-per-tenant/lms-balanced t=1 c=1000 rps=10 run=4: 17/1000000 ok=17 err=0
saturation/tursodb-per-tenant/lms-balanced t=1 c=1000 rps=10 run=4: 39/1000000 ok=39 err=0
saturation/tursodb-per-tenant/lms-balanced t=1 c=1000 rps=10 run=4: 59/1000000 ok=59 err=0
saturation/tursodb-per-tenant/lms-balanced t=1 c=1000 rps=10 run=4: 81/1000000 ok=80 err=1
saturation/tursodb-per-tenant/lms-balanced t=1 c=1000 rps=10 run=4: 101/1000000 ok=99 err=2
saturation/tursodb-per-tenant/lms-balanced t=1 c=1000 rps=10 run=4: 123/1000000 ok=121 err=2
saturation/tursodb-per-tenant/lms-balanced t=1 c=1000 rps=10 run=4: 144/1000000 ok=142 err=2
saturation/tursodb-per-tenant/lms-balanced t=1 c=1000 rps=10 run=4: 165/1000000 ok=163 err=2
saturation/tursodb-per-tenant/lms-balanced t=1 c=1000 rps=10 run=4: 185/1000000 ok=182 err=3
saturation/tursodb-per-tenant/lms-balanced t=1 c=1000 rps=10 run=4: 206/1000000 ok=203 err=3
saturation/tursodb-per-tenant/lms-balanced t=1 c=1000 rps=10 run=4: 227/1000000 ok=224 err=3
saturation/tursodb-per-tenant/lms-balanced t=1 c=1000 rps=10 run=4: 249/1000000 ok=246 err=3
saturation/tursodb-per-tenant/lms-balanced t=1 c=1000 rps=10 run=4: 270/1000000 ok=267 err=3
saturation/tursodb-per-tenant/lms-balanced t=1 c=1000 rps=10 run=4: 291/1000000 ok=288 err=3
saturation/tursodb-per-tenant/lms-balanced t=1 c=1000 rps=10 run=4: 300/1000000 ok=297 err=3
saturation/d1-per-tenant/lms-balanced t=1 c=1000 rps=25 run=4: 45/1000000 ok=45 err=0
saturation/d1-per-tenant/lms-balanced t=1 c=1000 rps=25 run=4: 96/1000000 ok=96 err=0
saturation/d1-per-tenant/lms-balanced t=1 c=1000 rps=25 run=4: 146/1000000 ok=146 err=0
saturation/d1-per-tenant/lms-balanced t=1 c=1000 rps=25 run=4: 196/1000000 ok=196 err=0
saturation/d1-per-tenant/lms-balanced t=1 c=1000 rps=25 run=4: 249/1000000 ok=249 err=0
saturation/d1-per-tenant/lms-balanced t=1 c=1000 rps=25 run=4: 297/1000000 ok=297 err=0
saturation/d1-per-tenant/lms-balanced t=1 c=1000 rps=25 run=4: 349/1000000 ok=349 err=0
saturation/d1-per-tenant/lms-balanced t=1 c=1000 rps=25 run=4: 399/1000000 ok=399 err=0
saturation/d1-per-tenant/lms-balanced t=1 c=1000 rps=25 run=4: 451/1000000 ok=451 err=0
saturation/d1-per-tenant/lms-balanced t=1 c=1000 rps=25 run=4: 502/1000000 ok=502 err=0
saturation/d1-per-tenant/lms-balanced t=1 c=1000 rps=25 run=4: 552/1000000 ok=552 err=0
saturation/d1-per-tenant/lms-balanced t=1 c=1000 rps=25 run=4: 602/1000000 ok=602 err=0
saturation/d1-per-tenant/lms-balanced t=1 c=1000 rps=25 run=4: 652/1000000 ok=652 err=0
saturation/d1-per-tenant/lms-balanced t=1 c=1000 rps=25 run=4: 704/1000000 ok=704 err=0
saturation/d1-per-tenant/lms-balanced t=1 c=1000 rps=25 run=4: 750/1000000 ok=750 err=0
saturation/turso-per-tenant/lms-balanced t=1 c=1000 rps=25 run=4: 42/1000000 ok=42 err=0
saturation/turso-per-tenant/lms-balanced t=1 c=1000 rps=25 run=4: 96/1000000 ok=96 err=0
saturation/turso-per-tenant/lms-balanced t=1 c=1000 rps=25 run=4: 146/1000000 ok=146 err=0
saturation/turso-per-tenant/lms-balanced t=1 c=1000 rps=25 run=4: 196/1000000 ok=196 err=0
saturation/turso-per-tenant/lms-balanced t=1 c=1000 rps=25 run=4: 244/1000000 ok=244 err=0
saturation/turso-per-tenant/lms-balanced t=1 c=1000 rps=25 run=4: 297/1000000 ok=297 err=0
saturation/turso-per-tenant/lms-balanced t=1 c=1000 rps=25 run=4: 349/1000000 ok=349 err=0
saturation/turso-per-tenant/lms-balanced t=1 c=1000 rps=25 run=4: 400/1000000 ok=400 err=0
saturation/turso-per-tenant/lms-balanced t=1 c=1000 rps=25 run=4: 452/1000000 ok=452 err=0
saturation/turso-per-tenant/lms-balanced t=1 c=1000 rps=25 run=4: 501/1000000 ok=501 err=0
saturation/turso-per-tenant/lms-balanced t=1 c=1000 rps=25 run=4: 551/1000000 ok=551 err=0
saturation/turso-per-tenant/lms-balanced t=1 c=1000 rps=25 run=4: 603/1000000 ok=603 err=0
saturation/turso-per-tenant/lms-balanced t=1 c=1000 rps=25 run=4: 653/1000000 ok=653 err=0
saturation/turso-per-tenant/lms-balanced t=1 c=1000 rps=25 run=4: 703/1000000 ok=703 err=0
saturation/turso-per-tenant/lms-balanced t=1 c=1000 rps=25 run=4: 750/1000000 ok=750 err=0
saturation/tursodb-per-tenant/lms-balanced t=1 c=1000 rps=25 run=4: 40/1000000 ok=40 err=0
saturation/tursodb-per-tenant/lms-balanced t=1 c=1000 rps=25 run=4: 96/1000000 ok=94 err=2
saturation/tursodb-per-tenant/lms-balanced t=1 c=1000 rps=25 run=4: 146/1000000 ok=144 err=2
saturation/tursodb-per-tenant/lms-balanced t=1 c=1000 rps=25 run=4: 194/1000000 ok=191 err=3
saturation/tursodb-per-tenant/lms-balanced t=1 c=1000 rps=25 run=4: 246/1000000 ok=243 err=3
saturation/tursodb-per-tenant/lms-balanced t=1 c=1000 rps=25 run=4: 296/1000000 ok=293 err=3
saturation/tursodb-per-tenant/lms-balanced t=1 c=1000 rps=25 run=4: 347/1000000 ok=344 err=3
saturation/tursodb-per-tenant/lms-balanced t=1 c=1000 rps=25 run=4: 397/1000000 ok=394 err=3
saturation/tursodb-per-tenant/lms-balanced t=1 c=1000 rps=25 run=4: 450/1000000 ok=446 err=4
saturation/tursodb-per-tenant/lms-balanced t=1 c=1000 rps=25 run=4: 498/1000000 ok=494 err=4
saturation/tursodb-per-tenant/lms-balanced t=1 c=1000 rps=25 run=4: 550/1000000 ok=545 err=5
saturation/tursodb-per-tenant/lms-balanced t=1 c=1000 rps=25 run=4: 600/1000000 ok=594 err=6
saturation/tursodb-per-tenant/lms-balanced t=1 c=1000 rps=25 run=4: 651/1000000 ok=645 err=6
saturation/tursodb-per-tenant/lms-balanced t=1 c=1000 rps=25 run=4: 701/1000000 ok=694 err=7
saturation/tursodb-per-tenant/lms-balanced t=1 c=1000 rps=25 run=4: 749/1000000 ok=742 err=7
saturation/tursodb-per-tenant/lms-balanced t=1 c=1000 rps=25 run=4: 750/1000000 ok=743 err=7
saturation/d1-per-tenant/lms-balanced t=1 c=1000 rps=50 run=4: 82/1000000 ok=82 err=0
saturation/d1-per-tenant/lms-balanced t=1 c=1000 rps=50 run=4: 185/1000000 ok=185 err=0
saturation/d1-per-tenant/lms-balanced t=1 c=1000 rps=50 run=4: 290/1000000 ok=290 err=0
saturation/d1-per-tenant/lms-balanced t=1 c=1000 rps=50 run=4: 388/1000000 ok=388 err=0
saturation/d1-per-tenant/lms-balanced t=1 c=1000 rps=50 run=4: 489/1000000 ok=489 err=0
saturation/d1-per-tenant/lms-balanced t=1 c=1000 rps=50 run=4: 592/1000000 ok=592 err=0
saturation/d1-per-tenant/lms-balanced t=1 c=1000 rps=50 run=4: 695/1000000 ok=695 err=0
saturation/d1-per-tenant/lms-balanced t=1 c=1000 rps=50 run=4: 796/1000000 ok=796 err=0
saturation/d1-per-tenant/lms-balanced t=1 c=1000 rps=50 run=4: 897/1000000 ok=897 err=0
saturation/d1-per-tenant/lms-balanced t=1 c=1000 rps=50 run=4: 997/1000000 ok=997 err=0
saturation/d1-per-tenant/lms-balanced t=1 c=1000 rps=50 run=4: 1102/1000000 ok=1102 err=0
saturation/d1-per-tenant/lms-balanced t=1 c=1000 rps=50 run=4: 1198/1000000 ok=1198 err=0
saturation/d1-per-tenant/lms-balanced t=1 c=1000 rps=50 run=4: 1311/1000000 ok=1311 err=0
saturation/d1-per-tenant/lms-balanced t=1 c=1000 rps=50 run=4: 1410/1000000 ok=1410 err=0
saturation/d1-per-tenant/lms-balanced t=1 c=1000 rps=50 run=4: 1500/1000000 ok=1500 err=0
saturation/turso-per-tenant/lms-balanced t=1 c=1000 rps=50 run=4: 85/1000000 ok=85 err=0
saturation/turso-per-tenant/lms-balanced t=1 c=1000 rps=50 run=4: 188/1000000 ok=188 err=0
saturation/turso-per-tenant/lms-balanced t=1 c=1000 rps=50 run=4: 287/1000000 ok=287 err=0
saturation/turso-per-tenant/lms-balanced t=1 c=1000 rps=50 run=4: 387/1000000 ok=387 err=0
saturation/turso-per-tenant/lms-balanced t=1 c=1000 rps=50 run=4: 466/1000000 ok=466 err=0
saturation/turso-per-tenant/lms-balanced t=1 c=1000 rps=50 run=4: 589/1000000 ok=589 err=0
saturation/turso-per-tenant/lms-balanced t=1 c=1000 rps=50 run=4: 691/1000000 ok=691 err=0
saturation/turso-per-tenant/lms-balanced t=1 c=1000 rps=50 run=4: 791/1000000 ok=791 err=0
saturation/turso-per-tenant/lms-balanced t=1 c=1000 rps=50 run=4: 894/1000000 ok=894 err=0
saturation/turso-per-tenant/lms-balanced t=1 c=1000 rps=50 run=4: 996/1000000 ok=996 err=0
saturation/turso-per-tenant/lms-balanced t=1 c=1000 rps=50 run=4: 1097/1000000 ok=1097 err=0
saturation/turso-per-tenant/lms-balanced t=1 c=1000 rps=50 run=4: 1197/1000000 ok=1197 err=0
saturation/turso-per-tenant/lms-balanced t=1 c=1000 rps=50 run=4: 1302/1000000 ok=1302 err=0
saturation/turso-per-tenant/lms-balanced t=1 c=1000 rps=50 run=4: 1402/1000000 ok=1402 err=0
saturation/turso-per-tenant/lms-balanced t=1 c=1000 rps=50 run=4: 1500/1000000 ok=1500 err=0
saturation/tursodb-per-tenant/lms-balanced t=1 c=1000 rps=50 run=4: 86/1000000 ok=84 err=2
saturation/tursodb-per-tenant/lms-balanced t=1 c=1000 rps=50 run=4: 187/1000000 ok=184 err=3
saturation/tursodb-per-tenant/lms-balanced t=1 c=1000 rps=50 run=4: 287/1000000 ok=284 err=3
saturation/tursodb-per-tenant/lms-balanced t=1 c=1000 rps=50 run=4: 376/1000000 ok=373 err=3
saturation/tursodb-per-tenant/lms-balanced t=1 c=1000 rps=50 run=4: 488/1000000 ok=484 err=4
saturation/tursodb-per-tenant/lms-balanced t=1 c=1000 rps=50 run=4: 589/1000000 ok=583 err=6
saturation/tursodb-per-tenant/lms-balanced t=1 c=1000 rps=50 run=4: 690/1000000 ok=683 err=7
saturation/tursodb-per-tenant/lms-balanced t=1 c=1000 rps=50 run=4: 790/1000000 ok=783 err=7
saturation/tursodb-per-tenant/lms-balanced t=1 c=1000 rps=50 run=4: 890/1000000 ok=881 err=9
saturation/tursodb-per-tenant/lms-balanced t=1 c=1000 rps=50 run=4: 991/1000000 ok=982 err=9
saturation/tursodb-per-tenant/lms-balanced t=1 c=1000 rps=50 run=4: 1090/1000000 ok=1080 err=10
saturation/tursodb-per-tenant/lms-balanced t=1 c=1000 rps=50 run=4: 1194/1000000 ok=1183 err=11
saturation/tursodb-per-tenant/lms-balanced t=1 c=1000 rps=50 run=4: 1292/1000000 ok=1281 err=11
saturation/tursodb-per-tenant/lms-balanced t=1 c=1000 rps=50 run=4: 1394/1000000 ok=1380 err=14
saturation/tursodb-per-tenant/lms-balanced t=1 c=1000 rps=50 run=4: 1495/1000000 ok=1481 err=14
saturation/tursodb-per-tenant/lms-balanced t=1 c=1000 rps=50 run=4: 1500/1000000 ok=1486 err=14
saturation/d1-per-tenant/lms-balanced t=1 c=1000 rps=100 run=4: 153/1000000 ok=153 err=0
saturation/d1-per-tenant/lms-balanced t=1 c=1000 rps=100 run=4: 366/1000000 ok=366 err=0
saturation/d1-per-tenant/lms-balanced t=1 c=1000 rps=100 run=4: 510/1000000 ok=510 err=0
saturation/d1-per-tenant/lms-balanced t=1 c=1000 rps=100 run=4: 762/1000000 ok=762 err=0
saturation/d1-per-tenant/lms-balanced t=1 c=1000 rps=100 run=4: 915/1000000 ok=915 err=0
saturation/d1-per-tenant/lms-balanced t=1 c=1000 rps=100 run=4: 1145/1000000 ok=1145 err=0
saturation/d1-per-tenant/lms-balanced t=1 c=1000 rps=100 run=4: 1377/1000000 ok=1377 err=0
saturation/d1-per-tenant/lms-balanced t=1 c=1000 rps=100 run=4: 1581/1000000 ok=1581 err=0
saturation/d1-per-tenant/lms-balanced t=1 c=1000 rps=100 run=4: 1776/1000000 ok=1776 err=0
saturation/d1-per-tenant/lms-balanced t=1 c=1000 rps=100 run=4: 1985/1000000 ok=1985 err=0
saturation/d1-per-tenant/lms-balanced t=1 c=1000 rps=100 run=4: 2177/1000000 ok=2177 err=0
saturation/d1-per-tenant/lms-balanced t=1 c=1000 rps=100 run=4: 2389/1000000 ok=2389 err=0
saturation/d1-per-tenant/lms-balanced t=1 c=1000 rps=100 run=4: 2594/1000000 ok=2594 err=0
saturation/d1-per-tenant/lms-balanced t=1 c=1000 rps=100 run=4: 2790/1000000 ok=2790 err=0
saturation/d1-per-tenant/lms-balanced t=1 c=1000 rps=100 run=4: 2992/1000000 ok=2992 err=0
saturation/d1-per-tenant/lms-balanced t=1 c=1000 rps=100 run=4: 3000/1000000 ok=3000 err=0
saturation/turso-per-tenant/lms-balanced t=1 c=1000 rps=100 run=4: 170/1000000 ok=170 err=0
saturation/turso-per-tenant/lms-balanced t=1 c=1000 rps=100 run=4: 371/1000000 ok=371 err=0
saturation/turso-per-tenant/lms-balanced t=1 c=1000 rps=100 run=4: 573/1000000 ok=573 err=0
saturation/turso-per-tenant/lms-balanced t=1 c=1000 rps=100 run=4: 769/1000000 ok=769 err=0
saturation/turso-per-tenant/lms-balanced t=1 c=1000 rps=100 run=4: 974/1000000 ok=974 err=0
saturation/turso-per-tenant/lms-balanced t=1 c=1000 rps=100 run=4: 1177/1000000 ok=1177 err=0
saturation/turso-per-tenant/lms-balanced t=1 c=1000 rps=100 run=4: 1378/1000000 ok=1378 err=0
saturation/turso-per-tenant/lms-balanced t=1 c=1000 rps=100 run=4: 1580/1000000 ok=1580 err=0
saturation/turso-per-tenant/lms-balanced t=1 c=1000 rps=100 run=4: 1779/1000000 ok=1779 err=0
saturation/turso-per-tenant/lms-balanced t=1 c=1000 rps=100 run=4: 1979/1000000 ok=1979 err=0
saturation/turso-per-tenant/lms-balanced t=1 c=1000 rps=100 run=4: 2180/1000000 ok=2180 err=0
saturation/turso-per-tenant/lms-balanced t=1 c=1000 rps=100 run=4: 2379/1000000 ok=2379 err=0
saturation/turso-per-tenant/lms-balanced t=1 c=1000 rps=100 run=4: 2582/1000000 ok=2582 err=0
saturation/turso-per-tenant/lms-balanced t=1 c=1000 rps=100 run=4: 2783/1000000 ok=2783 err=0
saturation/turso-per-tenant/lms-balanced t=1 c=1000 rps=100 run=4: 2984/1000000 ok=2984 err=0
saturation/turso-per-tenant/lms-balanced t=1 c=1000 rps=100 run=4: 3000/1000000 ok=3000 err=0
saturation/tursodb-per-tenant/lms-balanced t=1 c=1000 rps=100 run=4: 164/1000000 ok=161 err=3
saturation/tursodb-per-tenant/lms-balanced t=1 c=1000 rps=100 run=4: 372/1000000 ok=369 err=3
saturation/tursodb-per-tenant/lms-balanced t=1 c=1000 rps=100 run=4: 572/1000000 ok=567 err=5
saturation/tursodb-per-tenant/lms-balanced t=1 c=1000 rps=100 run=4: 770/1000000 ok=763 err=7
saturation/tursodb-per-tenant/lms-balanced t=1 c=1000 rps=100 run=4: 974/1000000 ok=965 err=9
saturation/tursodb-per-tenant/lms-balanced t=1 c=1000 rps=100 run=4: 1178/1000000 ok=1167 err=11
saturation/tursodb-per-tenant/lms-balanced t=1 c=1000 rps=100 run=4: 1381/1000000 ok=1367 err=14
saturation/tursodb-per-tenant/lms-balanced t=1 c=1000 rps=100 run=4: 1583/1000000 ok=1567 err=16
saturation/tursodb-per-tenant/lms-balanced t=1 c=1000 rps=100 run=4: 1780/1000000 ok=1762 err=18
saturation/tursodb-per-tenant/lms-balanced t=1 c=1000 rps=100 run=4: 1975/1000000 ok=1956 err=19
saturation/tursodb-per-tenant/lms-balanced t=1 c=1000 rps=100 run=4: 2186/1000000 ok=2163 err=23
saturation/tursodb-per-tenant/lms-balanced t=1 c=1000 rps=100 run=4: 2382/1000000 ok=2356 err=26
saturation/tursodb-per-tenant/lms-balanced t=1 c=1000 rps=100 run=4: 2584/1000000 ok=2555 err=29
saturation/tursodb-per-tenant/lms-balanced t=1 c=1000 rps=100 run=4: 2781/1000000 ok=2750 err=31
saturation/tursodb-per-tenant/lms-balanced t=1 c=1000 rps=100 run=4: 2988/1000000 ok=2954 err=34
saturation/tursodb-per-tenant/lms-balanced t=1 c=1000 rps=100 run=4: 3000/1000000 ok=2966 err=34
saturation/d1-per-tenant/lms-balanced t=1 c=1000 rps=200 run=4: 158/1000000 ok=158 err=0
saturation/d1-per-tenant/lms-balanced t=1 c=1000 rps=200 run=4: 354/1000000 ok=354 err=0
saturation/d1-per-tenant/lms-balanced t=1 c=1000 rps=200 run=4: 638/1000000 ok=638 err=0
saturation/d1-per-tenant/lms-balanced t=1 c=1000 rps=200 run=4: 875/1000000 ok=875 err=0
saturation/d1-per-tenant/lms-balanced t=1 c=1000 rps=200 run=4: 1104/1000000 ok=1092 err=12
saturation/d1-per-tenant/lms-balanced t=1 c=1000 rps=200 run=4: 1446/1000000 ok=1224 err=222
saturation/d1-per-tenant/lms-balanced t=1 c=1000 rps=200 run=4: 1833/1000000 ok=1247 err=586
saturation/d1-per-tenant/lms-balanced t=1 c=1000 rps=200 run=4: 2228/1000000 ok=1247 err=981
saturation/d1-per-tenant/lms-balanced t=1 c=1000 rps=200 run=4: 2633/1000000 ok=1247 err=1386
saturation/d1-per-tenant/lms-balanced t=1 c=1000 rps=200 run=4: 3028/1000000 ok=1247 err=1781
saturation/d1-per-tenant/lms-balanced t=1 c=1000 rps=200 run=4: 3429/1000000 ok=1247 err=2182
saturation/d1-per-tenant/lms-balanced t=1 c=1000 rps=200 run=4: 3827/1000000 ok=1247 err=2580
saturation/d1-per-tenant/lms-balanced t=1 c=1000 rps=200 run=4: 4227/1000000 ok=1262 err=2965
saturation/d1-per-tenant/lms-balanced t=1 c=1000 rps=200 run=4: 4626/1000000 ok=1262 err=3364
saturation/d1-per-tenant/lms-balanced t=1 c=1000 rps=200 run=4: 5026/1000000 ok=1262 err=3764
saturation/d1-per-tenant/lms-balanced t=1 c=1000 rps=200 run=4: 5425/1000000 ok=1262 err=4163
saturation/d1-per-tenant/lms-balanced t=1 c=1000 rps=200 run=4: 5824/1000000 ok=1262 err=4562
saturation/d1-per-tenant/lms-balanced t=1 c=1000 rps=200 run=4: 5984/1000000 ok=1262 err=4722
saturation/turso-per-tenant/lms-balanced t=1 c=1000 rps=200 run=4: 342/1000000 ok=342 err=0
saturation/turso-per-tenant/lms-balanced t=1 c=1000 rps=200 run=4: 742/1000000 ok=742 err=0
saturation/turso-per-tenant/lms-balanced t=1 c=1000 rps=200 run=4: 1136/1000000 ok=1136 err=0
saturation/turso-per-tenant/lms-balanced t=1 c=1000 rps=200 run=4: 1535/1000000 ok=1535 err=0
saturation/turso-per-tenant/lms-balanced t=1 c=1000 rps=200 run=4: 1944/1000000 ok=1944 err=0
saturation/turso-per-tenant/lms-balanced t=1 c=1000 rps=200 run=4: 2340/1000000 ok=2340 err=0
saturation/turso-per-tenant/lms-balanced t=1 c=1000 rps=200 run=4: 2738/1000000 ok=2738 err=0
saturation/turso-per-tenant/lms-balanced t=1 c=1000 rps=200 run=4: 3156/1000000 ok=3156 err=0
saturation/turso-per-tenant/lms-balanced t=1 c=1000 rps=200 run=4: 3554/1000000 ok=3554 err=0
saturation/turso-per-tenant/lms-balanced t=1 c=1000 rps=200 run=4: 3954/1000000 ok=3954 err=0
saturation/turso-per-tenant/lms-balanced t=1 c=1000 rps=200 run=4: 4357/1000000 ok=4357 err=0
saturation/turso-per-tenant/lms-balanced t=1 c=1000 rps=200 run=4: 4755/1000000 ok=4755 err=0
saturation/turso-per-tenant/lms-balanced t=1 c=1000 rps=200 run=4: 5163/1000000 ok=5163 err=0
saturation/turso-per-tenant/lms-balanced t=1 c=1000 rps=200 run=4: 5573/1000000 ok=5573 err=0
saturation/turso-per-tenant/lms-balanced t=1 c=1000 rps=200 run=4: 5978/1000000 ok=5978 err=0
saturation/turso-per-tenant/lms-balanced t=1 c=1000 rps=200 run=4: 6000/1000000 ok=6000 err=0
saturation/tursodb-per-tenant/lms-balanced t=1 c=1000 rps=200 run=4: 251/1000000 ok=248 err=3
saturation/tursodb-per-tenant/lms-balanced t=1 c=1000 rps=200 run=4: 584/1000000 ok=581 err=3
saturation/tursodb-per-tenant/lms-balanced t=1 c=1000 rps=200 run=4: 953/1000000 ok=950 err=3
saturation/tursodb-per-tenant/lms-balanced t=1 c=1000 rps=200 run=4: 1300/1000000 ok=1286 err=14
saturation/tursodb-per-tenant/lms-balanced t=1 c=1000 rps=200 run=4: 1616/1000000 ok=1556 err=60
saturation/tursodb-per-tenant/lms-balanced t=1 c=1000 rps=200 run=4: 1993/1000000 ok=1874 err=119
saturation/tursodb-per-tenant/lms-balanced t=1 c=1000 rps=200 run=4: 2360/1000000 ok=2180 err=180
saturation/tursodb-per-tenant/lms-balanced t=1 c=1000 rps=200 run=4: 2700/1000000 ok=2460 err=240
saturation/tursodb-per-tenant/lms-balanced t=1 c=1000 rps=200 run=4: 3091/1000000 ok=2788 err=303
saturation/tursodb-per-tenant/lms-balanced t=1 c=1000 rps=200 run=4: 3487/1000000 ok=3124 err=363
saturation/tursodb-per-tenant/lms-balanced t=1 c=1000 rps=200 run=4: 3874/1000000 ok=3448 err=426
saturation/tursodb-per-tenant/lms-balanced t=1 c=1000 rps=200 run=4: 4204/1000000 ok=3718 err=486
saturation/tursodb-per-tenant/lms-balanced t=1 c=1000 rps=200 run=4: 4659/1000000 ok=4106 err=553
saturation/tursodb-per-tenant/lms-balanced t=1 c=1000 rps=200 run=4: 5090/1000000 ok=4478 err=612
saturation/tursodb-per-tenant/lms-balanced t=1 c=1000 rps=200 run=4: 5491/1000000 ok=4817 err=674
saturation/tursodb-per-tenant/lms-balanced t=1 c=1000 rps=200 run=4: 5902/1000000 ok=5168 err=734
saturation/tursodb-per-tenant/lms-balanced t=1 c=1000 rps=200 run=4: 5976/1000000 ok=5182 err=794
saturation/tursodb-per-tenant/lms-balanced t=1 c=1000 rps=200 run=4: 6000/1000000 ok=5182 err=818
saturation/d1-per-tenant/lms-balanced t=1 c=1000 rps=500 run=4: 130/1000000 ok=130 err=0
saturation/d1-per-tenant/lms-balanced t=1 c=1000 rps=500 run=4: 357/1000000 ok=357 err=0
saturation/d1-per-tenant/lms-balanced t=1 c=1000 rps=500 run=4: 619/1000000 ok=587 err=32
saturation/d1-per-tenant/lms-balanced t=1 c=1000 rps=500 run=4: 1200/1000000 ok=598 err=602
saturation/d1-per-tenant/lms-balanced t=1 c=1000 rps=500 run=4: 1485/1000000 ok=609 err=876
saturation/d1-per-tenant/lms-balanced t=1 c=1000 rps=500 run=4: 2186/1000000 ok=620 err=1566
saturation/d1-per-tenant/lms-balanced t=1 c=1000 rps=500 run=4: 2416/1000000 ok=620 err=1796
saturation/d1-per-tenant/lms-balanced t=1 c=1000 rps=500 run=4: 2893/1000000 ok=639 err=2254
saturation/d1-per-tenant/lms-balanced t=1 c=1000 rps=500 run=4: 3318/1000000 ok=639 err=2679
saturation/d1-per-tenant/lms-balanced t=1 c=1000 rps=500 run=4: 3535/1000000 ok=639 err=2896
saturation/d1-per-tenant/lms-balanced t=1 c=1000 rps=500 run=4: 4196/1000000 ok=639 err=3557
saturation/d1-per-tenant/lms-balanced t=1 c=1000 rps=500 run=4: 4474/1000000 ok=639 err=3835
saturation/d1-per-tenant/lms-balanced t=1 c=1000 rps=500 run=4: 5041/1000000 ok=639 err=4402
saturation/d1-per-tenant/lms-balanced t=1 c=1000 rps=500 run=4: 5370/1000000 ok=656 err=4714
saturation/d1-per-tenant/lms-balanced t=1 c=1000 rps=500 run=4: 5657/1000000 ok=656 err=5001
saturation/d1-per-tenant/lms-balanced t=1 c=1000 rps=500 run=4: 6283/1000000 ok=656 err=5627
saturation/d1-per-tenant/lms-balanced t=1 c=1000 rps=500 run=4: 6473/1000000 ok=658 err=5815
saturation/turso-per-tenant/lms-balanced t=1 c=1000 rps=500 run=4: 560/1000000 ok=559 err=1
saturation/turso-per-tenant/lms-balanced t=1 c=1000 rps=500 run=4: 1220/1000000 ok=1219 err=1
saturation/turso-per-tenant/lms-balanced t=1 c=1000 rps=500 run=4: 1855/1000000 ok=1854 err=1
saturation/turso-per-tenant/lms-balanced t=1 c=1000 rps=500 run=4: 2393/1000000 ok=2392 err=1
saturation/turso-per-tenant/lms-balanced t=1 c=1000 rps=500 run=4: 2964/1000000 ok=2876 err=88
saturation/turso-per-tenant/lms-balanced t=1 c=1000 rps=500 run=4: 3610/1000000 ok=3436 err=174
saturation/turso-per-tenant/lms-balanced t=1 c=1000 rps=500 run=4: 4187/1000000 ok=3930 err=257
saturation/turso-per-tenant/lms-balanced t=1 c=1000 rps=500 run=4: 4758/1000000 ok=4394 err=364
saturation/turso-per-tenant/lms-balanced t=1 c=1000 rps=500 run=4: 5378/1000000 ok=4920 err=458
saturation/turso-per-tenant/lms-balanced t=1 c=1000 rps=500 run=4: 5933/1000000 ok=5374 err=559
saturation/turso-per-tenant/lms-balanced t=1 c=1000 rps=500 run=4: 6399/1000000 ok=5710 err=689
saturation/turso-per-tenant/lms-balanced t=1 c=1000 rps=500 run=4: 6909/1000000 ok=6064 err=845
saturation/turso-per-tenant/lms-balanced t=1 c=1000 rps=500 run=4: 7499/1000000 ok=6534 err=965
saturation/turso-per-tenant/lms-balanced t=1 c=1000 rps=500 run=4: 8046/1000000 ok=6983 err=1063
saturation/turso-per-tenant/lms-balanced t=1 c=1000 rps=500 run=4: 8720/1000000 ok=7564 err=1156
saturation/turso-per-tenant/lms-balanced t=1 c=1000 rps=500 run=4: 9126/1000000 ok=7874 err=1252
saturation/turso-per-tenant/lms-balanced t=1 c=1000 rps=500 run=4: 9625/1000000 ok=8278 err=1347
saturation/turso-per-tenant/lms-balanced t=1 c=1000 rps=500 run=4: 9682/1000000 ok=8285 err=1397
saturation/tursodb-per-tenant/lms-balanced t=1 c=1000 rps=500 run=4: 243/1000000 ok=242 err=1
saturation/tursodb-per-tenant/lms-balanced t=1 c=1000 rps=500 run=4: 706/1000000 ok=704 err=2
saturation/tursodb-per-tenant/lms-balanced t=1 c=1000 rps=500 run=4: 1107/1000000 ok=1042 err=65
saturation/tursodb-per-tenant/lms-balanced t=1 c=1000 rps=500 run=4: 1639/1000000 ok=1375 err=264
saturation/tursodb-per-tenant/lms-balanced t=1 c=1000 rps=500 run=4: 2064/1000000 ok=1692 err=372
saturation/tursodb-per-tenant/lms-balanced t=1 c=1000 rps=500 run=4: 2474/1000000 ok=2007 err=467
saturation/tursodb-per-tenant/lms-balanced t=1 c=1000 rps=500 run=4: 2972/1000000 ok=2380 err=592
saturation/tursodb-per-tenant/lms-balanced t=1 c=1000 rps=500 run=4: 3403/1000000 ok=2722 err=681
saturation/tursodb-per-tenant/lms-balanced t=1 c=1000 rps=500 run=4: 3810/1000000 ok=2999 err=811
saturation/tursodb-per-tenant/lms-balanced t=1 c=1000 rps=500 run=4: 4279/1000000 ok=3255 err=1024
saturation/tursodb-per-tenant/lms-balanced t=1 c=1000 rps=500 run=4: 4704/1000000 ok=3503 err=1201
saturation/tursodb-per-tenant/lms-balanced t=1 c=1000 rps=500 run=4: 5091/1000000 ok=3707 err=1384
saturation/tursodb-per-tenant/lms-balanced t=1 c=1000 rps=500 run=4: 5511/1000000 ok=3853 err=1658
saturation/tursodb-per-tenant/lms-balanced t=1 c=1000 rps=500 run=4: 5914/1000000 ok=3932 err=1982
saturation/tursodb-per-tenant/lms-balanced t=1 c=1000 rps=500 run=4: 6339/1000000 ok=4008 err=2331
saturation/tursodb-per-tenant/lms-balanced t=1 c=1000 rps=500 run=4: 6783/1000000 ok=4235 err=2548
saturation/tursodb-per-tenant/lms-balanced t=1 c=1000 rps=500 run=4: 7248/1000000 ok=4590 err=2658
saturation/tursodb-per-tenant/lms-balanced t=1 c=1000 rps=500 run=4: 7271/1000000 ok=4592 err=2679
edge/d1-per-tenant/first-request-after-idle run=4 sample=1/1: idle 30000ms
edge/turso-per-tenant/first-request-after-idle run=4 sample=1/1: idle 30000ms
edge/tursodb-per-tenant/first-request-after-idle run=4 sample=1/1: idle 30000ms
edge/d1-per-tenant/first-request-after-idle run=4 sample=1/1: idle 30000ms
edge/turso-per-tenant/first-request-after-idle run=4 sample=1/1: idle 30000ms
edge/tursodb-per-tenant/first-request-after-idle run=4 sample=1/1: idle 30000ms
edge/d1-per-tenant/first-request-after-idle run=4 sample=1/1: idle 30000ms
edge/turso-per-tenant/first-request-after-idle run=4 sample=1/1: idle 30000ms
edge/tursodb-per-tenant/first-request-after-idle run=4 sample=1/1: idle 30000ms
edge/d1-per-tenant/first-request-after-idle run=4 sample=1/1: idle 30000ms
edge/turso-per-tenant/first-request-after-idle run=4 sample=1/1: idle 30000ms
edge/tursodb-per-tenant/first-request-after-idle run=4 sample=1/1: idle 30000ms
latency/turso-per-tenant/point-read t=1 c=1 rps=- run=5: 16/1000000 ok=16 err=0
latency/turso-per-tenant/point-read t=1 c=1 rps=- run=5: 32/1000000 ok=32 err=0
latency/turso-per-tenant/point-read t=1 c=1 rps=- run=5: 47/1000000 ok=47 err=0
latency/turso-per-tenant/point-read t=1 c=1 rps=- run=5: 62/1000000 ok=62 err=0
latency/turso-per-tenant/point-read t=1 c=1 rps=- run=5: 76/1000000 ok=76 err=0
latency/turso-per-tenant/point-read t=1 c=1 rps=- run=5: 89/1000000 ok=89 err=0
latency/turso-per-tenant/point-read t=1 c=1 rps=- run=5: 102/1000000 ok=102 err=0
latency/turso-per-tenant/point-read t=1 c=1 rps=- run=5: 116/1000000 ok=116 err=0
latency/turso-per-tenant/point-read t=1 c=1 rps=- run=5: 131/1000000 ok=131 err=0
latency/turso-per-tenant/point-read t=1 c=1 rps=- run=5: 146/1000000 ok=146 err=0
latency/turso-per-tenant/point-read t=1 c=1 rps=- run=5: 161/1000000 ok=161 err=0
latency/turso-per-tenant/point-read t=1 c=1 rps=- run=5: 177/1000000 ok=177 err=0
latency/turso-per-tenant/point-read t=1 c=1 rps=- run=5: 193/1000000 ok=193 err=0
latency/turso-per-tenant/point-read t=1 c=1 rps=- run=5: 209/1000000 ok=209 err=0
latency/turso-per-tenant/point-read t=1 c=1 rps=- run=5: 217/1000000 ok=217 err=0
latency/tursodb-per-tenant/point-read t=1 c=1 rps=- run=5: 16/1000000 ok=16 err=0
latency/tursodb-per-tenant/point-read t=1 c=1 rps=- run=5: 32/1000000 ok=32 err=0
latency/tursodb-per-tenant/point-read t=1 c=1 rps=- run=5: 47/1000000 ok=47 err=0
latency/tursodb-per-tenant/point-read t=1 c=1 rps=- run=5: 62/1000000 ok=62 err=0
latency/tursodb-per-tenant/point-read t=1 c=1 rps=- run=5: 77/1000000 ok=77 err=0
latency/tursodb-per-tenant/point-read t=1 c=1 rps=- run=5: 92/1000000 ok=92 err=0
latency/tursodb-per-tenant/point-read t=1 c=1 rps=- run=5: 107/1000000 ok=107 err=0
latency/tursodb-per-tenant/point-read t=1 c=1 rps=- run=5: 123/1000000 ok=123 err=0
latency/tursodb-per-tenant/point-read t=1 c=1 rps=- run=5: 138/1000000 ok=138 err=0
latency/tursodb-per-tenant/point-read t=1 c=1 rps=- run=5: 152/1000000 ok=152 err=0
latency/tursodb-per-tenant/point-read t=1 c=1 rps=- run=5: 167/1000000 ok=167 err=0
latency/tursodb-per-tenant/point-read t=1 c=1 rps=- run=5: 182/1000000 ok=182 err=0
latency/tursodb-per-tenant/point-read t=1 c=1 rps=- run=5: 198/1000000 ok=198 err=0
latency/tursodb-per-tenant/point-read t=1 c=1 rps=- run=5: 213/1000000 ok=213 err=0
latency/tursodb-per-tenant/point-read t=1 c=1 rps=- run=5: 221/1000000 ok=221 err=0
latency/d1-per-tenant/point-read t=1 c=1 rps=- run=5: 16/1000000 ok=16 err=0
latency/d1-per-tenant/point-read t=1 c=1 rps=- run=5: 34/1000000 ok=34 err=0
latency/d1-per-tenant/point-read t=1 c=1 rps=- run=5: 52/1000000 ok=52 err=0
latency/d1-per-tenant/point-read t=1 c=1 rps=- run=5: 69/1000000 ok=69 err=0
latency/d1-per-tenant/point-read t=1 c=1 rps=- run=5: 86/1000000 ok=86 err=0
latency/d1-per-tenant/point-read t=1 c=1 rps=- run=5: 104/1000000 ok=104 err=0
latency/d1-per-tenant/point-read t=1 c=1 rps=- run=5: 122/1000000 ok=122 err=0
latency/d1-per-tenant/point-read t=1 c=1 rps=- run=5: 140/1000000 ok=140 err=0
latency/d1-per-tenant/point-read t=1 c=1 rps=- run=5: 159/1000000 ok=159 err=0
latency/d1-per-tenant/point-read t=1 c=1 rps=- run=5: 177/1000000 ok=177 err=0
latency/d1-per-tenant/point-read t=1 c=1 rps=- run=5: 195/1000000 ok=195 err=0
latency/d1-per-tenant/point-read t=1 c=1 rps=- run=5: 213/1000000 ok=213 err=0
latency/d1-per-tenant/point-read t=1 c=1 rps=- run=5: 229/1000000 ok=229 err=0
latency/d1-per-tenant/point-read t=1 c=1 rps=- run=5: 246/1000000 ok=246 err=0
latency/d1-per-tenant/point-read t=1 c=1 rps=- run=5: 256/1000000 ok=256 err=0
mixed-lms/turso-per-tenant/lms-balanced t=1 c=1 rps=- run=5: 6/1000000 ok=6 err=0
mixed-lms/turso-per-tenant/lms-balanced t=1 c=1 rps=- run=5: 13/1000000 ok=13 err=0
mixed-lms/turso-per-tenant/lms-balanced t=1 c=1 rps=- run=5: 20/1000000 ok=20 err=0
mixed-lms/turso-per-tenant/lms-balanced t=1 c=1 rps=- run=5: 28/1000000 ok=28 err=0
mixed-lms/turso-per-tenant/lms-balanced t=1 c=1 rps=- run=5: 35/1000000 ok=35 err=0
mixed-lms/turso-per-tenant/lms-balanced t=1 c=1 rps=- run=5: 43/1000000 ok=43 err=0
mixed-lms/turso-per-tenant/lms-balanced t=1 c=1 rps=- run=5: 51/1000000 ok=51 err=0
mixed-lms/turso-per-tenant/lms-balanced t=1 c=1 rps=- run=5: 58/1000000 ok=58 err=0
mixed-lms/turso-per-tenant/lms-balanced t=1 c=1 rps=- run=5: 65/1000000 ok=65 err=0
mixed-lms/turso-per-tenant/lms-balanced t=1 c=1 rps=- run=5: 72/1000000 ok=72 err=0
mixed-lms/turso-per-tenant/lms-balanced t=1 c=1 rps=- run=5: 79/1000000 ok=79 err=0
mixed-lms/turso-per-tenant/lms-balanced t=1 c=1 rps=- run=5: 86/1000000 ok=86 err=0
mixed-lms/turso-per-tenant/lms-balanced t=1 c=1 rps=- run=5: 93/1000000 ok=93 err=0
mixed-lms/turso-per-tenant/lms-balanced t=1 c=1 rps=- run=5: 100/1000000 ok=100 err=0
mixed-lms/turso-per-tenant/lms-balanced t=1 c=1 rps=- run=5: 101/1000000 ok=101 err=0
mixed-lms/tursodb-per-tenant/lms-balanced t=1 c=1 rps=- run=5: 6/1000000 ok=6 err=0
mixed-lms/tursodb-per-tenant/lms-balanced t=1 c=1 rps=- run=5: 13/1000000 ok=13 err=0
mixed-lms/tursodb-per-tenant/lms-balanced t=1 c=1 rps=- run=5: 19/1000000 ok=19 err=0
mixed-lms/tursodb-per-tenant/lms-balanced t=1 c=1 rps=- run=5: 26/1000000 ok=26 err=0
mixed-lms/tursodb-per-tenant/lms-balanced t=1 c=1 rps=- run=5: 33/1000000 ok=33 err=0
mixed-lms/tursodb-per-tenant/lms-balanced t=1 c=1 rps=- run=5: 39/1000000 ok=39 err=0
mixed-lms/tursodb-per-tenant/lms-balanced t=1 c=1 rps=- run=5: 45/1000000 ok=45 err=0
mixed-lms/tursodb-per-tenant/lms-balanced t=1 c=1 rps=- run=5: 52/1000000 ok=52 err=0
mixed-lms/tursodb-per-tenant/lms-balanced t=1 c=1 rps=- run=5: 59/1000000 ok=59 err=0
mixed-lms/tursodb-per-tenant/lms-balanced t=1 c=1 rps=- run=5: 65/1000000 ok=65 err=0
mixed-lms/tursodb-per-tenant/lms-balanced t=1 c=1 rps=- run=5: 72/1000000 ok=72 err=0
mixed-lms/tursodb-per-tenant/lms-balanced t=1 c=1 rps=- run=5: 78/1000000 ok=78 err=0
mixed-lms/tursodb-per-tenant/lms-balanced t=1 c=1 rps=- run=5: 84/1000000 ok=83 err=1
mixed-lms/tursodb-per-tenant/lms-balanced t=1 c=1 rps=- run=5: 90/1000000 ok=88 err=2
mixed-lms/d1-per-tenant/lms-balanced t=1 c=1 rps=- run=5: 8/1000000 ok=8 err=0
mixed-lms/d1-per-tenant/lms-balanced t=1 c=1 rps=- run=5: 15/1000000 ok=15 err=0
mixed-lms/d1-per-tenant/lms-balanced t=1 c=1 rps=- run=5: 23/1000000 ok=23 err=0
mixed-lms/d1-per-tenant/lms-balanced t=1 c=1 rps=- run=5: 30/1000000 ok=30 err=0
mixed-lms/d1-per-tenant/lms-balanced t=1 c=1 rps=- run=5: 37/1000000 ok=37 err=0
mixed-lms/d1-per-tenant/lms-balanced t=1 c=1 rps=- run=5: 44/1000000 ok=44 err=0
mixed-lms/d1-per-tenant/lms-balanced t=1 c=1 rps=- run=5: 51/1000000 ok=51 err=0
mixed-lms/d1-per-tenant/lms-balanced t=1 c=1 rps=- run=5: 59/1000000 ok=59 err=0
mixed-lms/d1-per-tenant/lms-balanced t=1 c=1 rps=- run=5: 66/1000000 ok=66 err=0
mixed-lms/d1-per-tenant/lms-balanced t=1 c=1 rps=- run=5: 73/1000000 ok=73 err=0
mixed-lms/d1-per-tenant/lms-balanced t=1 c=1 rps=- run=5: 81/1000000 ok=81 err=0
mixed-lms/d1-per-tenant/lms-balanced t=1 c=1 rps=- run=5: 88/1000000 ok=88 err=0
mixed-lms/d1-per-tenant/lms-balanced t=1 c=1 rps=- run=5: 96/1000000 ok=96 err=0
mixed-lms/d1-per-tenant/lms-balanced t=1 c=1 rps=- run=5: 104/1000000 ok=104 err=0
mixed-lms/d1-per-tenant/lms-balanced t=1 c=1 rps=- run=5: 104/1000000 ok=104 err=0
mixed-lms/turso-per-tenant/lms-balanced t=1 c=10 rps=- run=5: 51/1000000 ok=51 err=0
mixed-lms/turso-per-tenant/lms-balanced t=1 c=10 rps=- run=5: 120/1000000 ok=120 err=0
mixed-lms/turso-per-tenant/lms-balanced t=1 c=10 rps=- run=5: 187/1000000 ok=187 err=0
mixed-lms/turso-per-tenant/lms-balanced t=1 c=10 rps=- run=5: 258/1000000 ok=258 err=0
mixed-lms/turso-per-tenant/lms-balanced t=1 c=10 rps=- run=5: 325/1000000 ok=325 err=0
mixed-lms/turso-per-tenant/lms-balanced t=1 c=10 rps=- run=5: 392/1000000 ok=392 err=0
mixed-lms/turso-per-tenant/lms-balanced t=1 c=10 rps=- run=5: 456/1000000 ok=456 err=0
mixed-lms/turso-per-tenant/lms-balanced t=1 c=10 rps=- run=5: 525/1000000 ok=525 err=0
mixed-lms/turso-per-tenant/lms-balanced t=1 c=10 rps=- run=5: 590/1000000 ok=590 err=0
mixed-lms/turso-per-tenant/lms-balanced t=1 c=10 rps=- run=5: 654/1000000 ok=654 err=0
mixed-lms/turso-per-tenant/lms-balanced t=1 c=10 rps=- run=5: 718/1000000 ok=718 err=0
mixed-lms/turso-per-tenant/lms-balanced t=1 c=10 rps=- run=5: 785/1000000 ok=785 err=0
mixed-lms/turso-per-tenant/lms-balanced t=1 c=10 rps=- run=5: 850/1000000 ok=850 err=0
mixed-lms/turso-per-tenant/lms-balanced t=1 c=10 rps=- run=5: 918/1000000 ok=918 err=0
mixed-lms/turso-per-tenant/lms-balanced t=1 c=10 rps=- run=5: 981/1000000 ok=981 err=0
mixed-lms/turso-per-tenant/lms-balanced t=1 c=10 rps=- run=5: 983/1000000 ok=983 err=0
mixed-lms/tursodb-per-tenant/lms-balanced t=1 c=10 rps=- run=5: 53/1000000 ok=53 err=0
mixed-lms/tursodb-per-tenant/lms-balanced t=1 c=10 rps=- run=5: 121/1000000 ok=119 err=2
mixed-lms/tursodb-per-tenant/lms-balanced t=1 c=10 rps=- run=5: 191/1000000 ok=188 err=3
mixed-lms/tursodb-per-tenant/lms-balanced t=1 c=10 rps=- run=5: 259/1000000 ok=256 err=3
mixed-lms/tursodb-per-tenant/lms-balanced t=1 c=10 rps=- run=5: 324/1000000 ok=321 err=3
mixed-lms/tursodb-per-tenant/lms-balanced t=1 c=10 rps=- run=5: 389/1000000 ok=386 err=3
mixed-lms/tursodb-per-tenant/lms-balanced t=1 c=10 rps=- run=5: 453/1000000 ok=449 err=4
mixed-lms/tursodb-per-tenant/lms-balanced t=1 c=10 rps=- run=5: 518/1000000 ok=514 err=4
mixed-lms/tursodb-per-tenant/lms-balanced t=1 c=10 rps=- run=5: 586/1000000 ok=580 err=6
mixed-lms/tursodb-per-tenant/lms-balanced t=1 c=10 rps=- run=5: 649/1000000 ok=643 err=6
mixed-lms/tursodb-per-tenant/lms-balanced t=1 c=10 rps=- run=5: 712/1000000 ok=705 err=7
mixed-lms/tursodb-per-tenant/lms-balanced t=1 c=10 rps=- run=5: 773/1000000 ok=766 err=7
mixed-lms/tursodb-per-tenant/lms-balanced t=1 c=10 rps=- run=5: 835/1000000 ok=827 err=8
mixed-lms/tursodb-per-tenant/lms-balanced t=1 c=10 rps=- run=5: 888/1000000 ok=879 err=9
mixed-lms/tursodb-per-tenant/lms-balanced t=1 c=10 rps=- run=5: 949/1000000 ok=940 err=9
mixed-lms/tursodb-per-tenant/lms-balanced t=1 c=10 rps=- run=5: 949/1000000 ok=940 err=9
mixed-lms/d1-per-tenant/lms-balanced t=1 c=10 rps=- run=5: 63/1000000 ok=63 err=0
mixed-lms/d1-per-tenant/lms-balanced t=1 c=10 rps=- run=5: 122/1000000 ok=122 err=0
mixed-lms/d1-per-tenant/lms-balanced t=1 c=10 rps=- run=5: 191/1000000 ok=191 err=0
mixed-lms/d1-per-tenant/lms-balanced t=1 c=10 rps=- run=5: 262/1000000 ok=262 err=0
mixed-lms/d1-per-tenant/lms-balanced t=1 c=10 rps=- run=5: 332/1000000 ok=332 err=0
mixed-lms/d1-per-tenant/lms-balanced t=1 c=10 rps=- run=5: 406/1000000 ok=406 err=0
mixed-lms/d1-per-tenant/lms-balanced t=1 c=10 rps=- run=5: 479/1000000 ok=479 err=0
mixed-lms/d1-per-tenant/lms-balanced t=1 c=10 rps=- run=5: 550/1000000 ok=550 err=0
mixed-lms/d1-per-tenant/lms-balanced t=1 c=10 rps=- run=5: 619/1000000 ok=619 err=0
mixed-lms/d1-per-tenant/lms-balanced t=1 c=10 rps=- run=5: 691/1000000 ok=691 err=0
mixed-lms/d1-per-tenant/lms-balanced t=1 c=10 rps=- run=5: 758/1000000 ok=758 err=0
mixed-lms/d1-per-tenant/lms-balanced t=1 c=10 rps=- run=5: 831/1000000 ok=831 err=0
mixed-lms/d1-per-tenant/lms-balanced t=1 c=10 rps=- run=5: 900/1000000 ok=900 err=0
mixed-lms/d1-per-tenant/lms-balanced t=1 c=10 rps=- run=5: 968/1000000 ok=968 err=0
mixed-lms/d1-per-tenant/lms-balanced t=1 c=10 rps=- run=5: 1031/1000000 ok=1031 err=0
mixed-lms/turso-per-tenant/lms-balanced t=1 c=25 rps=- run=5: 115/1000000 ok=115 err=0
mixed-lms/turso-per-tenant/lms-balanced t=1 c=25 rps=- run=5: 278/1000000 ok=278 err=0
mixed-lms/turso-per-tenant/lms-balanced t=1 c=25 rps=- run=5: 435/1000000 ok=435 err=0
mixed-lms/turso-per-tenant/lms-balanced t=1 c=25 rps=- run=5: 597/1000000 ok=597 err=0
mixed-lms/turso-per-tenant/lms-balanced t=1 c=25 rps=- run=5: 758/1000000 ok=758 err=0
mixed-lms/turso-per-tenant/lms-balanced t=1 c=25 rps=- run=5: 918/1000000 ok=918 err=0
mixed-lms/turso-per-tenant/lms-balanced t=1 c=25 rps=- run=5: 1084/1000000 ok=1084 err=0
mixed-lms/turso-per-tenant/lms-balanced t=1 c=25 rps=- run=5: 1249/1000000 ok=1249 err=0
mixed-lms/turso-per-tenant/lms-balanced t=1 c=25 rps=- run=5: 1413/1000000 ok=1413 err=0
mixed-lms/turso-per-tenant/lms-balanced t=1 c=25 rps=- run=5: 1581/1000000 ok=1581 err=0
mixed-lms/turso-per-tenant/lms-balanced t=1 c=25 rps=- run=5: 1741/1000000 ok=1741 err=0
mixed-lms/turso-per-tenant/lms-balanced t=1 c=25 rps=- run=5: 1897/1000000 ok=1897 err=0
mixed-lms/turso-per-tenant/lms-balanced t=1 c=25 rps=- run=5: 2060/1000000 ok=2060 err=0
mixed-lms/turso-per-tenant/lms-balanced t=1 c=25 rps=- run=5: 2217/1000000 ok=2217 err=0
mixed-lms/turso-per-tenant/lms-balanced t=1 c=25 rps=- run=5: 2380/1000000 ok=2380 err=0
mixed-lms/turso-per-tenant/lms-balanced t=1 c=25 rps=- run=5: 2396/1000000 ok=2396 err=0
mixed-lms/tursodb-per-tenant/lms-balanced t=1 c=25 rps=- run=5: 127/1000000 ok=125 err=2
mixed-lms/tursodb-per-tenant/lms-balanced t=1 c=25 rps=- run=5: 290/1000000 ok=287 err=3
mixed-lms/tursodb-per-tenant/lms-balanced t=1 c=25 rps=- run=5: 432/1000000 ok=428 err=4
mixed-lms/tursodb-per-tenant/lms-balanced t=1 c=25 rps=- run=5: 593/1000000 ok=587 err=6
mixed-lms/tursodb-per-tenant/lms-balanced t=1 c=25 rps=- run=5: 748/1000000 ok=741 err=7
mixed-lms/tursodb-per-tenant/lms-balanced t=1 c=25 rps=- run=5: 886/1000000 ok=877 err=9
mixed-lms/tursodb-per-tenant/lms-balanced t=1 c=25 rps=- run=5: 1034/1000000 ok=1025 err=9
mixed-lms/tursodb-per-tenant/lms-balanced t=1 c=25 rps=- run=5: 1190/1000000 ok=1179 err=11
mixed-lms/tursodb-per-tenant/lms-balanced t=1 c=25 rps=- run=5: 1346/1000000 ok=1334 err=12
mixed-lms/tursodb-per-tenant/lms-balanced t=1 c=25 rps=- run=5: 1504/1000000 ok=1490 err=14
mixed-lms/tursodb-per-tenant/lms-balanced t=1 c=25 rps=- run=5: 1664/1000000 ok=1647 err=17
mixed-lms/tursodb-per-tenant/lms-balanced t=1 c=25 rps=- run=5: 1822/1000000 ok=1804 err=18
mixed-lms/tursodb-per-tenant/lms-balanced t=1 c=25 rps=- run=5: 1969/1000000 ok=1950 err=19
mixed-lms/tursodb-per-tenant/lms-balanced t=1 c=25 rps=- run=5: 2127/1000000 ok=2106 err=21
mixed-lms/tursodb-per-tenant/lms-balanced t=1 c=25 rps=- run=5: 2275/1000000 ok=2250 err=25
mixed-lms/d1-per-tenant/lms-balanced t=1 c=25 rps=- run=5: 122/1000000 ok=122 err=0
mixed-lms/d1-per-tenant/lms-balanced t=1 c=25 rps=- run=5: 254/1000000 ok=254 err=0
mixed-lms/d1-per-tenant/lms-balanced t=1 c=25 rps=- run=5: 393/1000000 ok=393 err=0
mixed-lms/d1-per-tenant/lms-balanced t=1 c=25 rps=- run=5: 521/1000000 ok=521 err=0
mixed-lms/d1-per-tenant/lms-balanced t=1 c=25 rps=- run=5: 662/1000000 ok=662 err=0
mixed-lms/d1-per-tenant/lms-balanced t=1 c=25 rps=- run=5: 787/1000000 ok=787 err=0
mixed-lms/d1-per-tenant/lms-balanced t=1 c=25 rps=- run=5: 926/1000000 ok=926 err=0
mixed-lms/d1-per-tenant/lms-balanced t=1 c=25 rps=- run=5: 1064/1000000 ok=1064 err=0
mixed-lms/d1-per-tenant/lms-balanced t=1 c=25 rps=- run=5: 1197/1000000 ok=1197 err=0
mixed-lms/d1-per-tenant/lms-balanced t=1 c=25 rps=- run=5: 1338/1000000 ok=1338 err=0
mixed-lms/d1-per-tenant/lms-balanced t=1 c=25 rps=- run=5: 1480/1000000 ok=1480 err=0
mixed-lms/d1-per-tenant/lms-balanced t=1 c=25 rps=- run=5: 1604/1000000 ok=1604 err=0
mixed-lms/d1-per-tenant/lms-balanced t=1 c=25 rps=- run=5: 1752/1000000 ok=1752 err=0
mixed-lms/d1-per-tenant/lms-balanced t=1 c=25 rps=- run=5: 1883/1000000 ok=1883 err=0
mixed-lms/d1-per-tenant/lms-balanced t=1 c=25 rps=- run=5: 2016/1000000 ok=2016 err=0
mixed-lms/turso-per-tenant/lms-balanced t=1 c=50 rps=- run=5: 237/1000000 ok=237 err=0
mixed-lms/turso-per-tenant/lms-balanced t=1 c=50 rps=- run=5: 530/1000000 ok=530 err=0
mixed-lms/turso-per-tenant/lms-balanced t=1 c=50 rps=- run=5: 831/1000000 ok=831 err=0
mixed-lms/turso-per-tenant/lms-balanced t=1 c=50 rps=- run=5: 1132/1000000 ok=1132 err=0
mixed-lms/turso-per-tenant/lms-balanced t=1 c=50 rps=- run=5: 1446/1000000 ok=1446 err=0
mixed-lms/turso-per-tenant/lms-balanced t=1 c=50 rps=- run=5: 1743/1000000 ok=1743 err=0
mixed-lms/turso-per-tenant/lms-balanced t=1 c=50 rps=- run=5: 2048/1000000 ok=2048 err=0
mixed-lms/turso-per-tenant/lms-balanced t=1 c=50 rps=- run=5: 2347/1000000 ok=2347 err=0
mixed-lms/turso-per-tenant/lms-balanced t=1 c=50 rps=- run=5: 2651/1000000 ok=2651 err=0
mixed-lms/turso-per-tenant/lms-balanced t=1 c=50 rps=- run=5: 2948/1000000 ok=2948 err=0
mixed-lms/turso-per-tenant/lms-balanced t=1 c=50 rps=- run=5: 3252/1000000 ok=3252 err=0
mixed-lms/turso-per-tenant/lms-balanced t=1 c=50 rps=- run=5: 3559/1000000 ok=3558 err=1
mixed-lms/turso-per-tenant/lms-balanced t=1 c=50 rps=- run=5: 3840/1000000 ok=3839 err=1
mixed-lms/turso-per-tenant/lms-balanced t=1 c=50 rps=- run=5: 4144/1000000 ok=4143 err=1
mixed-lms/turso-per-tenant/lms-balanced t=1 c=50 rps=- run=5: 4382/1000000 ok=4381 err=1
mixed-lms/turso-per-tenant/lms-balanced t=1 c=50 rps=- run=5: 4416/1000000 ok=4415 err=1
mixed-lms/tursodb-per-tenant/lms-balanced t=1 c=50 rps=- run=5: 205/1000000 ok=202 err=3
mixed-lms/tursodb-per-tenant/lms-balanced t=1 c=50 rps=- run=5: 445/1000000 ok=441 err=4
mixed-lms/tursodb-per-tenant/lms-balanced t=1 c=50 rps=- run=5: 699/1000000 ok=692 err=7
mixed-lms/tursodb-per-tenant/lms-balanced t=1 c=50 rps=- run=5: 922/1000000 ok=913 err=9
mixed-lms/tursodb-per-tenant/lms-balanced t=1 c=50 rps=- run=5: 1105/1000000 ok=1096 err=9
mixed-lms/tursodb-per-tenant/lms-balanced t=1 c=50 rps=- run=5: 1293/1000000 ok=1282 err=11
mixed-lms/tursodb-per-tenant/lms-balanced t=1 c=50 rps=- run=5: 1521/1000000 ok=1507 err=14
mixed-lms/tursodb-per-tenant/lms-balanced t=1 c=50 rps=- run=5: 1749/1000000 ok=1732 err=17
mixed-lms/tursodb-per-tenant/lms-balanced t=1 c=50 rps=- run=5: 1956/1000000 ok=1938 err=18
mixed-lms/tursodb-per-tenant/lms-balanced t=1 c=50 rps=- run=5: 2182/1000000 ok=2160 err=22
mixed-lms/tursodb-per-tenant/lms-balanced t=1 c=50 rps=- run=5: 2409/1000000 ok=2383 err=26
mixed-lms/tursodb-per-tenant/lms-balanced t=1 c=50 rps=- run=5: 2631/1000000 ok=2601 err=30
mixed-lms/tursodb-per-tenant/lms-balanced t=1 c=50 rps=- run=5: 2844/1000000 ok=2813 err=31
mixed-lms/tursodb-per-tenant/lms-balanced t=1 c=50 rps=- run=5: 3032/1000000 ok=2998 err=34
mixed-lms/tursodb-per-tenant/lms-balanced t=1 c=50 rps=- run=5: 3260/1000000 ok=3224 err=36
mixed-lms/tursodb-per-tenant/lms-balanced t=1 c=50 rps=- run=5: 3272/1000000 ok=3235 err=37
mixed-lms/d1-per-tenant/lms-balanced t=1 c=50 rps=- run=5: 152/1000000 ok=152 err=0
mixed-lms/d1-per-tenant/lms-balanced t=1 c=50 rps=- run=5: 329/1000000 ok=329 err=0
mixed-lms/d1-per-tenant/lms-balanced t=1 c=50 rps=- run=5: 495/1000000 ok=495 err=0
mixed-lms/d1-per-tenant/lms-balanced t=1 c=50 rps=- run=5: 702/1000000 ok=702 err=0
mixed-lms/d1-per-tenant/lms-balanced t=1 c=50 rps=- run=5: 885/1000000 ok=885 err=0
mixed-lms/d1-per-tenant/lms-balanced t=1 c=50 rps=- run=5: 1088/1000000 ok=1088 err=0
mixed-lms/d1-per-tenant/lms-balanced t=1 c=50 rps=- run=5: 1293/1000000 ok=1293 err=0
mixed-lms/d1-per-tenant/lms-balanced t=1 c=50 rps=- run=5: 1465/1000000 ok=1465 err=0
mixed-lms/d1-per-tenant/lms-balanced t=1 c=50 rps=- run=5: 1643/1000000 ok=1643 err=0
mixed-lms/d1-per-tenant/lms-balanced t=1 c=50 rps=- run=5: 1862/1000000 ok=1862 err=0
mixed-lms/d1-per-tenant/lms-balanced t=1 c=50 rps=- run=5: 2075/1000000 ok=2075 err=0
mixed-lms/d1-per-tenant/lms-balanced t=1 c=50 rps=- run=5: 2264/1000000 ok=2264 err=0
mixed-lms/d1-per-tenant/lms-balanced t=1 c=50 rps=- run=5: 2489/1000000 ok=2489 err=0
mixed-lms/d1-per-tenant/lms-balanced t=1 c=50 rps=- run=5: 2647/1000000 ok=2647 err=0
mixed-lms/d1-per-tenant/lms-balanced t=1 c=50 rps=- run=5: 2829/1000000 ok=2829 err=0
mixed-lms/turso-per-tenant/lms-balanced t=1 c=100 rps=- run=5: 335/1000000 ok=335 err=0
mixed-lms/turso-per-tenant/lms-balanced t=1 c=100 rps=- run=5: 803/1000000 ok=803 err=0
mixed-lms/turso-per-tenant/lms-balanced t=1 c=100 rps=- run=5: 1340/1000000 ok=1340 err=0
mixed-lms/turso-per-tenant/lms-balanced t=1 c=100 rps=- run=5: 1856/1000000 ok=1856 err=0
mixed-lms/turso-per-tenant/lms-balanced t=1 c=100 rps=- run=5: 2402/1000000 ok=2402 err=0
mixed-lms/turso-per-tenant/lms-balanced t=1 c=100 rps=- run=5: 2947/1000000 ok=2947 err=0
mixed-lms/turso-per-tenant/lms-balanced t=1 c=100 rps=- run=5: 3426/1000000 ok=3426 err=0
mixed-lms/turso-per-tenant/lms-balanced t=1 c=100 rps=- run=5: 4000/1000000 ok=4000 err=0
mixed-lms/turso-per-tenant/lms-balanced t=1 c=100 rps=- run=5: 4541/1000000 ok=4541 err=0
mixed-lms/turso-per-tenant/lms-balanced t=1 c=100 rps=- run=5: 5129/1000000 ok=5129 err=0
mixed-lms/turso-per-tenant/lms-balanced t=1 c=100 rps=- run=5: 5659/1000000 ok=5659 err=0
mixed-lms/turso-per-tenant/lms-balanced t=1 c=100 rps=- run=5: 6242/1000000 ok=6242 err=0
mixed-lms/turso-per-tenant/lms-balanced t=1 c=100 rps=- run=5: 6781/1000000 ok=6781 err=0
mixed-lms/turso-per-tenant/lms-balanced t=1 c=100 rps=- run=5: 7292/1000000 ok=7292 err=0
mixed-lms/turso-per-tenant/lms-balanced t=1 c=100 rps=- run=5: 7860/1000000 ok=7860 err=0
mixed-lms/turso-per-tenant/lms-balanced t=1 c=100 rps=- run=5: 7931/1000000 ok=7931 err=0
mixed-lms/tursodb-per-tenant/lms-balanced t=1 c=100 rps=- run=5: 240/1000000 ok=238 err=2
mixed-lms/tursodb-per-tenant/lms-balanced t=1 c=100 rps=- run=5: 549/1000000 ok=546 err=3
mixed-lms/tursodb-per-tenant/lms-balanced t=1 c=100 rps=- run=5: 822/1000000 ok=816 err=6
mixed-lms/tursodb-per-tenant/lms-balanced t=1 c=100 rps=- run=5: 1057/1000000 ok=1049 err=8
mixed-lms/tursodb-per-tenant/lms-balanced t=1 c=100 rps=- run=5: 1307/1000000 ok=1297 err=10
mixed-lms/tursodb-per-tenant/lms-balanced t=1 c=100 rps=- run=5: 1521/1000000 ok=1510 err=11
mixed-lms/tursodb-per-tenant/lms-balanced t=1 c=100 rps=- run=5: 1766/1000000 ok=1751 err=15
mixed-lms/tursodb-per-tenant/lms-balanced t=1 c=100 rps=- run=5: 2013/1000000 ok=1995 err=18
mixed-lms/tursodb-per-tenant/lms-balanced t=1 c=100 rps=- run=5: 2255/1000000 ok=2235 err=20
mixed-lms/tursodb-per-tenant/lms-balanced t=1 c=100 rps=- run=5: 2469/1000000 ok=2445 err=24
mixed-lms/tursodb-per-tenant/lms-balanced t=1 c=100 rps=- run=5: 2693/1000000 ok=2664 err=29
mixed-lms/tursodb-per-tenant/lms-balanced t=1 c=100 rps=- run=5: 2917/1000000 ok=2886 err=31
mixed-lms/tursodb-per-tenant/lms-balanced t=1 c=100 rps=- run=5: 3163/1000000 ok=3129 err=34
mixed-lms/tursodb-per-tenant/lms-balanced t=1 c=100 rps=- run=5: 3374/1000000 ok=3340 err=34
mixed-lms/tursodb-per-tenant/lms-balanced t=1 c=100 rps=- run=5: 3593/1000000 ok=3554 err=39
mixed-lms/tursodb-per-tenant/lms-balanced t=1 c=100 rps=- run=5: 3649/1000000 ok=3608 err=41
mixed-lms/tursodb-per-tenant/lms-balanced t=1 c=100 rps=- run=5: 3666/1000000 ok=3624 err=42
mixed-lms/tursodb-per-tenant/lms-balanced t=1 c=100 rps=- run=5: 3670/1000000 ok=3627 err=43
mixed-lms/d1-per-tenant/lms-balanced t=1 c=100 rps=- run=5: 150/1000000 ok=150 err=0
mixed-lms/d1-per-tenant/lms-balanced t=1 c=100 rps=- run=5: 386/1000000 ok=386 err=0
mixed-lms/d1-per-tenant/lms-balanced t=1 c=100 rps=- run=5: 602/1000000 ok=602 err=0
mixed-lms/d1-per-tenant/lms-balanced t=1 c=100 rps=- run=5: 860/1000000 ok=860 err=0
mixed-lms/d1-per-tenant/lms-balanced t=1 c=100 rps=- run=5: 1045/1000000 ok=1045 err=0
mixed-lms/d1-per-tenant/lms-balanced t=1 c=100 rps=- run=5: 1269/1000000 ok=1269 err=0
mixed-lms/d1-per-tenant/lms-balanced t=1 c=100 rps=- run=5: 1473/1000000 ok=1473 err=0
mixed-lms/d1-per-tenant/lms-balanced t=1 c=100 rps=- run=5: 1732/1000000 ok=1732 err=0
mixed-lms/d1-per-tenant/lms-balanced t=1 c=100 rps=- run=5: 1962/1000000 ok=1962 err=0
mixed-lms/d1-per-tenant/lms-balanced t=1 c=100 rps=- run=5: 2196/1000000 ok=2196 err=0
mixed-lms/d1-per-tenant/lms-balanced t=1 c=100 rps=- run=5: 2450/1000000 ok=2450 err=0
mixed-lms/d1-per-tenant/lms-balanced t=1 c=100 rps=- run=5: 2660/1000000 ok=2660 err=0
mixed-lms/d1-per-tenant/lms-balanced t=1 c=100 rps=- run=5: 2896/1000000 ok=2896 err=0
mixed-lms/d1-per-tenant/lms-balanced t=1 c=100 rps=- run=5: 3134/1000000 ok=3134 err=0
mixed-lms/d1-per-tenant/lms-balanced t=1 c=100 rps=- run=5: 3340/1000000 ok=3340 err=0
mixed-lms/turso-per-tenant/lms-balanced t=1 c=200 rps=- run=5: 531/1000000 ok=531 err=0
mixed-lms/turso-per-tenant/lms-balanced t=1 c=200 rps=- run=5: 1173/1000000 ok=1173 err=0
mixed-lms/turso-per-tenant/lms-balanced t=1 c=200 rps=- run=5: 1597/1000000 ok=1597 err=0
mixed-lms/turso-per-tenant/lms-balanced t=1 c=200 rps=- run=5: 2032/1000000 ok=2032 err=0
mixed-lms/turso-per-tenant/lms-balanced t=1 c=200 rps=- run=5: 2514/1000000 ok=2514 err=0
mixed-lms/turso-per-tenant/lms-balanced t=1 c=200 rps=- run=5: 3029/1000000 ok=3029 err=0
mixed-lms/turso-per-tenant/lms-balanced t=1 c=200 rps=- run=5: 3540/1000000 ok=3540 err=0
mixed-lms/turso-per-tenant/lms-balanced t=1 c=200 rps=- run=5: 3977/1000000 ok=3977 err=0
mixed-lms/turso-per-tenant/lms-balanced t=1 c=200 rps=- run=5: 4490/1000000 ok=4490 err=0
mixed-lms/turso-per-tenant/lms-balanced t=1 c=200 rps=- run=5: 4977/1000000 ok=4977 err=0
mixed-lms/turso-per-tenant/lms-balanced t=1 c=200 rps=- run=5: 5488/1000000 ok=5488 err=0
mixed-lms/turso-per-tenant/lms-balanced t=1 c=200 rps=- run=5: 6019/1000000 ok=6019 err=0
mixed-lms/turso-per-tenant/lms-balanced t=1 c=200 rps=- run=5: 6538/1000000 ok=6538 err=0
mixed-lms/turso-per-tenant/lms-balanced t=1 c=200 rps=- run=5: 7054/1000000 ok=7054 err=0
mixed-lms/turso-per-tenant/lms-balanced t=1 c=200 rps=- run=5: 7595/1000000 ok=7595 err=0
mixed-lms/turso-per-tenant/lms-balanced t=1 c=200 rps=- run=5: 7755/1000000 ok=7755 err=0
mixed-lms/turso-per-tenant/lms-balanced t=1 c=200 rps=- run=5: 7757/1000000 ok=7757 err=0
mixed-lms/tursodb-per-tenant/lms-balanced t=1 c=200 rps=- run=5: 312/1000000 ok=310 err=2
mixed-lms/tursodb-per-tenant/lms-balanced t=1 c=200 rps=- run=5: 670/1000000 ok=667 err=3
mixed-lms/tursodb-per-tenant/lms-balanced t=1 c=200 rps=- run=5: 951/1000000 ok=946 err=5
mixed-lms/tursodb-per-tenant/lms-balanced t=1 c=200 rps=- run=5: 1180/1000000 ok=1156 err=24
mixed-lms/tursodb-per-tenant/lms-balanced t=1 c=200 rps=- run=5: 1444/1000000 ok=1379 err=65
mixed-lms/tursodb-per-tenant/lms-balanced t=1 c=200 rps=- run=5: 1711/1000000 ok=1610 err=101
mixed-lms/tursodb-per-tenant/lms-balanced t=1 c=200 rps=- run=5: 1929/1000000 ok=1790 err=139
mixed-lms/tursodb-per-tenant/lms-balanced t=1 c=200 rps=- run=5: 2195/1000000 ok=2017 err=178
mixed-lms/tursodb-per-tenant/lms-balanced t=1 c=200 rps=- run=5: 2484/1000000 ok=2264 err=220
mixed-lms/tursodb-per-tenant/lms-balanced t=1 c=200 rps=- run=5: 2747/1000000 ok=2497 err=250
mixed-lms/tursodb-per-tenant/lms-balanced t=1 c=200 rps=- run=5: 3001/1000000 ok=2708 err=293
mixed-lms/tursodb-per-tenant/lms-balanced t=1 c=200 rps=- run=5: 3282/1000000 ok=2948 err=334
mixed-lms/tursodb-per-tenant/lms-balanced t=1 c=200 rps=- run=5: 3524/1000000 ok=3150 err=374
mixed-lms/tursodb-per-tenant/lms-balanced t=1 c=200 rps=- run=5: 3819/1000000 ok=3403 err=416
mixed-lms/tursodb-per-tenant/lms-balanced t=1 c=200 rps=- run=5: 4117/1000000 ok=3665 err=452
mixed-lms/tursodb-per-tenant/lms-balanced t=1 c=200 rps=- run=5: 4231/1000000 ok=3738 err=493
mixed-lms/tursodb-per-tenant/lms-balanced t=1 c=200 rps=- run=5: 4278/1000000 ok=3738 err=540
mixed-lms/tursodb-per-tenant/lms-balanced t=1 c=200 rps=- run=5: 4293/1000000 ok=3738 err=555
mixed-lms/d1-per-tenant/lms-balanced t=1 c=200 rps=- run=5: 121/1000000 ok=121 err=0
mixed-lms/d1-per-tenant/lms-balanced t=1 c=200 rps=- run=5: 399/1000000 ok=399 err=0
mixed-lms/d1-per-tenant/lms-balanced t=1 c=200 rps=- run=5: 642/1000000 ok=642 err=0
mixed-lms/d1-per-tenant/lms-balanced t=1 c=200 rps=- run=5: 851/1000000 ok=851 err=0
mixed-lms/d1-per-tenant/lms-balanced t=1 c=200 rps=- run=5: 1127/1000000 ok=1127 err=0
mixed-lms/d1-per-tenant/lms-balanced t=1 c=200 rps=- run=5: 1351/1000000 ok=1351 err=0
mixed-lms/d1-per-tenant/lms-balanced t=1 c=200 rps=- run=5: 1588/1000000 ok=1588 err=0
mixed-lms/d1-per-tenant/lms-balanced t=1 c=200 rps=- run=5: 1853/1000000 ok=1853 err=0
mixed-lms/d1-per-tenant/lms-balanced t=1 c=200 rps=- run=5: 2084/1000000 ok=2084 err=0
mixed-lms/d1-per-tenant/lms-balanced t=1 c=200 rps=- run=5: 2294/1000000 ok=2294 err=0
mixed-lms/d1-per-tenant/lms-balanced t=1 c=200 rps=- run=5: 2557/1000000 ok=2557 err=0
mixed-lms/d1-per-tenant/lms-balanced t=1 c=200 rps=- run=5: 2794/1000000 ok=2794 err=0
mixed-lms/d1-per-tenant/lms-balanced t=1 c=200 rps=- run=5: 3039/1000000 ok=3039 err=0
mixed-lms/d1-per-tenant/lms-balanced t=1 c=200 rps=- run=5: 3235/1000000 ok=3235 err=0
mixed-lms/d1-per-tenant/lms-balanced t=1 c=200 rps=- run=5: 3368/1000000 ok=3368 err=0
writes/turso-per-tenant/update-progress t=1 c=1 rps=- run=5: 13/1000000 ok=13 err=0
writes/turso-per-tenant/update-progress t=1 c=1 rps=- run=5: 27/1000000 ok=27 err=0
writes/turso-per-tenant/update-progress t=1 c=1 rps=- run=5: 40/1000000 ok=40 err=0
writes/turso-per-tenant/update-progress t=1 c=1 rps=- run=5: 54/1000000 ok=54 err=0
writes/turso-per-tenant/update-progress t=1 c=1 rps=- run=5: 68/1000000 ok=68 err=0
writes/turso-per-tenant/update-progress t=1 c=1 rps=- run=5: 82/1000000 ok=82 err=0
writes/turso-per-tenant/update-progress t=1 c=1 rps=- run=5: 95/1000000 ok=95 err=0
writes/turso-per-tenant/update-progress t=1 c=1 rps=- run=5: 109/1000000 ok=109 err=0
writes/turso-per-tenant/update-progress t=1 c=1 rps=- run=5: 122/1000000 ok=122 err=0
writes/turso-per-tenant/update-progress t=1 c=1 rps=- run=5: 135/1000000 ok=135 err=0
writes/turso-per-tenant/update-progress t=1 c=1 rps=- run=5: 148/1000000 ok=148 err=0
writes/turso-per-tenant/update-progress t=1 c=1 rps=- run=5: 161/1000000 ok=161 err=0
writes/turso-per-tenant/update-progress t=1 c=1 rps=- run=5: 175/1000000 ok=175 err=0
writes/turso-per-tenant/update-progress t=1 c=1 rps=- run=5: 189/1000000 ok=189 err=0
writes/turso-per-tenant/update-progress t=1 c=1 rps=- run=5: 193/1000000 ok=193 err=0
writes/tursodb-per-tenant/update-progress t=1 c=1 rps=- run=5: 7/1000000 ok=7 err=0
writes/tursodb-per-tenant/update-progress t=1 c=1 rps=- run=5: 17/1000000 ok=13 err=4
writes/tursodb-per-tenant/update-progress t=1 c=1 rps=- run=5: 26/1000000 ok=21 err=5
writes/tursodb-per-tenant/update-progress t=1 c=1 rps=- run=5: 35/1000000 ok=27 err=8
writes/tursodb-per-tenant/update-progress t=1 c=1 rps=- run=5: 43/1000000 ok=34 err=9
writes/tursodb-per-tenant/update-progress t=1 c=1 rps=- run=5: 48/1000000 ok=39 err=9
writes/tursodb-per-tenant/update-progress t=1 c=1 rps=- run=5: 56/1000000 ok=47 err=9
writes/tursodb-per-tenant/update-progress t=1 c=1 rps=- run=5: 65/1000000 ok=55 err=10
writes/tursodb-per-tenant/update-progress t=1 c=1 rps=- run=5: 73/1000000 ok=62 err=11
writes/tursodb-per-tenant/update-progress t=1 c=1 rps=- run=5: 83/1000000 ok=70 err=13
writes/tursodb-per-tenant/update-progress t=1 c=1 rps=- run=5: 90/1000000 ok=76 err=14
writes/tursodb-per-tenant/update-progress t=1 c=1 rps=- run=5: 98/1000000 ok=83 err=15
writes/tursodb-per-tenant/update-progress t=1 c=1 rps=- run=5: 106/1000000 ok=90 err=16
writes/tursodb-per-tenant/update-progress t=1 c=1 rps=- run=5: 113/1000000 ok=97 err=16
writes/tursodb-per-tenant/update-progress t=1 c=1 rps=- run=5: 113/1000000 ok=97 err=16
writes/d1-per-tenant/update-progress t=1 c=1 rps=- run=5: 14/1000000 ok=14 err=0
writes/d1-per-tenant/update-progress t=1 c=1 rps=- run=5: 28/1000000 ok=28 err=0
writes/d1-per-tenant/update-progress t=1 c=1 rps=- run=5: 43/1000000 ok=43 err=0
writes/d1-per-tenant/update-progress t=1 c=1 rps=- run=5: 57/1000000 ok=57 err=0
writes/d1-per-tenant/update-progress t=1 c=1 rps=- run=5: 70/1000000 ok=70 err=0
writes/d1-per-tenant/update-progress t=1 c=1 rps=- run=5: 84/1000000 ok=84 err=0
writes/d1-per-tenant/update-progress t=1 c=1 rps=- run=5: 98/1000000 ok=98 err=0
writes/d1-per-tenant/update-progress t=1 c=1 rps=- run=5: 112/1000000 ok=112 err=0
writes/d1-per-tenant/update-progress t=1 c=1 rps=- run=5: 127/1000000 ok=127 err=0
writes/d1-per-tenant/update-progress t=1 c=1 rps=- run=5: 141/1000000 ok=141 err=0
writes/d1-per-tenant/update-progress t=1 c=1 rps=- run=5: 156/1000000 ok=156 err=0
writes/d1-per-tenant/update-progress t=1 c=1 rps=- run=5: 170/1000000 ok=170 err=0
writes/d1-per-tenant/update-progress t=1 c=1 rps=- run=5: 183/1000000 ok=183 err=0
writes/d1-per-tenant/update-progress t=1 c=1 rps=- run=5: 197/1000000 ok=197 err=0
writes/d1-per-tenant/update-progress t=1 c=1 rps=- run=5: 204/1000000 ok=204 err=0
writes/turso-per-tenant/update-progress t=1 c=10 rps=- run=5: 71/1000000 ok=71 err=0
writes/turso-per-tenant/update-progress t=1 c=10 rps=- run=5: 158/1000000 ok=158 err=0
writes/turso-per-tenant/update-progress t=1 c=10 rps=- run=5: 252/1000000 ok=252 err=0
writes/turso-per-tenant/update-progress t=1 c=10 rps=- run=5: 343/1000000 ok=343 err=0
writes/turso-per-tenant/update-progress t=1 c=10 rps=- run=5: 438/1000000 ok=438 err=0
writes/turso-per-tenant/update-progress t=1 c=10 rps=- run=5: 541/1000000 ok=541 err=0
writes/turso-per-tenant/update-progress t=1 c=10 rps=- run=5: 643/1000000 ok=643 err=0
writes/turso-per-tenant/update-progress t=1 c=10 rps=- run=5: 750/1000000 ok=750 err=0
writes/turso-per-tenant/update-progress t=1 c=10 rps=- run=5: 846/1000000 ok=846 err=0
writes/turso-per-tenant/update-progress t=1 c=10 rps=- run=5: 952/1000000 ok=952 err=0
writes/turso-per-tenant/update-progress t=1 c=10 rps=- run=5: 1045/1000000 ok=1045 err=0
writes/turso-per-tenant/update-progress t=1 c=10 rps=- run=5: 1142/1000000 ok=1142 err=0
writes/turso-per-tenant/update-progress t=1 c=10 rps=- run=5: 1249/1000000 ok=1249 err=0
writes/turso-per-tenant/update-progress t=1 c=10 rps=- run=5: 1345/1000000 ok=1345 err=0
writes/turso-per-tenant/update-progress t=1 c=10 rps=- run=5: 1439/1000000 ok=1439 err=0
writes/tursodb-per-tenant/update-progress t=1 c=10 rps=- run=5: 38/1000000 ok=29 err=9
writes/tursodb-per-tenant/update-progress t=1 c=10 rps=- run=5: 59/1000000 ok=49 err=10
writes/tursodb-per-tenant/update-progress t=1 c=10 rps=- run=5: 94/1000000 ok=79 err=15
writes/tursodb-per-tenant/update-progress t=1 c=10 rps=- run=5: 117/1000000 ok=101 err=16
writes/tursodb-per-tenant/update-progress t=1 c=10 rps=- run=5: 147/1000000 ok=128 err=19
writes/tursodb-per-tenant/update-progress t=1 c=10 rps=- run=5: 170/1000000 ok=150 err=20
writes/tursodb-per-tenant/update-progress t=1 c=10 rps=- run=5: 202/1000000 ok=175 err=27
writes/tursodb-per-tenant/update-progress t=1 c=10 rps=- run=5: 242/1000000 ok=207 err=35
writes/tursodb-per-tenant/update-progress t=1 c=10 rps=- run=5: 274/1000000 ok=233 err=41
writes/tursodb-per-tenant/update-progress t=1 c=10 rps=- run=5: 307/1000000 ok=262 err=45
writes/tursodb-per-tenant/update-progress t=1 c=10 rps=- run=5: 342/1000000 ok=292 err=50
writes/tursodb-per-tenant/update-progress t=1 c=10 rps=- run=5: 379/1000000 ok=322 err=57
writes/tursodb-per-tenant/update-progress t=1 c=10 rps=- run=5: 414/1000000 ok=354 err=60
writes/tursodb-per-tenant/update-progress t=1 c=10 rps=- run=5: 455/1000000 ok=388 err=67
writes/tursodb-per-tenant/update-progress t=1 c=10 rps=- run=5: 487/1000000 ok=416 err=71
writes/tursodb-per-tenant/update-progress t=1 c=10 rps=- run=5: 489/1000000 ok=417 err=72
writes/d1-per-tenant/update-progress t=1 c=10 rps=- run=5: 91/1000000 ok=91 err=0
writes/d1-per-tenant/update-progress t=1 c=10 rps=- run=5: 215/1000000 ok=215 err=0
writes/d1-per-tenant/update-progress t=1 c=10 rps=- run=5: 287/1000000 ok=287 err=0
writes/d1-per-tenant/update-progress t=1 c=10 rps=- run=5: 409/1000000 ok=409 err=0
writes/d1-per-tenant/update-progress t=1 c=10 rps=- run=5: 527/1000000 ok=527 err=0
writes/d1-per-tenant/update-progress t=1 c=10 rps=- run=5: 654/1000000 ok=654 err=0
writes/d1-per-tenant/update-progress t=1 c=10 rps=- run=5: 730/1000000 ok=730 err=0
writes/d1-per-tenant/update-progress t=1 c=10 rps=- run=5: 847/1000000 ok=847 err=0
writes/d1-per-tenant/update-progress t=1 c=10 rps=- run=5: 969/1000000 ok=969 err=0
writes/d1-per-tenant/update-progress t=1 c=10 rps=- run=5: 1089/1000000 ok=1089 err=0
writes/d1-per-tenant/update-progress t=1 c=10 rps=- run=5: 1206/1000000 ok=1206 err=0
writes/d1-per-tenant/update-progress t=1 c=10 rps=- run=5: 1327/1000000 ok=1327 err=0
writes/d1-per-tenant/update-progress t=1 c=10 rps=- run=5: 1446/1000000 ok=1446 err=0
writes/d1-per-tenant/update-progress t=1 c=10 rps=- run=5: 1570/1000000 ok=1570 err=0
writes/d1-per-tenant/update-progress t=1 c=10 rps=- run=5: 1678/1000000 ok=1678 err=0
writes/turso-per-tenant/update-progress t=1 c=50 rps=- run=5: 47/1000000 ok=47 err=0
writes/turso-per-tenant/update-progress t=1 c=50 rps=- run=5: 152/1000000 ok=152 err=0
writes/turso-per-tenant/update-progress t=1 c=50 rps=- run=5: 243/1000000 ok=243 err=0
writes/turso-per-tenant/update-progress t=1 c=50 rps=- run=5: 340/1000000 ok=340 err=0
writes/turso-per-tenant/update-progress t=1 c=50 rps=- run=5: 402/1000000 ok=402 err=0
writes/turso-per-tenant/update-progress t=1 c=50 rps=- run=5: 474/1000000 ok=474 err=0
writes/turso-per-tenant/update-progress t=1 c=50 rps=- run=5: 570/1000000 ok=570 err=0
writes/turso-per-tenant/update-progress t=1 c=50 rps=- run=5: 656/1000000 ok=656 err=0
writes/turso-per-tenant/update-progress t=1 c=50 rps=- run=5: 738/1000000 ok=738 err=0
writes/turso-per-tenant/update-progress t=1 c=50 rps=- run=5: 830/1000000 ok=830 err=0
writes/turso-per-tenant/update-progress t=1 c=50 rps=- run=5: 925/1000000 ok=925 err=0
writes/turso-per-tenant/update-progress t=1 c=50 rps=- run=5: 1024/1000000 ok=1024 err=0
writes/turso-per-tenant/update-progress t=1 c=50 rps=- run=5: 1123/1000000 ok=1123 err=0
writes/turso-per-tenant/update-progress t=1 c=50 rps=- run=5: 1216/1000000 ok=1216 err=0
writes/turso-per-tenant/update-progress t=1 c=50 rps=- run=5: 1324/1000000 ok=1324 err=0
writes/turso-per-tenant/update-progress t=1 c=50 rps=- run=5: 1365/1000000 ok=1365 err=0
writes/tursodb-per-tenant/update-progress t=1 c=50 rps=- run=5: 28/1000000 ok=21 err=7
writes/tursodb-per-tenant/update-progress t=1 c=50 rps=- run=5: 58/1000000 ok=48 err=10
writes/tursodb-per-tenant/update-progress t=1 c=50 rps=- run=5: 82/1000000 ok=69 err=13
writes/tursodb-per-tenant/update-progress t=1 c=50 rps=- run=5: 110/1000000 ok=93 err=17
writes/tursodb-per-tenant/update-progress t=1 c=50 rps=- run=5: 139/1000000 ok=120 err=19
writes/tursodb-per-tenant/update-progress t=1 c=50 rps=- run=5: 171/1000000 ok=150 err=21
writes/tursodb-per-tenant/update-progress t=1 c=50 rps=- run=5: 207/1000000 ok=177 err=30
writes/tursodb-per-tenant/update-progress t=1 c=50 rps=- run=5: 243/1000000 ok=207 err=36
writes/tursodb-per-tenant/update-progress t=1 c=50 rps=- run=5: 286/1000000 ok=242 err=44
writes/tursodb-per-tenant/update-progress t=1 c=50 rps=- run=5: 313/1000000 ok=267 err=46
writes/tursodb-per-tenant/update-progress t=1 c=50 rps=- run=5: 351/1000000 ok=298 err=53
writes/tursodb-per-tenant/update-progress t=1 c=50 rps=- run=5: 380/1000000 ok=322 err=58
writes/tursodb-per-tenant/update-progress t=1 c=50 rps=- run=5: 406/1000000 ok=346 err=60
writes/tursodb-per-tenant/update-progress t=1 c=50 rps=- run=5: 430/1000000 ok=367 err=63
writes/tursodb-per-tenant/update-progress t=1 c=50 rps=- run=5: 455/1000000 ok=388 err=67
writes/tursodb-per-tenant/update-progress t=1 c=50 rps=- run=5: 478/1000000 ok=407 err=71
writes/tursodb-per-tenant/update-progress t=1 c=50 rps=- run=5: 497/1000000 ok=422 err=75
writes/d1-per-tenant/update-progress t=1 c=50 rps=- run=5: 408/1000000 ok=408 err=0
writes/d1-per-tenant/update-progress t=1 c=50 rps=- run=5: 866/1000000 ok=866 err=0
writes/d1-per-tenant/update-progress t=1 c=50 rps=- run=5: 1297/1000000 ok=1297 err=0
writes/d1-per-tenant/update-progress t=1 c=50 rps=- run=5: 1781/1000000 ok=1781 err=0
writes/d1-per-tenant/update-progress t=1 c=50 rps=- run=5: 2239/1000000 ok=2239 err=0
writes/d1-per-tenant/update-progress t=1 c=50 rps=- run=5: 2716/1000000 ok=2716 err=0
writes/d1-per-tenant/update-progress t=1 c=50 rps=- run=5: 3177/1000000 ok=3177 err=0
writes/d1-per-tenant/update-progress t=1 c=50 rps=- run=5: 3661/1000000 ok=3661 err=0
writes/d1-per-tenant/update-progress t=1 c=50 rps=- run=5: 4076/1000000 ok=4076 err=0
writes/d1-per-tenant/update-progress t=1 c=50 rps=- run=5: 4559/1000000 ok=4559 err=0
writes/d1-per-tenant/update-progress t=1 c=50 rps=- run=5: 4975/1000000 ok=4975 err=0
writes/d1-per-tenant/update-progress t=1 c=50 rps=- run=5: 5429/1000000 ok=5429 err=0
writes/d1-per-tenant/update-progress t=1 c=50 rps=- run=5: 5847/1000000 ok=5847 err=0
writes/d1-per-tenant/update-progress t=1 c=50 rps=- run=5: 6276/1000000 ok=6276 err=0
writes/d1-per-tenant/update-progress t=1 c=50 rps=- run=5: 6767/1000000 ok=6766 err=1
writes/turso-per-tenant/update-progress t=1 c=100 rps=- run=5: 69/1000000 ok=69 err=0
writes/turso-per-tenant/update-progress t=1 c=100 rps=- run=5: 144/1000000 ok=144 err=0
writes/turso-per-tenant/update-progress t=1 c=100 rps=- run=5: 234/1000000 ok=233 err=1
writes/turso-per-tenant/update-progress t=1 c=100 rps=- run=5: 322/1000000 ok=321 err=1
writes/turso-per-tenant/update-progress t=1 c=100 rps=- run=5: 408/1000000 ok=407 err=1
writes/turso-per-tenant/update-progress t=1 c=100 rps=- run=5: 487/1000000 ok=486 err=1
writes/turso-per-tenant/update-progress t=1 c=100 rps=- run=5: 568/1000000 ok=564 err=4
writes/turso-per-tenant/update-progress t=1 c=100 rps=- run=5: 665/1000000 ok=661 err=4
writes/turso-per-tenant/update-progress t=1 c=100 rps=- run=5: 748/1000000 ok=743 err=5
writes/turso-per-tenant/update-progress t=1 c=100 rps=- run=5: 821/1000000 ok=816 err=5
writes/turso-per-tenant/update-progress t=1 c=100 rps=- run=5: 892/1000000 ok=887 err=5
writes/turso-per-tenant/update-progress t=1 c=100 rps=- run=5: 976/1000000 ok=969 err=7
writes/turso-per-tenant/update-progress t=1 c=100 rps=- run=5: 1055/1000000 ok=1048 err=7
writes/turso-per-tenant/update-progress t=1 c=100 rps=- run=5: 1118/1000000 ok=1111 err=7
writes/turso-per-tenant/update-progress t=1 c=100 rps=- run=5: 1187/1000000 ok=1180 err=7
writes/turso-per-tenant/update-progress t=1 c=100 rps=- run=5: 1262/1000000 ok=1254 err=8
writes/turso-per-tenant/update-progress t=1 c=100 rps=- run=5: 1274/1000000 ok=1266 err=8
writes/tursodb-per-tenant/update-progress t=1 c=100 rps=- run=5: 43/1000000 ok=36 err=7
writes/tursodb-per-tenant/update-progress t=1 c=100 rps=- run=5: 90/1000000 ok=76 err=14
writes/tursodb-per-tenant/update-progress t=1 c=100 rps=- run=5: 139/1000000 ok=109 err=30
writes/tursodb-per-tenant/update-progress t=1 c=100 rps=- run=5: 191/1000000 ok=140 err=51
writes/tursodb-per-tenant/update-progress t=1 c=100 rps=- run=5: 230/1000000 ok=161 err=69
writes/tursodb-per-tenant/update-progress t=1 c=100 rps=- run=5: 278/1000000 ok=193 err=85
writes/tursodb-per-tenant/update-progress t=1 c=100 rps=- run=5: 325/1000000 ok=221 err=104
writes/tursodb-per-tenant/update-progress t=1 c=100 rps=- run=5: 369/1000000 ok=253 err=116
writes/tursodb-per-tenant/update-progress t=1 c=100 rps=- run=5: 416/1000000 ok=282 err=134
writes/tursodb-per-tenant/update-progress t=1 c=100 rps=- run=5: 466/1000000 ok=305 err=161
writes/tursodb-per-tenant/update-progress t=1 c=100 rps=- run=5: 506/1000000 ok=330 err=176
writes/tursodb-per-tenant/update-progress t=1 c=100 rps=- run=5: 559/1000000 ok=364 err=195
writes/tursodb-per-tenant/update-progress t=1 c=100 rps=- run=5: 611/1000000 ok=393 err=218
writes/tursodb-per-tenant/update-progress t=1 c=100 rps=- run=5: 654/1000000 ok=424 err=230
writes/tursodb-per-tenant/update-progress t=1 c=100 rps=- run=5: 700/1000000 ok=447 err=253
writes/tursodb-per-tenant/update-progress t=1 c=100 rps=- run=5: 740/1000000 ok=463 err=277
writes/tursodb-per-tenant/update-progress t=1 c=100 rps=- run=5: 782/1000000 ok=474 err=308
writes/tursodb-per-tenant/update-progress t=1 c=100 rps=- run=5: 792/1000000 ok=474 err=318
writes/d1-per-tenant/update-progress t=1 c=100 rps=- run=5: 459/1000000 ok=459 err=0
writes/d1-per-tenant/update-progress t=1 c=100 rps=- run=5: 994/1000000 ok=994 err=0
writes/d1-per-tenant/update-progress t=1 c=100 rps=- run=5: 1515/1000000 ok=1515 err=0
writes/d1-per-tenant/update-progress t=1 c=100 rps=- run=5: 2129/1000000 ok=2129 err=0
writes/d1-per-tenant/update-progress t=1 c=100 rps=- run=5: 2661/1000000 ok=2661 err=0
writes/d1-per-tenant/update-progress t=1 c=100 rps=- run=5: 3219/1000000 ok=3219 err=0
writes/d1-per-tenant/update-progress t=1 c=100 rps=- run=5: 3727/1000000 ok=3727 err=0
writes/d1-per-tenant/update-progress t=1 c=100 rps=- run=5: 4276/1000000 ok=4276 err=0
writes/d1-per-tenant/update-progress t=1 c=100 rps=- run=5: 4745/1000000 ok=4745 err=0
writes/d1-per-tenant/update-progress t=1 c=100 rps=- run=5: 5148/1000000 ok=5148 err=0
writes/d1-per-tenant/update-progress t=1 c=100 rps=- run=5: 5708/1000000 ok=5708 err=0
writes/d1-per-tenant/update-progress t=1 c=100 rps=- run=5: 6248/1000000 ok=6248 err=0
writes/d1-per-tenant/update-progress t=1 c=100 rps=- run=5: 6751/1000000 ok=6751 err=0
writes/d1-per-tenant/update-progress t=1 c=100 rps=- run=5: 7239/1000000 ok=7239 err=0
writes/d1-per-tenant/update-progress t=1 c=100 rps=- run=5: 7608/1000000 ok=7608 err=0
writes/turso-per-tenant/submit-quiz-answer t=1 c=1 rps=- run=5: 8/1000000 ok=8 err=0
writes/turso-per-tenant/submit-quiz-answer t=1 c=1 rps=- run=5: 17/1000000 ok=17 err=0
writes/turso-per-tenant/submit-quiz-answer t=1 c=1 rps=- run=5: 25/1000000 ok=25 err=0
writes/turso-per-tenant/submit-quiz-answer t=1 c=1 rps=- run=5: 34/1000000 ok=34 err=0
writes/turso-per-tenant/submit-quiz-answer t=1 c=1 rps=- run=5: 43/1000000 ok=43 err=0
writes/turso-per-tenant/submit-quiz-answer t=1 c=1 rps=- run=5: 52/1000000 ok=52 err=0
writes/turso-per-tenant/submit-quiz-answer t=1 c=1 rps=- run=5: 60/1000000 ok=60 err=0
writes/turso-per-tenant/submit-quiz-answer t=1 c=1 rps=- run=5: 69/1000000 ok=69 err=0
writes/turso-per-tenant/submit-quiz-answer t=1 c=1 rps=- run=5: 78/1000000 ok=78 err=0
writes/turso-per-tenant/submit-quiz-answer t=1 c=1 rps=- run=5: 87/1000000 ok=87 err=0
writes/turso-per-tenant/submit-quiz-answer t=1 c=1 rps=- run=5: 95/1000000 ok=95 err=0
writes/turso-per-tenant/submit-quiz-answer t=1 c=1 rps=- run=5: 104/1000000 ok=104 err=0
writes/turso-per-tenant/submit-quiz-answer t=1 c=1 rps=- run=5: 113/1000000 ok=113 err=0
writes/turso-per-tenant/submit-quiz-answer t=1 c=1 rps=- run=5: 122/1000000 ok=122 err=0
writes/turso-per-tenant/submit-quiz-answer t=1 c=1 rps=- run=5: 125/1000000 ok=125 err=0
writes/tursodb-per-tenant/submit-quiz-answer t=1 c=1 rps=- run=5: 6/1000000 ok=6 err=0
writes/tursodb-per-tenant/submit-quiz-answer t=1 c=1 rps=- run=5: 12/1000000 ok=12 err=0
writes/tursodb-per-tenant/submit-quiz-answer t=1 c=1 rps=- run=5: 18/1000000 ok=18 err=0
writes/tursodb-per-tenant/submit-quiz-answer t=1 c=1 rps=- run=5: 24/1000000 ok=24 err=0
writes/tursodb-per-tenant/submit-quiz-answer t=1 c=1 rps=- run=5: 31/1000000 ok=31 err=0
writes/tursodb-per-tenant/submit-quiz-answer t=1 c=1 rps=- run=5: 37/1000000 ok=37 err=0
writes/tursodb-per-tenant/submit-quiz-answer t=1 c=1 rps=- run=5: 44/1000000 ok=44 err=0
writes/tursodb-per-tenant/submit-quiz-answer t=1 c=1 rps=- run=5: 50/1000000 ok=50 err=0
writes/tursodb-per-tenant/submit-quiz-answer t=1 c=1 rps=- run=5: 57/1000000 ok=57 err=0
writes/tursodb-per-tenant/submit-quiz-answer t=1 c=1 rps=- run=5: 64/1000000 ok=64 err=0
writes/tursodb-per-tenant/submit-quiz-answer t=1 c=1 rps=- run=5: 71/1000000 ok=71 err=0
writes/tursodb-per-tenant/submit-quiz-answer t=1 c=1 rps=- run=5: 78/1000000 ok=78 err=0
writes/tursodb-per-tenant/submit-quiz-answer t=1 c=1 rps=- run=5: 85/1000000 ok=85 err=0
writes/tursodb-per-tenant/submit-quiz-answer t=1 c=1 rps=- run=5: 90/1000000 ok=90 err=0
writes/d1-per-tenant/submit-quiz-answer t=1 c=1 rps=- run=5: 10/1000000 ok=10 err=0
writes/d1-per-tenant/submit-quiz-answer t=1 c=1 rps=- run=5: 19/1000000 ok=19 err=0
writes/d1-per-tenant/submit-quiz-answer t=1 c=1 rps=- run=5: 29/1000000 ok=29 err=0
writes/d1-per-tenant/submit-quiz-answer t=1 c=1 rps=- run=5: 39/1000000 ok=39 err=0
writes/d1-per-tenant/submit-quiz-answer t=1 c=1 rps=- run=5: 49/1000000 ok=49 err=0
writes/d1-per-tenant/submit-quiz-answer t=1 c=1 rps=- run=5: 59/1000000 ok=59 err=0
writes/d1-per-tenant/submit-quiz-answer t=1 c=1 rps=- run=5: 69/1000000 ok=69 err=0
writes/d1-per-tenant/submit-quiz-answer t=1 c=1 rps=- run=5: 79/1000000 ok=79 err=0
writes/d1-per-tenant/submit-quiz-answer t=1 c=1 rps=- run=5: 88/1000000 ok=88 err=0
writes/d1-per-tenant/submit-quiz-answer t=1 c=1 rps=- run=5: 97/1000000 ok=97 err=0
writes/d1-per-tenant/submit-quiz-answer t=1 c=1 rps=- run=5: 106/1000000 ok=106 err=0
writes/d1-per-tenant/submit-quiz-answer t=1 c=1 rps=- run=5: 116/1000000 ok=116 err=0
writes/d1-per-tenant/submit-quiz-answer t=1 c=1 rps=- run=5: 125/1000000 ok=125 err=0
writes/d1-per-tenant/submit-quiz-answer t=1 c=1 rps=- run=5: 133/1000000 ok=133 err=0
writes/turso-per-tenant/submit-quiz-answer t=1 c=10 rps=- run=5: 50/1000000 ok=50 err=0
writes/turso-per-tenant/submit-quiz-answer t=1 c=10 rps=- run=5: 126/1000000 ok=126 err=0
writes/turso-per-tenant/submit-quiz-answer t=1 c=10 rps=- run=5: 203/1000000 ok=203 err=0
writes/turso-per-tenant/submit-quiz-answer t=1 c=10 rps=- run=5: 283/1000000 ok=283 err=0
writes/turso-per-tenant/submit-quiz-answer t=1 c=10 rps=- run=5: 361/1000000 ok=361 err=0
writes/turso-per-tenant/submit-quiz-answer t=1 c=10 rps=- run=5: 429/1000000 ok=429 err=0
writes/turso-per-tenant/submit-quiz-answer t=1 c=10 rps=- run=5: 504/1000000 ok=504 err=0
writes/turso-per-tenant/submit-quiz-answer t=1 c=10 rps=- run=5: 579/1000000 ok=579 err=0
writes/turso-per-tenant/submit-quiz-answer t=1 c=10 rps=- run=5: 652/1000000 ok=652 err=0
writes/turso-per-tenant/submit-quiz-answer t=1 c=10 rps=- run=5: 732/1000000 ok=732 err=0
writes/turso-per-tenant/submit-quiz-answer t=1 c=10 rps=- run=5: 803/1000000 ok=803 err=0
writes/turso-per-tenant/submit-quiz-answer t=1 c=10 rps=- run=5: 871/1000000 ok=871 err=0
writes/turso-per-tenant/submit-quiz-answer t=1 c=10 rps=- run=5: 947/1000000 ok=947 err=0
writes/turso-per-tenant/submit-quiz-answer t=1 c=10 rps=- run=5: 1020/1000000 ok=1020 err=0
writes/turso-per-tenant/submit-quiz-answer t=1 c=10 rps=- run=5: 1089/1000000 ok=1089 err=0
writes/tursodb-per-tenant/submit-quiz-answer t=1 c=10 rps=- run=5: 32/1000000 ok=32 err=0
writes/tursodb-per-tenant/submit-quiz-answer t=1 c=10 rps=- run=5: 66/1000000 ok=66 err=0
writes/tursodb-per-tenant/submit-quiz-answer t=1 c=10 rps=- run=5: 104/1000000 ok=104 err=0
writes/tursodb-per-tenant/submit-quiz-answer t=1 c=10 rps=- run=5: 140/1000000 ok=140 err=0
writes/tursodb-per-tenant/submit-quiz-answer t=1 c=10 rps=- run=5: 171/1000000 ok=171 err=0
writes/tursodb-per-tenant/submit-quiz-answer t=1 c=10 rps=- run=5: 213/1000000 ok=213 err=0
writes/tursodb-per-tenant/submit-quiz-answer t=1 c=10 rps=- run=5: 245/1000000 ok=245 err=0
writes/tursodb-per-tenant/submit-quiz-answer t=1 c=10 rps=- run=5: 276/1000000 ok=276 err=0
writes/tursodb-per-tenant/submit-quiz-answer t=1 c=10 rps=- run=5: 310/1000000 ok=310 err=0
writes/tursodb-per-tenant/submit-quiz-answer t=1 c=10 rps=- run=5: 349/1000000 ok=349 err=0
writes/tursodb-per-tenant/submit-quiz-answer t=1 c=10 rps=- run=5: 386/1000000 ok=386 err=0
writes/tursodb-per-tenant/submit-quiz-answer t=1 c=10 rps=- run=5: 422/1000000 ok=422 err=0
writes/tursodb-per-tenant/submit-quiz-answer t=1 c=10 rps=- run=5: 453/1000000 ok=453 err=0
writes/tursodb-per-tenant/submit-quiz-answer t=1 c=10 rps=- run=5: 483/1000000 ok=483 err=0
writes/tursodb-per-tenant/submit-quiz-answer t=1 c=10 rps=- run=5: 513/1000000 ok=513 err=0
writes/tursodb-per-tenant/submit-quiz-answer t=1 c=10 rps=- run=5: 517/1000000 ok=517 err=0
writes/d1-per-tenant/submit-quiz-answer t=1 c=10 rps=- run=5: 71/1000000 ok=71 err=0
writes/d1-per-tenant/submit-quiz-answer t=1 c=10 rps=- run=5: 154/1000000 ok=154 err=0
writes/d1-per-tenant/submit-quiz-answer t=1 c=10 rps=- run=5: 234/1000000 ok=234 err=0
writes/d1-per-tenant/submit-quiz-answer t=1 c=10 rps=- run=5: 314/1000000 ok=314 err=0
writes/d1-per-tenant/submit-quiz-answer t=1 c=10 rps=- run=5: 394/1000000 ok=394 err=0
writes/d1-per-tenant/submit-quiz-answer t=1 c=10 rps=- run=5: 471/1000000 ok=471 err=0
writes/d1-per-tenant/submit-quiz-answer t=1 c=10 rps=- run=5: 550/1000000 ok=550 err=0
writes/d1-per-tenant/submit-quiz-answer t=1 c=10 rps=- run=5: 620/1000000 ok=620 err=0
writes/d1-per-tenant/submit-quiz-answer t=1 c=10 rps=- run=5: 700/1000000 ok=700 err=0
writes/d1-per-tenant/submit-quiz-answer t=1 c=10 rps=- run=5: 777/1000000 ok=777 err=0
writes/d1-per-tenant/submit-quiz-answer t=1 c=10 rps=- run=5: 852/1000000 ok=852 err=0
writes/d1-per-tenant/submit-quiz-answer t=1 c=10 rps=- run=5: 932/1000000 ok=932 err=0
writes/d1-per-tenant/submit-quiz-answer t=1 c=10 rps=- run=5: 1006/1000000 ok=1006 err=0
writes/d1-per-tenant/submit-quiz-answer t=1 c=10 rps=- run=5: 1082/1000000 ok=1082 err=0
writes/d1-per-tenant/submit-quiz-answer t=1 c=10 rps=- run=5: 1144/1000000 ok=1144 err=0
writes/turso-per-tenant/submit-quiz-answer t=1 c=50 rps=- run=5: 37/1000000 ok=37 err=0
writes/turso-per-tenant/submit-quiz-answer t=1 c=50 rps=- run=5: 100/1000000 ok=100 err=0
writes/turso-per-tenant/submit-quiz-answer t=1 c=50 rps=- run=5: 173/1000000 ok=173 err=0
writes/turso-per-tenant/submit-quiz-answer t=1 c=50 rps=- run=5: 248/1000000 ok=248 err=0
writes/turso-per-tenant/submit-quiz-answer t=1 c=50 rps=- run=5: 324/1000000 ok=324 err=0
writes/turso-per-tenant/submit-quiz-answer t=1 c=50 rps=- run=5: 388/1000000 ok=388 err=0
writes/turso-per-tenant/submit-quiz-answer t=1 c=50 rps=- run=5: 440/1000000 ok=440 err=0
writes/turso-per-tenant/submit-quiz-answer t=1 c=50 rps=- run=5: 504/1000000 ok=504 err=0
writes/turso-per-tenant/submit-quiz-answer t=1 c=50 rps=- run=5: 566/1000000 ok=566 err=0
writes/turso-per-tenant/submit-quiz-answer t=1 c=50 rps=- run=5: 631/1000000 ok=631 err=0
writes/turso-per-tenant/submit-quiz-answer t=1 c=50 rps=- run=5: 702/1000000 ok=702 err=0
writes/turso-per-tenant/submit-quiz-answer t=1 c=50 rps=- run=5: 767/1000000 ok=767 err=0
writes/turso-per-tenant/submit-quiz-answer t=1 c=50 rps=- run=5: 836/1000000 ok=836 err=0
writes/turso-per-tenant/submit-quiz-answer t=1 c=50 rps=- run=5: 905/1000000 ok=905 err=0
writes/turso-per-tenant/submit-quiz-answer t=1 c=50 rps=- run=5: 984/1000000 ok=984 err=0
writes/turso-per-tenant/submit-quiz-answer t=1 c=50 rps=- run=5: 1028/1000000 ok=1028 err=0
writes/tursodb-per-tenant/submit-quiz-answer t=1 c=50 rps=- run=5: 26/1000000 ok=26 err=0
writes/tursodb-per-tenant/submit-quiz-answer t=1 c=50 rps=- run=5: 55/1000000 ok=55 err=0
writes/tursodb-per-tenant/submit-quiz-answer t=1 c=50 rps=- run=5: 86/1000000 ok=86 err=0
writes/tursodb-per-tenant/submit-quiz-answer t=1 c=50 rps=- run=5: 118/1000000 ok=118 err=0
writes/tursodb-per-tenant/submit-quiz-answer t=1 c=50 rps=- run=5: 148/1000000 ok=148 err=0
writes/tursodb-per-tenant/submit-quiz-answer t=1 c=50 rps=- run=5: 186/1000000 ok=185 err=1
writes/tursodb-per-tenant/submit-quiz-answer t=1 c=50 rps=- run=5: 217/1000000 ok=216 err=1
writes/tursodb-per-tenant/submit-quiz-answer t=1 c=50 rps=- run=5: 250/1000000 ok=249 err=1
writes/tursodb-per-tenant/submit-quiz-answer t=1 c=50 rps=- run=5: 284/1000000 ok=283 err=1
writes/tursodb-per-tenant/submit-quiz-answer t=1 c=50 rps=- run=5: 317/1000000 ok=316 err=1
writes/tursodb-per-tenant/submit-quiz-answer t=1 c=50 rps=- run=5: 350/1000000 ok=349 err=1
writes/tursodb-per-tenant/submit-quiz-answer t=1 c=50 rps=- run=5: 380/1000000 ok=379 err=1
writes/tursodb-per-tenant/submit-quiz-answer t=1 c=50 rps=- run=5: 411/1000000 ok=410 err=1
writes/tursodb-per-tenant/submit-quiz-answer t=1 c=50 rps=- run=5: 450/1000000 ok=449 err=1
writes/tursodb-per-tenant/submit-quiz-answer t=1 c=50 rps=- run=5: 476/1000000 ok=475 err=1
writes/tursodb-per-tenant/submit-quiz-answer t=1 c=50 rps=- run=5: 493/1000000 ok=491 err=2
writes/tursodb-per-tenant/submit-quiz-answer t=1 c=50 rps=- run=5: 514/1000000 ok=501 err=13
writes/tursodb-per-tenant/submit-quiz-answer t=1 c=50 rps=- run=5: 519/1000000 ok=501 err=18
writes/d1-per-tenant/submit-quiz-answer t=1 c=50 rps=- run=5: 153/1000000 ok=153 err=0
writes/d1-per-tenant/submit-quiz-answer t=1 c=50 rps=- run=5: 411/1000000 ok=411 err=0
writes/d1-per-tenant/submit-quiz-answer t=1 c=50 rps=- run=5: 655/1000000 ok=655 err=0
writes/d1-per-tenant/submit-quiz-answer t=1 c=50 rps=- run=5: 914/1000000 ok=914 err=0
writes/d1-per-tenant/submit-quiz-answer t=1 c=50 rps=- run=5: 1174/1000000 ok=1174 err=0
writes/d1-per-tenant/submit-quiz-answer t=1 c=50 rps=- run=5: 1381/1000000 ok=1381 err=0
writes/d1-per-tenant/submit-quiz-answer t=1 c=50 rps=- run=5: 1646/1000000 ok=1646 err=0
writes/d1-per-tenant/submit-quiz-answer t=1 c=50 rps=- run=5: 1855/1000000 ok=1855 err=0
writes/d1-per-tenant/submit-quiz-answer t=1 c=50 rps=- run=5: 2080/1000000 ok=2080 err=0
writes/d1-per-tenant/submit-quiz-answer t=1 c=50 rps=- run=5: 2323/1000000 ok=2323 err=0
writes/d1-per-tenant/submit-quiz-answer t=1 c=50 rps=- run=5: 2553/1000000 ok=2553 err=0
writes/d1-per-tenant/submit-quiz-answer t=1 c=50 rps=- run=5: 2823/1000000 ok=2823 err=0
writes/d1-per-tenant/submit-quiz-answer t=1 c=50 rps=- run=5: 3043/1000000 ok=3043 err=0
writes/d1-per-tenant/submit-quiz-answer t=1 c=50 rps=- run=5: 3266/1000000 ok=3266 err=0
writes/d1-per-tenant/submit-quiz-answer t=1 c=50 rps=- run=5: 3484/1000000 ok=3484 err=0
writes/turso-per-tenant/submit-quiz-answer t=1 c=100 rps=- run=5: 52/1000000 ok=52 err=0
writes/turso-per-tenant/submit-quiz-answer t=1 c=100 rps=- run=5: 105/1000000 ok=105 err=0
writes/turso-per-tenant/submit-quiz-answer t=1 c=100 rps=- run=5: 174/1000000 ok=166 err=8
writes/turso-per-tenant/submit-quiz-answer t=1 c=100 rps=- run=5: 240/1000000 ok=231 err=9
writes/turso-per-tenant/submit-quiz-answer t=1 c=100 rps=- run=5: 309/1000000 ok=298 err=11
writes/turso-per-tenant/submit-quiz-answer t=1 c=100 rps=- run=5: 376/1000000 ok=365 err=11
writes/turso-per-tenant/submit-quiz-answer t=1 c=100 rps=- run=5: 434/1000000 ok=423 err=11
writes/turso-per-tenant/submit-quiz-answer t=1 c=100 rps=- run=5: 505/1000000 ok=494 err=11
writes/turso-per-tenant/submit-quiz-answer t=1 c=100 rps=- run=5: 574/1000000 ok=563 err=11
writes/turso-per-tenant/submit-quiz-answer t=1 c=100 rps=- run=5: 645/1000000 ok=631 err=14
writes/turso-per-tenant/submit-quiz-answer t=1 c=100 rps=- run=5: 707/1000000 ok=692 err=15
writes/turso-per-tenant/submit-quiz-answer t=1 c=100 rps=- run=5: 783/1000000 ok=765 err=18
writes/turso-per-tenant/submit-quiz-answer t=1 c=100 rps=- run=5: 851/1000000 ok=833 err=18
writes/turso-per-tenant/submit-quiz-answer t=1 c=100 rps=- run=5: 924/1000000 ok=906 err=18
writes/turso-per-tenant/submit-quiz-answer t=1 c=100 rps=- run=5: 996/1000000 ok=977 err=19
writes/turso-per-tenant/submit-quiz-answer t=1 c=100 rps=- run=5: 1075/1000000 ok=1055 err=20
writes/turso-per-tenant/submit-quiz-answer t=1 c=100 rps=- run=5: 1078/1000000 ok=1058 err=20
writes/tursodb-per-tenant/submit-quiz-answer t=1 c=100 rps=- run=5: 35/1000000 ok=35 err=0
writes/tursodb-per-tenant/submit-quiz-answer t=1 c=100 rps=- run=5: 75/1000000 ok=75 err=0
writes/tursodb-per-tenant/submit-quiz-answer t=1 c=100 rps=- run=5: 124/1000000 ok=100 err=24
writes/tursodb-per-tenant/submit-quiz-answer t=1 c=100 rps=- run=5: 166/1000000 ok=127 err=39
writes/tursodb-per-tenant/submit-quiz-answer t=1 c=100 rps=- run=5: 213/1000000 ok=146 err=67
writes/tursodb-per-tenant/submit-quiz-answer t=1 c=100 rps=- run=5: 247/1000000 ok=158 err=89
writes/tursodb-per-tenant/submit-quiz-answer t=1 c=100 rps=- run=5: 287/1000000 ok=172 err=115
writes/tursodb-per-tenant/submit-quiz-answer t=1 c=100 rps=- run=5: 333/1000000 ok=188 err=145
writes/tursodb-per-tenant/submit-quiz-answer t=1 c=100 rps=- run=5: 372/1000000 ok=196 err=176
writes/tursodb-per-tenant/submit-quiz-answer t=1 c=100 rps=- run=5: 415/1000000 ok=197 err=218
writes/tursodb-per-tenant/submit-quiz-answer t=1 c=100 rps=- run=5: 452/1000000 ok=197 err=255
writes/tursodb-per-tenant/submit-quiz-answer t=1 c=100 rps=- run=5: 492/1000000 ok=197 err=295
writes/tursodb-per-tenant/submit-quiz-answer t=1 c=100 rps=- run=5: 537/1000000 ok=197 err=340
writes/tursodb-per-tenant/submit-quiz-answer t=1 c=100 rps=- run=5: 577/1000000 ok=197 err=380
writes/tursodb-per-tenant/submit-quiz-answer t=1 c=100 rps=- run=5: 621/1000000 ok=197 err=424
writes/tursodb-per-tenant/submit-quiz-answer t=1 c=100 rps=- run=5: 656/1000000 ok=197 err=459
writes/tursodb-per-tenant/submit-quiz-answer t=1 c=100 rps=- run=5: 697/1000000 ok=197 err=500
writes/tursodb-per-tenant/submit-quiz-answer t=1 c=100 rps=- run=5: 705/1000000 ok=197 err=508
writes/d1-per-tenant/submit-quiz-answer t=1 c=100 rps=- run=5: 202/1000000 ok=202 err=0
writes/d1-per-tenant/submit-quiz-answer t=1 c=100 rps=- run=5: 520/1000000 ok=520 err=0
writes/d1-per-tenant/submit-quiz-answer t=1 c=100 rps=- run=5: 737/1000000 ok=737 err=0
writes/d1-per-tenant/submit-quiz-answer t=1 c=100 rps=- run=5: 963/1000000 ok=963 err=0
writes/d1-per-tenant/submit-quiz-answer t=1 c=100 rps=- run=5: 1263/1000000 ok=1263 err=0
writes/d1-per-tenant/submit-quiz-answer t=1 c=100 rps=- run=5: 1610/1000000 ok=1610 err=0
writes/d1-per-tenant/submit-quiz-answer t=1 c=100 rps=- run=5: 1882/1000000 ok=1882 err=0
writes/d1-per-tenant/submit-quiz-answer t=1 c=100 rps=- run=5: 2145/1000000 ok=2145 err=0
writes/d1-per-tenant/submit-quiz-answer t=1 c=100 rps=- run=5: 2381/1000000 ok=2381 err=0
writes/d1-per-tenant/submit-quiz-answer t=1 c=100 rps=- run=5: 2704/1000000 ok=2704 err=0
writes/d1-per-tenant/submit-quiz-answer t=1 c=100 rps=- run=5: 3006/1000000 ok=3006 err=0
writes/d1-per-tenant/submit-quiz-answer t=1 c=100 rps=- run=5: 3230/1000000 ok=3230 err=0
writes/d1-per-tenant/submit-quiz-answer t=1 c=100 rps=- run=5: 3535/1000000 ok=3535 err=0
writes/d1-per-tenant/submit-quiz-answer t=1 c=100 rps=- run=5: 3761/1000000 ok=3761 err=0
writes/d1-per-tenant/submit-quiz-answer t=1 c=100 rps=- run=5: 3861/1000000 ok=3861 err=0
writes/turso-per-tenant/order-event t=1 c=1 rps=- run=5: 12/1000000 ok=12 err=0
writes/turso-per-tenant/order-event t=1 c=1 rps=- run=5: 24/1000000 ok=24 err=0
writes/turso-per-tenant/order-event t=1 c=1 rps=- run=5: 38/1000000 ok=38 err=0
writes/turso-per-tenant/order-event t=1 c=1 rps=- run=5: 50/1000000 ok=50 err=0
writes/turso-per-tenant/order-event t=1 c=1 rps=- run=5: 63/1000000 ok=63 err=0
writes/turso-per-tenant/order-event t=1 c=1 rps=- run=5: 76/1000000 ok=76 err=0
writes/turso-per-tenant/order-event t=1 c=1 rps=- run=5: 90/1000000 ok=90 err=0
writes/turso-per-tenant/order-event t=1 c=1 rps=- run=5: 102/1000000 ok=102 err=0
writes/turso-per-tenant/order-event t=1 c=1 rps=- run=5: 115/1000000 ok=115 err=0
writes/turso-per-tenant/order-event t=1 c=1 rps=- run=5: 129/1000000 ok=129 err=0
writes/turso-per-tenant/order-event t=1 c=1 rps=- run=5: 142/1000000 ok=142 err=0
writes/turso-per-tenant/order-event t=1 c=1 rps=- run=5: 156/1000000 ok=156 err=0
writes/turso-per-tenant/order-event t=1 c=1 rps=- run=5: 169/1000000 ok=169 err=0
writes/turso-per-tenant/order-event t=1 c=1 rps=- run=5: 183/1000000 ok=183 err=0
writes/turso-per-tenant/order-event t=1 c=1 rps=- run=5: 190/1000000 ok=190 err=0
writes/tursodb-per-tenant/order-event t=1 c=1 rps=- run=5: 8/1000000 ok=8 err=0
writes/tursodb-per-tenant/order-event t=1 c=1 rps=- run=5: 16/1000000 ok=16 err=0
writes/tursodb-per-tenant/order-event t=1 c=1 rps=- run=5: 25/1000000 ok=25 err=0
writes/tursodb-per-tenant/order-event t=1 c=1 rps=- run=5: 33/1000000 ok=33 err=0
writes/tursodb-per-tenant/order-event t=1 c=1 rps=- run=5: 41/1000000 ok=41 err=0
writes/tursodb-per-tenant/order-event t=1 c=1 rps=- run=5: 49/1000000 ok=49 err=0
writes/tursodb-per-tenant/order-event t=1 c=1 rps=- run=5: 57/1000000 ok=57 err=0
writes/tursodb-per-tenant/order-event t=1 c=1 rps=- run=5: 66/1000000 ok=66 err=0
writes/tursodb-per-tenant/order-event t=1 c=1 rps=- run=5: 74/1000000 ok=74 err=0
writes/tursodb-per-tenant/order-event t=1 c=1 rps=- run=5: 82/1000000 ok=82 err=0
writes/tursodb-per-tenant/order-event t=1 c=1 rps=- run=5: 90/1000000 ok=90 err=0
writes/tursodb-per-tenant/order-event t=1 c=1 rps=- run=5: 98/1000000 ok=98 err=0
writes/tursodb-per-tenant/order-event t=1 c=1 rps=- run=5: 106/1000000 ok=106 err=0
writes/tursodb-per-tenant/order-event t=1 c=1 rps=- run=5: 113/1000000 ok=113 err=0
writes/tursodb-per-tenant/order-event t=1 c=1 rps=- run=5: 115/1000000 ok=115 err=0
writes/d1-per-tenant/order-event t=1 c=1 rps=- run=5: 14/1000000 ok=14 err=0
writes/d1-per-tenant/order-event t=1 c=1 rps=- run=5: 28/1000000 ok=28 err=0
writes/d1-per-tenant/order-event t=1 c=1 rps=- run=5: 40/1000000 ok=40 err=0
writes/d1-per-tenant/order-event t=1 c=1 rps=- run=5: 54/1000000 ok=54 err=0
writes/d1-per-tenant/order-event t=1 c=1 rps=- run=5: 68/1000000 ok=68 err=0
writes/d1-per-tenant/order-event t=1 c=1 rps=- run=5: 82/1000000 ok=82 err=0
writes/d1-per-tenant/order-event t=1 c=1 rps=- run=5: 96/1000000 ok=96 err=0
writes/d1-per-tenant/order-event t=1 c=1 rps=- run=5: 110/1000000 ok=110 err=0
writes/d1-per-tenant/order-event t=1 c=1 rps=- run=5: 124/1000000 ok=124 err=0
writes/d1-per-tenant/order-event t=1 c=1 rps=- run=5: 138/1000000 ok=138 err=0
writes/d1-per-tenant/order-event t=1 c=1 rps=- run=5: 150/1000000 ok=150 err=0
writes/d1-per-tenant/order-event t=1 c=1 rps=- run=5: 162/1000000 ok=162 err=0
writes/d1-per-tenant/order-event t=1 c=1 rps=- run=5: 176/1000000 ok=176 err=0
writes/d1-per-tenant/order-event t=1 c=1 rps=- run=5: 190/1000000 ok=190 err=0
writes/d1-per-tenant/order-event t=1 c=1 rps=- run=5: 197/1000000 ok=197 err=0
writes/turso-per-tenant/order-event t=1 c=10 rps=- run=5: 50/1000000 ok=50 err=0
writes/turso-per-tenant/order-event t=1 c=10 rps=- run=5: 116/1000000 ok=116 err=0
writes/turso-per-tenant/order-event t=1 c=10 rps=- run=5: 183/1000000 ok=183 err=0
writes/turso-per-tenant/order-event t=1 c=10 rps=- run=5: 255/1000000 ok=255 err=0
writes/turso-per-tenant/order-event t=1 c=10 rps=- run=5: 314/1000000 ok=314 err=0
writes/turso-per-tenant/order-event t=1 c=10 rps=- run=5: 387/1000000 ok=387 err=0
writes/turso-per-tenant/order-event t=1 c=10 rps=- run=5: 457/1000000 ok=457 err=0
writes/turso-per-tenant/order-event t=1 c=10 rps=- run=5: 525/1000000 ok=525 err=0
writes/turso-per-tenant/order-event t=1 c=10 rps=- run=5: 595/1000000 ok=595 err=0
writes/turso-per-tenant/order-event t=1 c=10 rps=- run=5: 671/1000000 ok=671 err=0
writes/turso-per-tenant/order-event t=1 c=10 rps=- run=5: 736/1000000 ok=736 err=0
writes/turso-per-tenant/order-event t=1 c=10 rps=- run=5: 801/1000000 ok=801 err=0
writes/turso-per-tenant/order-event t=1 c=10 rps=- run=5: 861/1000000 ok=861 err=0
writes/turso-per-tenant/order-event t=1 c=10 rps=- run=5: 936/1000000 ok=936 err=0
writes/turso-per-tenant/order-event t=1 c=10 rps=- run=5: 1010/1000000 ok=1010 err=0
writes/turso-per-tenant/order-event t=1 c=10 rps=- run=5: 1012/1000000 ok=1012 err=0
writes/tursodb-per-tenant/order-event t=1 c=10 rps=- run=5: 42/1000000 ok=42 err=0
writes/tursodb-per-tenant/order-event t=1 c=10 rps=- run=5: 65/1000000 ok=65 err=0
writes/tursodb-per-tenant/order-event t=1 c=10 rps=- run=5: 91/1000000 ok=91 err=0
writes/tursodb-per-tenant/order-event t=1 c=10 rps=- run=5: 118/1000000 ok=118 err=0
writes/tursodb-per-tenant/order-event t=1 c=10 rps=- run=5: 139/1000000 ok=139 err=0
writes/tursodb-per-tenant/order-event t=1 c=10 rps=- run=5: 159/1000000 ok=159 err=0
writes/tursodb-per-tenant/order-event t=1 c=10 rps=- run=5: 176/1000000 ok=176 err=0
writes/tursodb-per-tenant/order-event t=1 c=10 rps=- run=5: 198/1000000 ok=198 err=0
writes/tursodb-per-tenant/order-event t=1 c=10 rps=- run=5: 214/1000000 ok=214 err=0
writes/tursodb-per-tenant/order-event t=1 c=10 rps=- run=5: 243/1000000 ok=243 err=0
writes/tursodb-per-tenant/order-event t=1 c=10 rps=- run=5: 273/1000000 ok=273 err=0
writes/tursodb-per-tenant/order-event t=1 c=10 rps=- run=5: 295/1000000 ok=295 err=0
writes/tursodb-per-tenant/order-event t=1 c=10 rps=- run=5: 316/1000000 ok=316 err=0
writes/tursodb-per-tenant/order-event t=1 c=10 rps=- run=5: 338/1000000 ok=338 err=0
writes/tursodb-per-tenant/order-event t=1 c=10 rps=- run=5: 361/1000000 ok=361 err=0
writes/tursodb-per-tenant/order-event t=1 c=10 rps=- run=5: 364/1000000 ok=364 err=0
writes/d1-per-tenant/order-event t=1 c=10 rps=- run=5: 115/1000000 ok=115 err=0
writes/d1-per-tenant/order-event t=1 c=10 rps=- run=5: 236/1000000 ok=236 err=0
writes/d1-per-tenant/order-event t=1 c=10 rps=- run=5: 352/1000000 ok=352 err=0
writes/d1-per-tenant/order-event t=1 c=10 rps=- run=5: 478/1000000 ok=478 err=0
writes/d1-per-tenant/order-event t=1 c=10 rps=- run=5: 595/1000000 ok=595 err=0
writes/d1-per-tenant/order-event t=1 c=10 rps=- run=5: 714/1000000 ok=714 err=0
writes/d1-per-tenant/order-event t=1 c=10 rps=- run=5: 832/1000000 ok=832 err=0
writes/d1-per-tenant/order-event t=1 c=10 rps=- run=5: 953/1000000 ok=953 err=0
writes/d1-per-tenant/order-event t=1 c=10 rps=- run=5: 1075/1000000 ok=1075 err=0
writes/d1-per-tenant/order-event t=1 c=10 rps=- run=5: 1181/1000000 ok=1181 err=0
writes/d1-per-tenant/order-event t=1 c=10 rps=- run=5: 1308/1000000 ok=1308 err=0
writes/d1-per-tenant/order-event t=1 c=10 rps=- run=5: 1429/1000000 ok=1429 err=0
writes/d1-per-tenant/order-event t=1 c=10 rps=- run=5: 1547/1000000 ok=1547 err=0
writes/d1-per-tenant/order-event t=1 c=10 rps=- run=5: 1667/1000000 ok=1667 err=0
writes/d1-per-tenant/order-event t=1 c=10 rps=- run=5: 1761/1000000 ok=1761 err=0
writes/turso-per-tenant/order-event t=1 c=50 rps=- run=5: 47/1000000 ok=47 err=0
writes/turso-per-tenant/order-event t=1 c=50 rps=- run=5: 127/1000000 ok=127 err=0
writes/turso-per-tenant/order-event t=1 c=50 rps=- run=5: 217/1000000 ok=217 err=0
writes/turso-per-tenant/order-event t=1 c=50 rps=- run=5: 312/1000000 ok=312 err=0
writes/turso-per-tenant/order-event t=1 c=50 rps=- run=5: 403/1000000 ok=403 err=0
writes/turso-per-tenant/order-event t=1 c=50 rps=- run=5: 494/1000000 ok=494 err=0
writes/turso-per-tenant/order-event t=1 c=50 rps=- run=5: 592/1000000 ok=592 err=0
writes/turso-per-tenant/order-event t=1 c=50 rps=- run=5: 686/1000000 ok=686 err=0
writes/turso-per-tenant/order-event t=1 c=50 rps=- run=5: 788/1000000 ok=788 err=0
writes/turso-per-tenant/order-event t=1 c=50 rps=- run=5: 884/1000000 ok=884 err=0
writes/turso-per-tenant/order-event t=1 c=50 rps=- run=5: 973/1000000 ok=973 err=0
writes/turso-per-tenant/order-event t=1 c=50 rps=- run=5: 1057/1000000 ok=1057 err=0
writes/turso-per-tenant/order-event t=1 c=50 rps=- run=5: 1157/1000000 ok=1157 err=0
writes/turso-per-tenant/order-event t=1 c=50 rps=- run=5: 1258/1000000 ok=1258 err=0
writes/turso-per-tenant/order-event t=1 c=50 rps=- run=5: 1355/1000000 ok=1355 err=0
writes/turso-per-tenant/order-event t=1 c=50 rps=- run=5: 1393/1000000 ok=1393 err=0
writes/tursodb-per-tenant/order-event t=1 c=50 rps=- run=5: 21/1000000 ok=21 err=0
writes/tursodb-per-tenant/order-event t=1 c=50 rps=- run=5: 40/1000000 ok=40 err=0
writes/tursodb-per-tenant/order-event t=1 c=50 rps=- run=5: 69/1000000 ok=66 err=3
writes/tursodb-per-tenant/order-event t=1 c=50 rps=- run=5: 94/1000000 ok=90 err=4
writes/tursodb-per-tenant/order-event t=1 c=50 rps=- run=5: 116/1000000 ok=108 err=8
writes/tursodb-per-tenant/order-event t=1 c=50 rps=- run=5: 140/1000000 ok=128 err=12
writes/tursodb-per-tenant/order-event t=1 c=50 rps=- run=5: 161/1000000 ok=147 err=14
writes/tursodb-per-tenant/order-event t=1 c=50 rps=- run=5: 185/1000000 ok=168 err=17
writes/tursodb-per-tenant/order-event t=1 c=50 rps=- run=5: 213/1000000 ok=195 err=18
writes/tursodb-per-tenant/order-event t=1 c=50 rps=- run=5: 232/1000000 ok=213 err=19
writes/tursodb-per-tenant/order-event t=1 c=50 rps=- run=5: 256/1000000 ok=225 err=31
writes/tursodb-per-tenant/order-event t=1 c=50 rps=- run=5: 279/1000000 ok=244 err=35
writes/tursodb-per-tenant/order-event t=1 c=50 rps=- run=5: 298/1000000 ok=262 err=36
writes/tursodb-per-tenant/order-event t=1 c=50 rps=- run=5: 322/1000000 ok=285 err=37
writes/tursodb-per-tenant/order-event t=1 c=50 rps=- run=5: 342/1000000 ok=305 err=37
writes/tursodb-per-tenant/order-event t=1 c=50 rps=- run=5: 362/1000000 ok=316 err=46
writes/tursodb-per-tenant/order-event t=1 c=50 rps=- run=5: 383/1000000 ok=324 err=59
writes/d1-per-tenant/order-event t=1 c=50 rps=- run=5: 451/1000000 ok=451 err=0
writes/d1-per-tenant/order-event t=1 c=50 rps=- run=5: 854/1000000 ok=854 err=0
writes/d1-per-tenant/order-event t=1 c=50 rps=- run=5: 1308/1000000 ok=1308 err=0
writes/d1-per-tenant/order-event t=1 c=50 rps=- run=5: 1692/1000000 ok=1692 err=0
writes/d1-per-tenant/order-event t=1 c=50 rps=- run=5: 2143/1000000 ok=2143 err=0
writes/d1-per-tenant/order-event t=1 c=50 rps=- run=5: 2624/1000000 ok=2624 err=0
writes/d1-per-tenant/order-event t=1 c=50 rps=- run=5: 3072/1000000 ok=3072 err=0
writes/d1-per-tenant/order-event t=1 c=50 rps=- run=5: 3574/1000000 ok=3574 err=0
writes/d1-per-tenant/order-event t=1 c=50 rps=- run=5: 3949/1000000 ok=3949 err=0
writes/d1-per-tenant/order-event t=1 c=50 rps=- run=5: 4392/1000000 ok=4392 err=0
writes/d1-per-tenant/order-event t=1 c=50 rps=- run=5: 4900/1000000 ok=4900 err=0
writes/d1-per-tenant/order-event t=1 c=50 rps=- run=5: 5342/1000000 ok=5342 err=0
writes/d1-per-tenant/order-event t=1 c=50 rps=- run=5: 5848/1000000 ok=5848 err=0
writes/d1-per-tenant/order-event t=1 c=50 rps=- run=5: 6284/1000000 ok=6284 err=0
writes/d1-per-tenant/order-event t=1 c=50 rps=- run=5: 6636/1000000 ok=6636 err=0
writes/turso-per-tenant/order-event t=1 c=100 rps=- run=5: 68/1000000 ok=68 err=0
writes/turso-per-tenant/order-event t=1 c=100 rps=- run=5: 148/1000000 ok=148 err=0
writes/turso-per-tenant/order-event t=1 c=100 rps=- run=5: 237/1000000 ok=237 err=0
writes/turso-per-tenant/order-event t=1 c=100 rps=- run=5: 319/1000000 ok=319 err=0
writes/turso-per-tenant/order-event t=1 c=100 rps=- run=5: 402/1000000 ok=401 err=1
writes/turso-per-tenant/order-event t=1 c=100 rps=- run=5: 495/1000000 ok=493 err=2
writes/turso-per-tenant/order-event t=1 c=100 rps=- run=5: 584/1000000 ok=582 err=2
writes/turso-per-tenant/order-event t=1 c=100 rps=- run=5: 685/1000000 ok=683 err=2
writes/turso-per-tenant/order-event t=1 c=100 rps=- run=5: 786/1000000 ok=783 err=3
writes/turso-per-tenant/order-event t=1 c=100 rps=- run=5: 882/1000000 ok=879 err=3
writes/turso-per-tenant/order-event t=1 c=100 rps=- run=5: 980/1000000 ok=977 err=3
writes/turso-per-tenant/order-event t=1 c=100 rps=- run=5: 1083/1000000 ok=1080 err=3
writes/turso-per-tenant/order-event t=1 c=100 rps=- run=5: 1183/1000000 ok=1180 err=3
writes/turso-per-tenant/order-event t=1 c=100 rps=- run=5: 1283/1000000 ok=1280 err=3
writes/turso-per-tenant/order-event t=1 c=100 rps=- run=5: 1385/1000000 ok=1382 err=3
writes/turso-per-tenant/order-event t=1 c=100 rps=- run=5: 1473/1000000 ok=1470 err=3
writes/tursodb-per-tenant/order-event t=1 c=100 rps=- run=5: 36/1000000 ok=36 err=0
writes/tursodb-per-tenant/order-event t=1 c=100 rps=- run=5: 76/1000000 ok=76 err=0
writes/tursodb-per-tenant/order-event t=1 c=100 rps=- run=5: 128/1000000 ok=104 err=24
writes/tursodb-per-tenant/order-event t=1 c=100 rps=- run=5: 175/1000000 ok=131 err=44
writes/tursodb-per-tenant/order-event t=1 c=100 rps=- run=5: 218/1000000 ok=151 err=67
writes/tursodb-per-tenant/order-event t=1 c=100 rps=- run=5: 252/1000000 ok=164 err=88
writes/tursodb-per-tenant/order-event t=1 c=100 rps=- run=5: 296/1000000 ok=175 err=121
writes/tursodb-per-tenant/order-event t=1 c=100 rps=- run=5: 340/1000000 ok=190 err=150
writes/tursodb-per-tenant/order-event t=1 c=100 rps=- run=5: 380/1000000 ok=196 err=184
writes/tursodb-per-tenant/order-event t=1 c=100 rps=- run=5: 422/1000000 ok=201 err=221
writes/tursodb-per-tenant/order-event t=1 c=100 rps=- run=5: 467/1000000 ok=216 err=251
writes/tursodb-per-tenant/order-event t=1 c=100 rps=- run=5: 504/1000000 ok=234 err=270
writes/tursodb-per-tenant/order-event t=1 c=100 rps=- run=5: 544/1000000 ok=236 err=308
writes/tursodb-per-tenant/order-event t=1 c=100 rps=- run=5: 589/1000000 ok=245 err=344
writes/tursodb-per-tenant/order-event t=1 c=100 rps=- run=5: 625/1000000 ok=253 err=372
writes/tursodb-per-tenant/order-event t=1 c=100 rps=- run=5: 672/1000000 ok=264 err=408
writes/tursodb-per-tenant/order-event t=1 c=100 rps=- run=5: 710/1000000 ok=264 err=446
writes/tursodb-per-tenant/order-event t=1 c=100 rps=- run=5: 714/1000000 ok=264 err=450
writes/d1-per-tenant/order-event t=1 c=100 rps=- run=5: 462/1000000 ok=462 err=0
writes/d1-per-tenant/order-event t=1 c=100 rps=- run=5: 1069/1000000 ok=1069 err=0
writes/d1-per-tenant/order-event t=1 c=100 rps=- run=5: 1597/1000000 ok=1597 err=0
writes/d1-per-tenant/order-event t=1 c=100 rps=- run=5: 2094/1000000 ok=2094 err=0
writes/d1-per-tenant/order-event t=1 c=100 rps=- run=5: 2689/1000000 ok=2689 err=0
writes/d1-per-tenant/order-event t=1 c=100 rps=- run=5: 3192/1000000 ok=3192 err=0
writes/d1-per-tenant/order-event t=1 c=100 rps=- run=5: 3716/1000000 ok=3716 err=0
writes/d1-per-tenant/order-event t=1 c=100 rps=- run=5: 4134/1000000 ok=4134 err=0
writes/d1-per-tenant/order-event t=1 c=100 rps=- run=5: 4764/1000000 ok=4764 err=0
writes/d1-per-tenant/order-event t=1 c=100 rps=- run=5: 5382/1000000 ok=5382 err=0
writes/d1-per-tenant/order-event t=1 c=100 rps=- run=5: 5925/1000000 ok=5925 err=0
writes/d1-per-tenant/order-event t=1 c=100 rps=- run=5: 6557/1000000 ok=6557 err=0
writes/d1-per-tenant/order-event t=1 c=100 rps=- run=5: 7178/1000000 ok=7178 err=0
writes/d1-per-tenant/order-event t=1 c=100 rps=- run=5: 7804/1000000 ok=7804 err=0
writes/d1-per-tenant/order-event t=1 c=100 rps=- run=5: 8166/1000000 ok=8166 err=0
writes/turso-per-tenant/exam-burst t=1 c=50 rps=- run=5: 50/50 ok=50 err=0
writes/turso-per-tenant/exam-burst t=1 c=50 rps=- run=5: 50/50 ok=50 err=0
writes/tursodb-per-tenant/exam-burst t=1 c=50 rps=- run=5: 1/50 ok=1 err=0
writes/tursodb-per-tenant/exam-burst t=1 c=50 rps=- run=5: 50/50 ok=39 err=11
writes/tursodb-per-tenant/exam-burst t=1 c=50 rps=- run=5: 50/50 ok=39 err=11
writes/d1-per-tenant/exam-burst t=1 c=50 rps=- run=5: 50/50 ok=50 err=0
writes/d1-per-tenant/exam-burst t=1 c=50 rps=- run=5: 50/50 ok=50 err=0
writes/turso-per-tenant/exam-burst t=1 c=100 rps=- run=5: 1/100 ok=1 err=0
writes/turso-per-tenant/exam-burst t=1 c=100 rps=- run=5: 100/100 ok=100 err=0
writes/turso-per-tenant/exam-burst t=1 c=100 rps=- run=5: 100/100 ok=100 err=0
writes/tursodb-per-tenant/exam-burst t=1 c=100 rps=- run=5: 1/100 ok=1 err=0
writes/tursodb-per-tenant/exam-burst t=1 c=100 rps=- run=5: 100/100 ok=58 err=42
writes/tursodb-per-tenant/exam-burst t=1 c=100 rps=- run=5: 100/100 ok=58 err=42
writes/d1-per-tenant/exam-burst t=1 c=100 rps=- run=5: 100/100 ok=100 err=0
writes/d1-per-tenant/exam-burst t=1 c=100 rps=- run=5: 100/100 ok=100 err=0
writes/turso-per-tenant/exam-burst t=1 c=250 rps=- run=5: 1/250 ok=1 err=0
writes/turso-per-tenant/exam-burst t=1 c=250 rps=- run=5: 250/250 ok=165 err=85
writes/turso-per-tenant/exam-burst t=1 c=250 rps=- run=5: 250/250 ok=165 err=85
writes/tursodb-per-tenant/exam-burst t=1 c=250 rps=- run=5: 1/250 ok=1 err=0
writes/tursodb-per-tenant/exam-burst t=1 c=250 rps=- run=5: 250/250 ok=84 err=166
writes/tursodb-per-tenant/exam-burst t=1 c=250 rps=- run=5: 250/250 ok=84 err=166
writes/d1-per-tenant/exam-burst t=1 c=250 rps=- run=5: 1/250 ok=1 err=0
writes/d1-per-tenant/exam-burst t=1 c=250 rps=- run=5: 250/250 ok=250 err=0
writes/d1-per-tenant/exam-burst t=1 c=250 rps=- run=5: 250/250 ok=250 err=0
writes/turso-per-tenant/exam-burst t=1 c=500 rps=- run=5: 1/500 ok=1 err=0
writes/turso-per-tenant/exam-burst t=1 c=500 rps=- run=5: 500/500 ok=167 err=333
writes/turso-per-tenant/exam-burst t=1 c=500 rps=- run=5: 500/500 ok=167 err=333
writes/tursodb-per-tenant/exam-burst t=1 c=500 rps=- run=5: 1/500 ok=1 err=0
writes/tursodb-per-tenant/exam-burst t=1 c=500 rps=- run=5: 500/500 ok=71 err=429
writes/tursodb-per-tenant/exam-burst t=1 c=500 rps=- run=5: 500/500 ok=71 err=429
writes/d1-per-tenant/exam-burst t=1 c=500 rps=- run=5: 1/500 ok=1 err=0
writes/d1-per-tenant/exam-burst t=1 c=500 rps=- run=5: 500/500 ok=500 err=0
writes/d1-per-tenant/exam-burst t=1 c=500 rps=- run=5: 500/500 ok=500 err=0
tenant-churn/turso-per-tenant/tenant-churn t=10 c=50 rps=- run=5: 502/1000000 ok=502 err=0
tenant-churn/turso-per-tenant/tenant-churn t=10 c=50 rps=- run=5: 1192/1000000 ok=1192 err=0
tenant-churn/turso-per-tenant/tenant-churn t=10 c=50 rps=- run=5: 1840/1000000 ok=1840 err=0
tenant-churn/turso-per-tenant/tenant-churn t=10 c=50 rps=- run=5: 2536/1000000 ok=2536 err=0
tenant-churn/turso-per-tenant/tenant-churn t=10 c=50 rps=- run=5: 3240/1000000 ok=3240 err=0
tenant-churn/turso-per-tenant/tenant-churn t=10 c=50 rps=- run=5: 3937/1000000 ok=3937 err=0
tenant-churn/turso-per-tenant/tenant-churn t=10 c=50 rps=- run=5: 4636/1000000 ok=4636 err=0
tenant-churn/turso-per-tenant/tenant-churn t=10 c=50 rps=- run=5: 5336/1000000 ok=5336 err=0
tenant-churn/turso-per-tenant/tenant-churn t=10 c=50 rps=- run=5: 5844/1000000 ok=5844 err=0
tenant-churn/turso-per-tenant/tenant-churn t=10 c=50 rps=- run=5: 6505/1000000 ok=6505 err=0
tenant-churn/turso-per-tenant/tenant-churn t=10 c=50 rps=- run=5: 7228/1000000 ok=7228 err=0
tenant-churn/turso-per-tenant/tenant-churn t=10 c=50 rps=- run=5: 7974/1000000 ok=7974 err=0
tenant-churn/turso-per-tenant/tenant-churn t=10 c=50 rps=- run=5: 8671/1000000 ok=8671 err=0
tenant-churn/turso-per-tenant/tenant-churn t=10 c=50 rps=- run=5: 9333/1000000 ok=9333 err=0
tenant-churn/turso-per-tenant/tenant-churn t=10 c=50 rps=- run=5: 10038/1000000 ok=10038 err=0
tenant-churn/tursodb-per-tenant/tenant-churn t=10 c=50 rps=- run=5: 61/1000000 ok=61 err=0
tenant-churn/tursodb-per-tenant/tenant-churn t=10 c=50 rps=- run=5: 566/1000000 ok=566 err=0
tenant-churn/tursodb-per-tenant/tenant-churn t=10 c=50 rps=- run=5: 1249/1000000 ok=1249 err=0
tenant-churn/tursodb-per-tenant/tenant-churn t=10 c=50 rps=- run=5: 1987/1000000 ok=1987 err=0
tenant-churn/tursodb-per-tenant/tenant-churn t=10 c=50 rps=- run=5: 2694/1000000 ok=2694 err=0
tenant-churn/tursodb-per-tenant/tenant-churn t=10 c=50 rps=- run=5: 3414/1000000 ok=3414 err=0
tenant-churn/tursodb-per-tenant/tenant-churn t=10 c=50 rps=- run=5: 4097/1000000 ok=4097 err=0
tenant-churn/tursodb-per-tenant/tenant-churn t=10 c=50 rps=- run=5: 4797/1000000 ok=4797 err=0
tenant-churn/tursodb-per-tenant/tenant-churn t=10 c=50 rps=- run=5: 5461/1000000 ok=5461 err=0
tenant-churn/tursodb-per-tenant/tenant-churn t=10 c=50 rps=- run=5: 6173/1000000 ok=6173 err=0
tenant-churn/tursodb-per-tenant/tenant-churn t=10 c=50 rps=- run=5: 6874/1000000 ok=6874 err=0
tenant-churn/tursodb-per-tenant/tenant-churn t=10 c=50 rps=- run=5: 7600/1000000 ok=7600 err=0
tenant-churn/tursodb-per-tenant/tenant-churn t=10 c=50 rps=- run=5: 8304/1000000 ok=8304 err=0
tenant-churn/tursodb-per-tenant/tenant-churn t=10 c=50 rps=- run=5: 8902/1000000 ok=8902 err=0
tenant-churn/d1-per-tenant/tenant-churn t=10 c=50 rps=- run=5: 749/1000000 ok=749 err=0
tenant-churn/d1-per-tenant/tenant-churn t=10 c=50 rps=- run=5: 1462/1000000 ok=1462 err=0
tenant-churn/d1-per-tenant/tenant-churn t=10 c=50 rps=- run=5: 2181/1000000 ok=2181 err=0
tenant-churn/d1-per-tenant/tenant-churn t=10 c=50 rps=- run=5: 2921/1000000 ok=2921 err=0
tenant-churn/d1-per-tenant/tenant-churn t=10 c=50 rps=- run=5: 3606/1000000 ok=3606 err=0
tenant-churn/d1-per-tenant/tenant-churn t=10 c=50 rps=- run=5: 4331/1000000 ok=4331 err=0
tenant-churn/d1-per-tenant/tenant-churn t=10 c=50 rps=- run=5: 5078/1000000 ok=5078 err=0
tenant-churn/d1-per-tenant/tenant-churn t=10 c=50 rps=- run=5: 5803/1000000 ok=5803 err=0
tenant-churn/d1-per-tenant/tenant-churn t=10 c=50 rps=- run=5: 6500/1000000 ok=6500 err=0
tenant-churn/d1-per-tenant/tenant-churn t=10 c=50 rps=- run=5: 7253/1000000 ok=7253 err=0
tenant-churn/d1-per-tenant/tenant-churn t=10 c=50 rps=- run=5: 7951/1000000 ok=7951 err=0
tenant-churn/d1-per-tenant/tenant-churn t=10 c=50 rps=- run=5: 8667/1000000 ok=8667 err=0
tenant-churn/d1-per-tenant/tenant-churn t=10 c=50 rps=- run=5: 9405/1000000 ok=9405 err=0
tenant-churn/d1-per-tenant/tenant-churn t=10 c=50 rps=- run=5: 10158/1000000 ok=10158 err=0
tenant-churn/d1-per-tenant/tenant-churn t=10 c=50 rps=- run=5: 10919/1000000 ok=10919 err=0
tenant-churn/d1-per-tenant/tenant-churn t=10 c=50 rps=- run=5: 10928/1000000 ok=10928 err=0
tenant-churn/turso-per-tenant/tenant-churn t=30 c=50 rps=- run=5: 376/1000000 ok=376 err=0
tenant-churn/turso-per-tenant/tenant-churn t=30 c=50 rps=- run=5: 1011/1000000 ok=1011 err=0
tenant-churn/turso-per-tenant/tenant-churn t=30 c=50 rps=- run=5: 1704/1000000 ok=1704 err=0
tenant-churn/turso-per-tenant/tenant-churn t=30 c=50 rps=- run=5: 2426/1000000 ok=2426 err=0
tenant-churn/turso-per-tenant/tenant-churn t=30 c=50 rps=- run=5: 3155/1000000 ok=3155 err=0
tenant-churn/turso-per-tenant/tenant-churn t=30 c=50 rps=- run=5: 3787/1000000 ok=3787 err=0
tenant-churn/turso-per-tenant/tenant-churn t=30 c=50 rps=- run=5: 4484/1000000 ok=4484 err=0
tenant-churn/turso-per-tenant/tenant-churn t=30 c=50 rps=- run=5: 5204/1000000 ok=5204 err=0
tenant-churn/turso-per-tenant/tenant-churn t=30 c=50 rps=- run=5: 5926/1000000 ok=5926 err=0
tenant-churn/turso-per-tenant/tenant-churn t=30 c=50 rps=- run=5: 6422/1000000 ok=6422 err=0
tenant-churn/turso-per-tenant/tenant-churn t=30 c=50 rps=- run=5: 7110/1000000 ok=7110 err=0
tenant-churn/turso-per-tenant/tenant-churn t=30 c=50 rps=- run=5: 7819/1000000 ok=7819 err=0
tenant-churn/turso-per-tenant/tenant-churn t=30 c=50 rps=- run=5: 8371/1000000 ok=8371 err=0
tenant-churn/turso-per-tenant/tenant-churn t=30 c=50 rps=- run=5: 8925/1000000 ok=8925 err=0
tenant-churn/turso-per-tenant/tenant-churn t=30 c=50 rps=- run=5: 9535/1000000 ok=9535 err=0
tenant-churn/tursodb-per-tenant/tenant-churn t=30 c=50 rps=- run=5: 34/1000000 ok=33 err=1
tenant-churn/tursodb-per-tenant/tenant-churn t=30 c=50 rps=- run=5: 106/1000000 ok=55 err=51
tenant-churn/tursodb-per-tenant/tenant-churn t=30 c=50 rps=- run=5: 156/1000000 ok=56 err=100
tenant-churn/tursodb-per-tenant/tenant-churn t=30 c=50 rps=- run=5: 649/1000000 ok=547 err=102
tenant-churn/tursodb-per-tenant/tenant-churn t=30 c=50 rps=- run=5: 1231/1000000 ok=1129 err=102
tenant-churn/tursodb-per-tenant/tenant-churn t=30 c=50 rps=- run=5: 1620/1000000 ok=1518 err=102
tenant-churn/tursodb-per-tenant/tenant-churn t=30 c=50 rps=- run=5: 2287/1000000 ok=2185 err=102
tenant-churn/tursodb-per-tenant/tenant-churn t=30 c=50 rps=- run=5: 2919/1000000 ok=2817 err=102
tenant-churn/tursodb-per-tenant/tenant-churn t=30 c=50 rps=- run=5: 3598/1000000 ok=3496 err=102
tenant-churn/tursodb-per-tenant/tenant-churn t=30 c=50 rps=- run=5: 4297/1000000 ok=4195 err=102
tenant-churn/tursodb-per-tenant/tenant-churn t=30 c=50 rps=- run=5: 4784/1000000 ok=4682 err=102
tenant-churn/d1-per-tenant/tenant-churn t=30 c=50 rps=- run=5: 682/1000000 ok=682 err=0
tenant-churn/d1-per-tenant/tenant-churn t=30 c=50 rps=- run=5: 1444/1000000 ok=1444 err=0
tenant-churn/d1-per-tenant/tenant-churn t=30 c=50 rps=- run=5: 2219/1000000 ok=2219 err=0
tenant-churn/d1-per-tenant/tenant-churn t=30 c=50 rps=- run=5: 2951/1000000 ok=2951 err=0
tenant-churn/d1-per-tenant/tenant-churn t=30 c=50 rps=- run=5: 3659/1000000 ok=3659 err=0
tenant-churn/d1-per-tenant/tenant-churn t=30 c=50 rps=- run=5: 4382/1000000 ok=4382 err=0
tenant-churn/d1-per-tenant/tenant-churn t=30 c=50 rps=- run=5: 5094/1000000 ok=5094 err=0
tenant-churn/d1-per-tenant/tenant-churn t=30 c=50 rps=- run=5: 5800/1000000 ok=5800 err=0
tenant-churn/d1-per-tenant/tenant-churn t=30 c=50 rps=- run=5: 6539/1000000 ok=6539 err=0
tenant-churn/d1-per-tenant/tenant-churn t=30 c=50 rps=- run=5: 7253/1000000 ok=7253 err=0
tenant-churn/d1-per-tenant/tenant-churn t=30 c=50 rps=- run=5: 7974/1000000 ok=7974 err=0
tenant-churn/d1-per-tenant/tenant-churn t=30 c=50 rps=- run=5: 8701/1000000 ok=8701 err=0
tenant-churn/d1-per-tenant/tenant-churn t=30 c=50 rps=- run=5: 9405/1000000 ok=9405 err=0
tenant-churn/d1-per-tenant/tenant-churn t=30 c=50 rps=- run=5: 10101/1000000 ok=10101 err=0
tenant-churn/d1-per-tenant/tenant-churn t=30 c=50 rps=- run=5: 10796/1000000 ok=10796 err=0
tenant-churn/d1-per-tenant/tenant-churn t=30 c=50 rps=- run=5: 10834/1000000 ok=10834 err=0
tenant-churn/turso-per-tenant/tenant-churn t=10 c=50 rps=- run=5: 485/1000000 ok=485 err=0
tenant-churn/turso-per-tenant/tenant-churn t=10 c=50 rps=- run=5: 1167/1000000 ok=1167 err=0
tenant-churn/turso-per-tenant/tenant-churn t=10 c=50 rps=- run=5: 1783/1000000 ok=1783 err=0
tenant-churn/turso-per-tenant/tenant-churn t=10 c=50 rps=- run=5: 2458/1000000 ok=2458 err=0
tenant-churn/turso-per-tenant/tenant-churn t=10 c=50 rps=- run=5: 3161/1000000 ok=3161 err=0
tenant-churn/turso-per-tenant/tenant-churn t=10 c=50 rps=- run=5: 3833/1000000 ok=3833 err=0
tenant-churn/turso-per-tenant/tenant-churn t=10 c=50 rps=- run=5: 4508/1000000 ok=4508 err=0
tenant-churn/turso-per-tenant/tenant-churn t=10 c=50 rps=- run=5: 5163/1000000 ok=5163 err=0
tenant-churn/turso-per-tenant/tenant-churn t=10 c=50 rps=- run=5: 5823/1000000 ok=5823 err=0
tenant-churn/turso-per-tenant/tenant-churn t=10 c=50 rps=- run=5: 6455/1000000 ok=6455 err=0
tenant-churn/turso-per-tenant/tenant-churn t=10 c=50 rps=- run=5: 7123/1000000 ok=7123 err=0
tenant-churn/turso-per-tenant/tenant-churn t=10 c=50 rps=- run=5: 7728/1000000 ok=7728 err=0
tenant-churn/turso-per-tenant/tenant-churn t=10 c=50 rps=- run=5: 8293/1000000 ok=8293 err=0
tenant-churn/turso-per-tenant/tenant-churn t=10 c=50 rps=- run=5: 8886/1000000 ok=8886 err=0
tenant-churn/turso-per-tenant/tenant-churn t=10 c=50 rps=- run=5: 9493/1000000 ok=9493 err=0
tenant-churn/turso-per-tenant/tenant-churn t=10 c=50 rps=- run=5: 9504/1000000 ok=9504 err=0
tenant-churn/tursodb-per-tenant/tenant-churn t=10 c=50 rps=- run=5: 494/1000000 ok=494 err=0
tenant-churn/tursodb-per-tenant/tenant-churn t=10 c=50 rps=- run=5: 1147/1000000 ok=1147 err=0
tenant-churn/tursodb-per-tenant/tenant-churn t=10 c=50 rps=- run=5: 1819/1000000 ok=1819 err=0
tenant-churn/tursodb-per-tenant/tenant-churn t=10 c=50 rps=- run=5: 2507/1000000 ok=2507 err=0
tenant-churn/tursodb-per-tenant/tenant-churn t=10 c=50 rps=- run=5: 3163/1000000 ok=3163 err=0
tenant-churn/tursodb-per-tenant/tenant-churn t=10 c=50 rps=- run=5: 3845/1000000 ok=3845 err=0
tenant-churn/tursodb-per-tenant/tenant-churn t=10 c=50 rps=- run=5: 4524/1000000 ok=4524 err=0
tenant-churn/tursodb-per-tenant/tenant-churn t=10 c=50 rps=- run=5: 5227/1000000 ok=5227 err=0
tenant-churn/tursodb-per-tenant/tenant-churn t=10 c=50 rps=- run=5: 5890/1000000 ok=5890 err=0
tenant-churn/tursodb-per-tenant/tenant-churn t=10 c=50 rps=- run=5: 6546/1000000 ok=6546 err=0
tenant-churn/tursodb-per-tenant/tenant-churn t=10 c=50 rps=- run=5: 7199/1000000 ok=7199 err=0
tenant-churn/tursodb-per-tenant/tenant-churn t=10 c=50 rps=- run=5: 7885/1000000 ok=7885 err=0
tenant-churn/tursodb-per-tenant/tenant-churn t=10 c=50 rps=- run=5: 8467/1000000 ok=8467 err=0
tenant-churn/tursodb-per-tenant/tenant-churn t=10 c=50 rps=- run=5: 9066/1000000 ok=9066 err=0
tenant-churn/tursodb-per-tenant/tenant-churn t=10 c=50 rps=- run=5: 9733/1000000 ok=9733 err=0
tenant-churn/tursodb-per-tenant/tenant-churn t=10 c=50 rps=- run=5: 9761/1000000 ok=9761 err=0
tenant-churn/d1-per-tenant/tenant-churn t=10 c=50 rps=- run=5: 539/1000000 ok=539 err=0
tenant-churn/d1-per-tenant/tenant-churn t=10 c=50 rps=- run=5: 1093/1000000 ok=1093 err=0
tenant-churn/d1-per-tenant/tenant-churn t=10 c=50 rps=- run=5: 1554/1000000 ok=1554 err=0
tenant-churn/d1-per-tenant/tenant-churn t=10 c=50 rps=- run=5: 2149/1000000 ok=2149 err=0
tenant-churn/d1-per-tenant/tenant-churn t=10 c=50 rps=- run=5: 2697/1000000 ok=2697 err=0
tenant-churn/d1-per-tenant/tenant-churn t=10 c=50 rps=- run=5: 3254/1000000 ok=3254 err=0
tenant-churn/d1-per-tenant/tenant-churn t=10 c=50 rps=- run=5: 3812/1000000 ok=3812 err=0
tenant-churn/d1-per-tenant/tenant-churn t=10 c=50 rps=- run=5: 4330/1000000 ok=4330 err=0
tenant-churn/d1-per-tenant/tenant-churn t=10 c=50 rps=- run=5: 4828/1000000 ok=4828 err=0
tenant-churn/d1-per-tenant/tenant-churn t=10 c=50 rps=- run=5: 5339/1000000 ok=5339 err=0
tenant-churn/d1-per-tenant/tenant-churn t=10 c=50 rps=- run=5: 5886/1000000 ok=5886 err=0
tenant-churn/d1-per-tenant/tenant-churn t=10 c=50 rps=- run=5: 6354/1000000 ok=6354 err=0
tenant-churn/d1-per-tenant/tenant-churn t=10 c=50 rps=- run=5: 6968/1000000 ok=6968 err=0
tenant-churn/d1-per-tenant/tenant-churn t=10 c=50 rps=- run=5: 7533/1000000 ok=7533 err=0
tenant-churn/d1-per-tenant/tenant-churn t=10 c=50 rps=- run=5: 8074/1000000 ok=8074 err=0
tenant-churn/turso-per-tenant/tenant-churn t=30 c=50 rps=- run=5: 483/1000000 ok=483 err=0
tenant-churn/turso-per-tenant/tenant-churn t=30 c=50 rps=- run=5: 1143/1000000 ok=1143 err=0
tenant-churn/turso-per-tenant/tenant-churn t=30 c=50 rps=- run=5: 1755/1000000 ok=1755 err=0
tenant-churn/turso-per-tenant/tenant-churn t=30 c=50 rps=- run=5: 2342/1000000 ok=2342 err=0
tenant-churn/turso-per-tenant/tenant-churn t=30 c=50 rps=- run=5: 3045/1000000 ok=3045 err=0
tenant-churn/turso-per-tenant/tenant-churn t=30 c=50 rps=- run=5: 3738/1000000 ok=3738 err=0
tenant-churn/turso-per-tenant/tenant-churn t=30 c=50 rps=- run=5: 4408/1000000 ok=4408 err=0
tenant-churn/turso-per-tenant/tenant-churn t=30 c=50 rps=- run=5: 5119/1000000 ok=5119 err=0
tenant-churn/turso-per-tenant/tenant-churn t=30 c=50 rps=- run=5: 5776/1000000 ok=5776 err=0
tenant-churn/turso-per-tenant/tenant-churn t=30 c=50 rps=- run=5: 6446/1000000 ok=6446 err=0
tenant-churn/turso-per-tenant/tenant-churn t=30 c=50 rps=- run=5: 7034/1000000 ok=7034 err=0
tenant-churn/turso-per-tenant/tenant-churn t=30 c=50 rps=- run=5: 7752/1000000 ok=7752 err=0
tenant-churn/turso-per-tenant/tenant-churn t=30 c=50 rps=- run=5: 8463/1000000 ok=8463 err=0
tenant-churn/turso-per-tenant/tenant-churn t=30 c=50 rps=- run=5: 9131/1000000 ok=9131 err=0
tenant-churn/turso-per-tenant/tenant-churn t=30 c=50 rps=- run=5: 9815/1000000 ok=9815 err=0
tenant-churn/turso-per-tenant/tenant-churn t=30 c=50 rps=- run=5: 9836/1000000 ok=9836 err=0
tenant-churn/tursodb-per-tenant/tenant-churn t=30 c=50 rps=- run=5: 237/1000000 ok=237 err=0
tenant-churn/tursodb-per-tenant/tenant-churn t=30 c=50 rps=- run=5: 891/1000000 ok=891 err=0
tenant-churn/tursodb-per-tenant/tenant-churn t=30 c=50 rps=- run=5: 1570/1000000 ok=1570 err=0
tenant-churn/tursodb-per-tenant/tenant-churn t=30 c=50 rps=- run=5: 2281/1000000 ok=2281 err=0
tenant-churn/tursodb-per-tenant/tenant-churn t=30 c=50 rps=- run=5: 2982/1000000 ok=2982 err=0
tenant-churn/tursodb-per-tenant/tenant-churn t=30 c=50 rps=- run=5: 3696/1000000 ok=3696 err=0
tenant-churn/tursodb-per-tenant/tenant-churn t=30 c=50 rps=- run=5: 4347/1000000 ok=4347 err=0
tenant-churn/tursodb-per-tenant/tenant-churn t=30 c=50 rps=- run=5: 5016/1000000 ok=5016 err=0
tenant-churn/tursodb-per-tenant/tenant-churn t=30 c=50 rps=- run=5: 5721/1000000 ok=5721 err=0
tenant-churn/tursodb-per-tenant/tenant-churn t=30 c=50 rps=- run=5: 6433/1000000 ok=6433 err=0
tenant-churn/tursodb-per-tenant/tenant-churn t=30 c=50 rps=- run=5: 7099/1000000 ok=7099 err=0
tenant-churn/tursodb-per-tenant/tenant-churn t=30 c=50 rps=- run=5: 7804/1000000 ok=7804 err=0
tenant-churn/tursodb-per-tenant/tenant-churn t=30 c=50 rps=- run=5: 8421/1000000 ok=8421 err=0
tenant-churn/tursodb-per-tenant/tenant-churn t=30 c=50 rps=- run=5: 9132/1000000 ok=9132 err=0
tenant-churn/tursodb-per-tenant/tenant-churn t=30 c=50 rps=- run=5: 9817/1000000 ok=9817 err=0
tenant-churn/tursodb-per-tenant/tenant-churn t=30 c=50 rps=- run=5: 9834/1000000 ok=9834 err=0
tenant-churn/d1-per-tenant/tenant-churn t=30 c=50 rps=- run=5: 677/1000000 ok=677 err=0
tenant-churn/d1-per-tenant/tenant-churn t=30 c=50 rps=- run=5: 1270/1000000 ok=1270 err=0
tenant-churn/d1-per-tenant/tenant-churn t=30 c=50 rps=- run=5: 1984/1000000 ok=1984 err=0
tenant-churn/d1-per-tenant/tenant-churn t=30 c=50 rps=- run=5: 2713/1000000 ok=2713 err=0
tenant-churn/d1-per-tenant/tenant-churn t=30 c=50 rps=- run=5: 3148/1000000 ok=3148 err=0
tenant-churn/d1-per-tenant/tenant-churn t=30 c=50 rps=- run=5: 3853/1000000 ok=3853 err=0
tenant-churn/d1-per-tenant/tenant-churn t=30 c=50 rps=- run=5: 4630/1000000 ok=4630 err=0
tenant-churn/d1-per-tenant/tenant-churn t=30 c=50 rps=- run=5: 5243/1000000 ok=5243 err=0
tenant-churn/d1-per-tenant/tenant-churn t=30 c=50 rps=- run=5: 5940/1000000 ok=5940 err=0
tenant-churn/d1-per-tenant/tenant-churn t=30 c=50 rps=- run=5: 6671/1000000 ok=6671 err=0
tenant-churn/d1-per-tenant/tenant-churn t=30 c=50 rps=- run=5: 7415/1000000 ok=7415 err=0
tenant-churn/d1-per-tenant/tenant-churn t=30 c=50 rps=- run=5: 8186/1000000 ok=8186 err=0
tenant-churn/d1-per-tenant/tenant-churn t=30 c=50 rps=- run=5: 8937/1000000 ok=8937 err=0
tenant-churn/d1-per-tenant/tenant-churn t=30 c=50 rps=- run=5: 9701/1000000 ok=9701 err=0
tenant-churn/d1-per-tenant/tenant-churn t=30 c=50 rps=- run=5: 10451/1000000 ok=10451 err=0
tenant-churn/d1-per-tenant/tenant-churn t=30 c=50 rps=- run=5: 10454/1000000 ok=10454 err=0
tenant-churn/turso-per-tenant/tenant-churn t=10 c=50 rps=- run=5: 541/1000000 ok=541 err=0
tenant-churn/turso-per-tenant/tenant-churn t=10 c=50 rps=- run=5: 1126/1000000 ok=1126 err=0
tenant-churn/turso-per-tenant/tenant-churn t=10 c=50 rps=- run=5: 1827/1000000 ok=1827 err=0
tenant-churn/turso-per-tenant/tenant-churn t=10 c=50 rps=- run=5: 2506/1000000 ok=2506 err=0
tenant-churn/turso-per-tenant/tenant-churn t=10 c=50 rps=- run=5: 3240/1000000 ok=3240 err=0
tenant-churn/turso-per-tenant/tenant-churn t=10 c=50 rps=- run=5: 3943/1000000 ok=3943 err=0
tenant-churn/turso-per-tenant/tenant-churn t=10 c=50 rps=- run=5: 4648/1000000 ok=4648 err=0
tenant-churn/turso-per-tenant/tenant-churn t=10 c=50 rps=- run=5: 5348/1000000 ok=5348 err=0
tenant-churn/turso-per-tenant/tenant-churn t=10 c=50 rps=- run=5: 6089/1000000 ok=6089 err=0
tenant-churn/turso-per-tenant/tenant-churn t=10 c=50 rps=- run=5: 6799/1000000 ok=6799 err=0
tenant-churn/turso-per-tenant/tenant-churn t=10 c=50 rps=- run=5: 7451/1000000 ok=7451 err=0
tenant-churn/turso-per-tenant/tenant-churn t=10 c=50 rps=- run=5: 8157/1000000 ok=8157 err=0
tenant-churn/turso-per-tenant/tenant-churn t=10 c=50 rps=- run=5: 8813/1000000 ok=8813 err=0
tenant-churn/turso-per-tenant/tenant-churn t=10 c=50 rps=- run=5: 9494/1000000 ok=9494 err=0
tenant-churn/turso-per-tenant/tenant-churn t=10 c=50 rps=- run=5: 10194/1000000 ok=10194 err=0
tenant-churn/turso-per-tenant/tenant-churn t=10 c=50 rps=- run=5: 10225/1000000 ok=10225 err=0
tenant-churn/tursodb-per-tenant/tenant-churn t=10 c=50 rps=- run=5: 562/1000000 ok=562 err=0
tenant-churn/tursodb-per-tenant/tenant-churn t=10 c=50 rps=- run=5: 1290/1000000 ok=1290 err=0
tenant-churn/tursodb-per-tenant/tenant-churn t=10 c=50 rps=- run=5: 1974/1000000 ok=1974 err=0
tenant-churn/tursodb-per-tenant/tenant-churn t=10 c=50 rps=- run=5: 2539/1000000 ok=2539 err=0
tenant-churn/tursodb-per-tenant/tenant-churn t=10 c=50 rps=- run=5: 3011/1000000 ok=3011 err=0
tenant-churn/tursodb-per-tenant/tenant-churn t=10 c=50 rps=- run=5: 3551/1000000 ok=3551 err=0
tenant-churn/tursodb-per-tenant/tenant-churn t=10 c=50 rps=- run=5: 4033/1000000 ok=4033 err=0
tenant-churn/tursodb-per-tenant/tenant-churn t=10 c=50 rps=- run=5: 4728/1000000 ok=4728 err=0
tenant-churn/tursodb-per-tenant/tenant-churn t=10 c=50 rps=- run=5: 5260/1000000 ok=5260 err=0
tenant-churn/tursodb-per-tenant/tenant-churn t=10 c=50 rps=- run=5: 5987/1000000 ok=5987 err=0
tenant-churn/tursodb-per-tenant/tenant-churn t=10 c=50 rps=- run=5: 6711/1000000 ok=6711 err=0
tenant-churn/tursodb-per-tenant/tenant-churn t=10 c=50 rps=- run=5: 7368/1000000 ok=7368 err=0
tenant-churn/tursodb-per-tenant/tenant-churn t=10 c=50 rps=- run=5: 8066/1000000 ok=8066 err=0
tenant-churn/tursodb-per-tenant/tenant-churn t=10 c=50 rps=- run=5: 8764/1000000 ok=8764 err=0
tenant-churn/tursodb-per-tenant/tenant-churn t=10 c=50 rps=- run=5: 9471/1000000 ok=9471 err=0
tenant-churn/d1-per-tenant/tenant-churn t=10 c=50 rps=- run=5: 690/1000000 ok=690 err=0
tenant-churn/d1-per-tenant/tenant-churn t=10 c=50 rps=- run=5: 1446/1000000 ok=1446 err=0
tenant-churn/d1-per-tenant/tenant-churn t=10 c=50 rps=- run=5: 2196/1000000 ok=2196 err=0
tenant-churn/d1-per-tenant/tenant-churn t=10 c=50 rps=- run=5: 2964/1000000 ok=2964 err=0
tenant-churn/d1-per-tenant/tenant-churn t=10 c=50 rps=- run=5: 3730/1000000 ok=3730 err=0
tenant-churn/d1-per-tenant/tenant-churn t=10 c=50 rps=- run=5: 4481/1000000 ok=4481 err=0
tenant-churn/d1-per-tenant/tenant-churn t=10 c=50 rps=- run=5: 5157/1000000 ok=5157 err=0
tenant-churn/d1-per-tenant/tenant-churn t=10 c=50 rps=- run=5: 5631/1000000 ok=5631 err=0
tenant-churn/d1-per-tenant/tenant-churn t=10 c=50 rps=- run=5: 6326/1000000 ok=6326 err=0
tenant-churn/d1-per-tenant/tenant-churn t=10 c=50 rps=- run=5: 7021/1000000 ok=7021 err=0
tenant-churn/d1-per-tenant/tenant-churn t=10 c=50 rps=- run=5: 7730/1000000 ok=7730 err=0
tenant-churn/d1-per-tenant/tenant-churn t=10 c=50 rps=- run=5: 8468/1000000 ok=8468 err=0
tenant-churn/d1-per-tenant/tenant-churn t=10 c=50 rps=- run=5: 9224/1000000 ok=9224 err=0
tenant-churn/d1-per-tenant/tenant-churn t=10 c=50 rps=- run=5: 9904/1000000 ok=9904 err=0
tenant-churn/d1-per-tenant/tenant-churn t=10 c=50 rps=- run=5: 10620/1000000 ok=10620 err=0
tenant-churn/d1-per-tenant/tenant-churn t=10 c=50 rps=- run=5: 10642/1000000 ok=10642 err=0
tenant-churn/turso-per-tenant/tenant-churn t=30 c=50 rps=- run=5: 526/1000000 ok=526 err=0
tenant-churn/turso-per-tenant/tenant-churn t=30 c=50 rps=- run=5: 1227/1000000 ok=1227 err=0
tenant-churn/turso-per-tenant/tenant-churn t=30 c=50 rps=- run=5: 1949/1000000 ok=1949 err=0
tenant-churn/turso-per-tenant/tenant-churn t=30 c=50 rps=- run=5: 2652/1000000 ok=2652 err=0
tenant-churn/turso-per-tenant/tenant-churn t=30 c=50 rps=- run=5: 3380/1000000 ok=3380 err=0
tenant-churn/turso-per-tenant/tenant-churn t=30 c=50 rps=- run=5: 4106/1000000 ok=4106 err=0
tenant-churn/turso-per-tenant/tenant-churn t=30 c=50 rps=- run=5: 4784/1000000 ok=4784 err=0
tenant-churn/turso-per-tenant/tenant-churn t=30 c=50 rps=- run=5: 5504/1000000 ok=5504 err=0
tenant-churn/turso-per-tenant/tenant-churn t=30 c=50 rps=- run=5: 6144/1000000 ok=6144 err=0
tenant-churn/turso-per-tenant/tenant-churn t=30 c=50 rps=- run=5: 6846/1000000 ok=6846 err=0
tenant-churn/turso-per-tenant/tenant-churn t=30 c=50 rps=- run=5: 7506/1000000 ok=7506 err=0
tenant-churn/turso-per-tenant/tenant-churn t=30 c=50 rps=- run=5: 8218/1000000 ok=8218 err=0
tenant-churn/turso-per-tenant/tenant-churn t=30 c=50 rps=- run=5: 8920/1000000 ok=8920 err=0
tenant-churn/turso-per-tenant/tenant-churn t=30 c=50 rps=- run=5: 9629/1000000 ok=9629 err=0
tenant-churn/turso-per-tenant/tenant-churn t=30 c=50 rps=- run=5: 10342/1000000 ok=10342 err=0
tenant-churn/turso-per-tenant/tenant-churn t=30 c=50 rps=- run=5: 10376/1000000 ok=10376 err=0
tenant-churn/tursodb-per-tenant/tenant-churn t=30 c=50 rps=- run=5: 245/1000000 ok=245 err=0
tenant-churn/tursodb-per-tenant/tenant-churn t=30 c=50 rps=- run=5: 816/1000000 ok=816 err=0
tenant-churn/tursodb-per-tenant/tenant-churn t=30 c=50 rps=- run=5: 1426/1000000 ok=1426 err=0
tenant-churn/tursodb-per-tenant/tenant-churn t=30 c=50 rps=- run=5: 2049/1000000 ok=2049 err=0
tenant-churn/tursodb-per-tenant/tenant-churn t=30 c=50 rps=- run=5: 2723/1000000 ok=2723 err=0
tenant-churn/tursodb-per-tenant/tenant-churn t=30 c=50 rps=- run=5: 3411/1000000 ok=3411 err=0
tenant-churn/tursodb-per-tenant/tenant-churn t=30 c=50 rps=- run=5: 3987/1000000 ok=3987 err=0
tenant-churn/tursodb-per-tenant/tenant-churn t=30 c=50 rps=- run=5: 4693/1000000 ok=4693 err=0
tenant-churn/tursodb-per-tenant/tenant-churn t=30 c=50 rps=- run=5: 5376/1000000 ok=5376 err=0
tenant-churn/tursodb-per-tenant/tenant-churn t=30 c=50 rps=- run=5: 5995/1000000 ok=5995 err=0
tenant-churn/tursodb-per-tenant/tenant-churn t=30 c=50 rps=- run=5: 6629/1000000 ok=6629 err=0
tenant-churn/tursodb-per-tenant/tenant-churn t=30 c=50 rps=- run=5: 7334/1000000 ok=7334 err=0
tenant-churn/tursodb-per-tenant/tenant-churn t=30 c=50 rps=- run=5: 8031/1000000 ok=8031 err=0
tenant-churn/tursodb-per-tenant/tenant-churn t=30 c=50 rps=- run=5: 8763/1000000 ok=8763 err=0
tenant-churn/tursodb-per-tenant/tenant-churn t=30 c=50 rps=- run=5: 9418/1000000 ok=9418 err=0
tenant-churn/d1-per-tenant/tenant-churn t=30 c=50 rps=- run=5: 697/1000000 ok=697 err=0
tenant-churn/d1-per-tenant/tenant-churn t=30 c=50 rps=- run=5: 1429/1000000 ok=1429 err=0
tenant-churn/d1-per-tenant/tenant-churn t=30 c=50 rps=- run=5: 2184/1000000 ok=2184 err=0
tenant-churn/d1-per-tenant/tenant-churn t=30 c=50 rps=- run=5: 2904/1000000 ok=2904 err=0
tenant-churn/d1-per-tenant/tenant-churn t=30 c=50 rps=- run=5: 3650/1000000 ok=3650 err=0
tenant-churn/d1-per-tenant/tenant-churn t=30 c=50 rps=- run=5: 4315/1000000 ok=4315 err=0
tenant-churn/d1-per-tenant/tenant-churn t=30 c=50 rps=- run=5: 5078/1000000 ok=5078 err=0
tenant-churn/d1-per-tenant/tenant-churn t=30 c=50 rps=- run=5: 5761/1000000 ok=5761 err=0
tenant-churn/d1-per-tenant/tenant-churn t=30 c=50 rps=- run=5: 6491/1000000 ok=6491 err=0
tenant-churn/d1-per-tenant/tenant-churn t=30 c=50 rps=- run=5: 7267/1000000 ok=7267 err=0
tenant-churn/d1-per-tenant/tenant-churn t=30 c=50 rps=- run=5: 8067/1000000 ok=8067 err=0
tenant-churn/d1-per-tenant/tenant-churn t=30 c=50 rps=- run=5: 8793/1000000 ok=8793 err=0
tenant-churn/d1-per-tenant/tenant-churn t=30 c=50 rps=- run=5: 9484/1000000 ok=9484 err=0
tenant-churn/d1-per-tenant/tenant-churn t=30 c=50 rps=- run=5: 10204/1000000 ok=10204 err=0
tenant-churn/d1-per-tenant/tenant-churn t=30 c=50 rps=- run=5: 10933/1000000 ok=10933 err=0
saturation/turso-per-tenant/lms-balanced t=1 c=1000 rps=10 run=5: 18/1000000 ok=18 err=0
saturation/turso-per-tenant/lms-balanced t=1 c=1000 rps=10 run=5: 40/1000000 ok=40 err=0
saturation/turso-per-tenant/lms-balanced t=1 c=1000 rps=10 run=5: 62/1000000 ok=62 err=0
saturation/turso-per-tenant/lms-balanced t=1 c=1000 rps=10 run=5: 82/1000000 ok=82 err=0
saturation/turso-per-tenant/lms-balanced t=1 c=1000 rps=10 run=5: 103/1000000 ok=103 err=0
saturation/turso-per-tenant/lms-balanced t=1 c=1000 rps=10 run=5: 123/1000000 ok=123 err=0
saturation/turso-per-tenant/lms-balanced t=1 c=1000 rps=10 run=5: 145/1000000 ok=145 err=0
saturation/turso-per-tenant/lms-balanced t=1 c=1000 rps=10 run=5: 166/1000000 ok=166 err=0
saturation/turso-per-tenant/lms-balanced t=1 c=1000 rps=10 run=5: 186/1000000 ok=186 err=0
saturation/turso-per-tenant/lms-balanced t=1 c=1000 rps=10 run=5: 207/1000000 ok=207 err=0
saturation/turso-per-tenant/lms-balanced t=1 c=1000 rps=10 run=5: 227/1000000 ok=227 err=0
saturation/turso-per-tenant/lms-balanced t=1 c=1000 rps=10 run=5: 249/1000000 ok=249 err=0
saturation/turso-per-tenant/lms-balanced t=1 c=1000 rps=10 run=5: 270/1000000 ok=270 err=0
saturation/turso-per-tenant/lms-balanced t=1 c=1000 rps=10 run=5: 290/1000000 ok=290 err=0
saturation/turso-per-tenant/lms-balanced t=1 c=1000 rps=10 run=5: 300/1000000 ok=300 err=0
saturation/tursodb-per-tenant/lms-balanced t=1 c=1000 rps=10 run=5: 19/1000000 ok=19 err=0
saturation/tursodb-per-tenant/lms-balanced t=1 c=1000 rps=10 run=5: 40/1000000 ok=40 err=0
saturation/tursodb-per-tenant/lms-balanced t=1 c=1000 rps=10 run=5: 62/1000000 ok=62 err=0
saturation/tursodb-per-tenant/lms-balanced t=1 c=1000 rps=10 run=5: 83/1000000 ok=82 err=1
saturation/tursodb-per-tenant/lms-balanced t=1 c=1000 rps=10 run=5: 104/1000000 ok=102 err=2
saturation/tursodb-per-tenant/lms-balanced t=1 c=1000 rps=10 run=5: 124/1000000 ok=122 err=2
saturation/tursodb-per-tenant/lms-balanced t=1 c=1000 rps=10 run=5: 145/1000000 ok=143 err=2
saturation/tursodb-per-tenant/lms-balanced t=1 c=1000 rps=10 run=5: 166/1000000 ok=164 err=2
saturation/tursodb-per-tenant/lms-balanced t=1 c=1000 rps=10 run=5: 186/1000000 ok=183 err=3
saturation/tursodb-per-tenant/lms-balanced t=1 c=1000 rps=10 run=5: 208/1000000 ok=205 err=3
saturation/tursodb-per-tenant/lms-balanced t=1 c=1000 rps=10 run=5: 229/1000000 ok=226 err=3
saturation/tursodb-per-tenant/lms-balanced t=1 c=1000 rps=10 run=5: 250/1000000 ok=247 err=3
saturation/tursodb-per-tenant/lms-balanced t=1 c=1000 rps=10 run=5: 270/1000000 ok=267 err=3
saturation/tursodb-per-tenant/lms-balanced t=1 c=1000 rps=10 run=5: 291/1000000 ok=288 err=3
saturation/tursodb-per-tenant/lms-balanced t=1 c=1000 rps=10 run=5: 300/1000000 ok=297 err=3
saturation/d1-per-tenant/lms-balanced t=1 c=1000 rps=10 run=5: 19/1000000 ok=19 err=0
saturation/d1-per-tenant/lms-balanced t=1 c=1000 rps=10 run=5: 40/1000000 ok=40 err=0
saturation/d1-per-tenant/lms-balanced t=1 c=1000 rps=10 run=5: 62/1000000 ok=62 err=0
saturation/d1-per-tenant/lms-balanced t=1 c=1000 rps=10 run=5: 82/1000000 ok=82 err=0
saturation/d1-per-tenant/lms-balanced t=1 c=1000 rps=10 run=5: 104/1000000 ok=104 err=0
saturation/d1-per-tenant/lms-balanced t=1 c=1000 rps=10 run=5: 125/1000000 ok=125 err=0
saturation/d1-per-tenant/lms-balanced t=1 c=1000 rps=10 run=5: 145/1000000 ok=145 err=0
saturation/d1-per-tenant/lms-balanced t=1 c=1000 rps=10 run=5: 166/1000000 ok=166 err=0
saturation/d1-per-tenant/lms-balanced t=1 c=1000 rps=10 run=5: 186/1000000 ok=186 err=0
saturation/d1-per-tenant/lms-balanced t=1 c=1000 rps=10 run=5: 208/1000000 ok=208 err=0
saturation/d1-per-tenant/lms-balanced t=1 c=1000 rps=10 run=5: 229/1000000 ok=229 err=0
saturation/d1-per-tenant/lms-balanced t=1 c=1000 rps=10 run=5: 249/1000000 ok=249 err=0
saturation/d1-per-tenant/lms-balanced t=1 c=1000 rps=10 run=5: 270/1000000 ok=270 err=0
saturation/d1-per-tenant/lms-balanced t=1 c=1000 rps=10 run=5: 290/1000000 ok=290 err=0
saturation/d1-per-tenant/lms-balanced t=1 c=1000 rps=10 run=5: 300/1000000 ok=300 err=0
saturation/turso-per-tenant/lms-balanced t=1 c=1000 rps=25 run=5: 41/1000000 ok=41 err=0
saturation/turso-per-tenant/lms-balanced t=1 c=1000 rps=25 run=5: 96/1000000 ok=96 err=0
saturation/turso-per-tenant/lms-balanced t=1 c=1000 rps=25 run=5: 147/1000000 ok=147 err=0
saturation/turso-per-tenant/lms-balanced t=1 c=1000 rps=25 run=5: 196/1000000 ok=196 err=0
saturation/turso-per-tenant/lms-balanced t=1 c=1000 rps=25 run=5: 247/1000000 ok=247 err=0
saturation/turso-per-tenant/lms-balanced t=1 c=1000 rps=25 run=5: 297/1000000 ok=297 err=0
saturation/turso-per-tenant/lms-balanced t=1 c=1000 rps=25 run=5: 349/1000000 ok=349 err=0
saturation/turso-per-tenant/lms-balanced t=1 c=1000 rps=25 run=5: 395/1000000 ok=395 err=0
saturation/turso-per-tenant/lms-balanced t=1 c=1000 rps=25 run=5: 451/1000000 ok=451 err=0
saturation/turso-per-tenant/lms-balanced t=1 c=1000 rps=25 run=5: 502/1000000 ok=502 err=0
saturation/turso-per-tenant/lms-balanced t=1 c=1000 rps=25 run=5: 551/1000000 ok=551 err=0
saturation/turso-per-tenant/lms-balanced t=1 c=1000 rps=25 run=5: 602/1000000 ok=602 err=0
saturation/turso-per-tenant/lms-balanced t=1 c=1000 rps=25 run=5: 653/1000000 ok=653 err=0
saturation/turso-per-tenant/lms-balanced t=1 c=1000 rps=25 run=5: 702/1000000 ok=702 err=0
saturation/turso-per-tenant/lms-balanced t=1 c=1000 rps=25 run=5: 750/1000000 ok=750 err=0
saturation/tursodb-per-tenant/lms-balanced t=1 c=1000 rps=25 run=5: 41/1000000 ok=41 err=0
saturation/tursodb-per-tenant/lms-balanced t=1 c=1000 rps=25 run=5: 95/1000000 ok=93 err=2
saturation/tursodb-per-tenant/lms-balanced t=1 c=1000 rps=25 run=5: 146/1000000 ok=144 err=2
saturation/tursodb-per-tenant/lms-balanced t=1 c=1000 rps=25 run=5: 196/1000000 ok=193 err=3
saturation/tursodb-per-tenant/lms-balanced t=1 c=1000 rps=25 run=5: 247/1000000 ok=244 err=3
saturation/tursodb-per-tenant/lms-balanced t=1 c=1000 rps=25 run=5: 297/1000000 ok=294 err=3
saturation/tursodb-per-tenant/lms-balanced t=1 c=1000 rps=25 run=5: 349/1000000 ok=346 err=3
saturation/tursodb-per-tenant/lms-balanced t=1 c=1000 rps=25 run=5: 400/1000000 ok=397 err=3
saturation/tursodb-per-tenant/lms-balanced t=1 c=1000 rps=25 run=5: 452/1000000 ok=448 err=4
saturation/tursodb-per-tenant/lms-balanced t=1 c=1000 rps=25 run=5: 503/1000000 ok=499 err=4
saturation/tursodb-per-tenant/lms-balanced t=1 c=1000 rps=25 run=5: 553/1000000 ok=548 err=5
saturation/tursodb-per-tenant/lms-balanced t=1 c=1000 rps=25 run=5: 603/1000000 ok=597 err=6
saturation/tursodb-per-tenant/lms-balanced t=1 c=1000 rps=25 run=5: 656/1000000 ok=650 err=6
saturation/tursodb-per-tenant/lms-balanced t=1 c=1000 rps=25 run=5: 707/1000000 ok=700 err=7
saturation/tursodb-per-tenant/lms-balanced t=1 c=1000 rps=25 run=5: 750/1000000 ok=743 err=7
saturation/d1-per-tenant/lms-balanced t=1 c=1000 rps=25 run=5: 44/1000000 ok=44 err=0
saturation/d1-per-tenant/lms-balanced t=1 c=1000 rps=25 run=5: 96/1000000 ok=96 err=0
saturation/d1-per-tenant/lms-balanced t=1 c=1000 rps=25 run=5: 146/1000000 ok=146 err=0
saturation/d1-per-tenant/lms-balanced t=1 c=1000 rps=25 run=5: 196/1000000 ok=196 err=0
saturation/d1-per-tenant/lms-balanced t=1 c=1000 rps=25 run=5: 248/1000000 ok=248 err=0
saturation/d1-per-tenant/lms-balanced t=1 c=1000 rps=25 run=5: 297/1000000 ok=297 err=0
saturation/d1-per-tenant/lms-balanced t=1 c=1000 rps=25 run=5: 349/1000000 ok=349 err=0
saturation/d1-per-tenant/lms-balanced t=1 c=1000 rps=25 run=5: 399/1000000 ok=399 err=0
saturation/d1-per-tenant/lms-balanced t=1 c=1000 rps=25 run=5: 451/1000000 ok=451 err=0
saturation/d1-per-tenant/lms-balanced t=1 c=1000 rps=25 run=5: 501/1000000 ok=501 err=0
saturation/d1-per-tenant/lms-balanced t=1 c=1000 rps=25 run=5: 551/1000000 ok=551 err=0
saturation/d1-per-tenant/lms-balanced t=1 c=1000 rps=25 run=5: 602/1000000 ok=602 err=0
saturation/d1-per-tenant/lms-balanced t=1 c=1000 rps=25 run=5: 652/1000000 ok=652 err=0
saturation/d1-per-tenant/lms-balanced t=1 c=1000 rps=25 run=5: 703/1000000 ok=703 err=0
saturation/d1-per-tenant/lms-balanced t=1 c=1000 rps=25 run=5: 750/1000000 ok=750 err=0
saturation/turso-per-tenant/lms-balanced t=1 c=1000 rps=50 run=5: 83/1000000 ok=83 err=0
saturation/turso-per-tenant/lms-balanced t=1 c=1000 rps=50 run=5: 187/1000000 ok=187 err=0
saturation/turso-per-tenant/lms-balanced t=1 c=1000 rps=50 run=5: 287/1000000 ok=287 err=0
saturation/turso-per-tenant/lms-balanced t=1 c=1000 rps=50 run=5: 388/1000000 ok=388 err=0
saturation/turso-per-tenant/lms-balanced t=1 c=1000 rps=50 run=5: 487/1000000 ok=487 err=0
saturation/turso-per-tenant/lms-balanced t=1 c=1000 rps=50 run=5: 588/1000000 ok=588 err=0
saturation/turso-per-tenant/lms-balanced t=1 c=1000 rps=50 run=5: 691/1000000 ok=691 err=0
saturation/turso-per-tenant/lms-balanced t=1 c=1000 rps=50 run=5: 792/1000000 ok=792 err=0
saturation/turso-per-tenant/lms-balanced t=1 c=1000 rps=50 run=5: 893/1000000 ok=893 err=0
saturation/turso-per-tenant/lms-balanced t=1 c=1000 rps=50 run=5: 994/1000000 ok=994 err=0
saturation/turso-per-tenant/lms-balanced t=1 c=1000 rps=50 run=5: 1096/1000000 ok=1096 err=0
saturation/turso-per-tenant/lms-balanced t=1 c=1000 rps=50 run=5: 1197/1000000 ok=1197 err=0
saturation/turso-per-tenant/lms-balanced t=1 c=1000 rps=50 run=5: 1295/1000000 ok=1295 err=0
saturation/turso-per-tenant/lms-balanced t=1 c=1000 rps=50 run=5: 1396/1000000 ok=1396 err=0
saturation/turso-per-tenant/lms-balanced t=1 c=1000 rps=50 run=5: 1496/1000000 ok=1496 err=0
saturation/turso-per-tenant/lms-balanced t=1 c=1000 rps=50 run=5: 1500/1000000 ok=1500 err=0
saturation/tursodb-per-tenant/lms-balanced t=1 c=1000 rps=50 run=5: 86/1000000 ok=84 err=2
saturation/tursodb-per-tenant/lms-balanced t=1 c=1000 rps=50 run=5: 185/1000000 ok=182 err=3
saturation/tursodb-per-tenant/lms-balanced t=1 c=1000 rps=50 run=5: 286/1000000 ok=283 err=3
saturation/tursodb-per-tenant/lms-balanced t=1 c=1000 rps=50 run=5: 387/1000000 ok=384 err=3
saturation/tursodb-per-tenant/lms-balanced t=1 c=1000 rps=50 run=5: 489/1000000 ok=485 err=4
saturation/tursodb-per-tenant/lms-balanced t=1 c=1000 rps=50 run=5: 594/1000000 ok=588 err=6
saturation/tursodb-per-tenant/lms-balanced t=1 c=1000 rps=50 run=5: 691/1000000 ok=684 err=7
saturation/tursodb-per-tenant/lms-balanced t=1 c=1000 rps=50 run=5: 794/1000000 ok=787 err=7
saturation/tursodb-per-tenant/lms-balanced t=1 c=1000 rps=50 run=5: 895/1000000 ok=886 err=9
saturation/tursodb-per-tenant/lms-balanced t=1 c=1000 rps=50 run=5: 996/1000000 ok=987 err=9
saturation/tursodb-per-tenant/lms-balanced t=1 c=1000 rps=50 run=5: 1096/1000000 ok=1086 err=10
saturation/tursodb-per-tenant/lms-balanced t=1 c=1000 rps=50 run=5: 1196/1000000 ok=1185 err=11
saturation/tursodb-per-tenant/lms-balanced t=1 c=1000 rps=50 run=5: 1283/1000000 ok=1272 err=11
saturation/tursodb-per-tenant/lms-balanced t=1 c=1000 rps=50 run=5: 1398/1000000 ok=1384 err=14
saturation/tursodb-per-tenant/lms-balanced t=1 c=1000 rps=50 run=5: 1499/1000000 ok=1485 err=14
saturation/tursodb-per-tenant/lms-balanced t=1 c=1000 rps=50 run=5: 1500/1000000 ok=1486 err=14
saturation/d1-per-tenant/lms-balanced t=1 c=1000 rps=50 run=5: 82/1000000 ok=82 err=0
saturation/d1-per-tenant/lms-balanced t=1 c=1000 rps=50 run=5: 182/1000000 ok=182 err=0
saturation/d1-per-tenant/lms-balanced t=1 c=1000 rps=50 run=5: 282/1000000 ok=282 err=0
saturation/d1-per-tenant/lms-balanced t=1 c=1000 rps=50 run=5: 387/1000000 ok=387 err=0
saturation/d1-per-tenant/lms-balanced t=1 c=1000 rps=50 run=5: 488/1000000 ok=488 err=0
saturation/d1-per-tenant/lms-balanced t=1 c=1000 rps=50 run=5: 591/1000000 ok=591 err=0
saturation/d1-per-tenant/lms-balanced t=1 c=1000 rps=50 run=5: 693/1000000 ok=693 err=0
saturation/d1-per-tenant/lms-balanced t=1 c=1000 rps=50 run=5: 786/1000000 ok=786 err=0
saturation/d1-per-tenant/lms-balanced t=1 c=1000 rps=50 run=5: 896/1000000 ok=896 err=0
saturation/d1-per-tenant/lms-balanced t=1 c=1000 rps=50 run=5: 997/1000000 ok=997 err=0
saturation/d1-per-tenant/lms-balanced t=1 c=1000 rps=50 run=5: 1099/1000000 ok=1099 err=0
saturation/d1-per-tenant/lms-balanced t=1 c=1000 rps=50 run=5: 1198/1000000 ok=1198 err=0
saturation/d1-per-tenant/lms-balanced t=1 c=1000 rps=50 run=5: 1299/1000000 ok=1299 err=0
saturation/d1-per-tenant/lms-balanced t=1 c=1000 rps=50 run=5: 1402/1000000 ok=1402 err=0
saturation/d1-per-tenant/lms-balanced t=1 c=1000 rps=50 run=5: 1500/1000000 ok=1500 err=0
saturation/turso-per-tenant/lms-balanced t=1 c=1000 rps=100 run=5: 167/1000000 ok=167 err=0
saturation/turso-per-tenant/lms-balanced t=1 c=1000 rps=100 run=5: 375/1000000 ok=375 err=0
saturation/turso-per-tenant/lms-balanced t=1 c=1000 rps=100 run=5: 571/1000000 ok=571 err=0
saturation/turso-per-tenant/lms-balanced t=1 c=1000 rps=100 run=5: 773/1000000 ok=773 err=0
saturation/turso-per-tenant/lms-balanced t=1 c=1000 rps=100 run=5: 975/1000000 ok=975 err=0
saturation/turso-per-tenant/lms-balanced t=1 c=1000 rps=100 run=5: 1176/1000000 ok=1176 err=0
saturation/turso-per-tenant/lms-balanced t=1 c=1000 rps=100 run=5: 1378/1000000 ok=1378 err=0
saturation/turso-per-tenant/lms-balanced t=1 c=1000 rps=100 run=5: 1579/1000000 ok=1579 err=0
saturation/turso-per-tenant/lms-balanced t=1 c=1000 rps=100 run=5: 1777/1000000 ok=1777 err=0
saturation/turso-per-tenant/lms-balanced t=1 c=1000 rps=100 run=5: 1979/1000000 ok=1979 err=0
saturation/turso-per-tenant/lms-balanced t=1 c=1000 rps=100 run=5: 2172/1000000 ok=2172 err=0
saturation/turso-per-tenant/lms-balanced t=1 c=1000 rps=100 run=5: 2389/1000000 ok=2389 err=0
saturation/turso-per-tenant/lms-balanced t=1 c=1000 rps=100 run=5: 2592/1000000 ok=2592 err=0
saturation/turso-per-tenant/lms-balanced t=1 c=1000 rps=100 run=5: 2785/1000000 ok=2785 err=0
saturation/turso-per-tenant/lms-balanced t=1 c=1000 rps=100 run=5: 2978/1000000 ok=2978 err=0
saturation/turso-per-tenant/lms-balanced t=1 c=1000 rps=100 run=5: 3000/1000000 ok=3000 err=0
saturation/tursodb-per-tenant/lms-balanced t=1 c=1000 rps=100 run=5: 168/1000000 ok=165 err=3
saturation/tursodb-per-tenant/lms-balanced t=1 c=1000 rps=100 run=5: 371/1000000 ok=368 err=3
saturation/tursodb-per-tenant/lms-balanced t=1 c=1000 rps=100 run=5: 574/1000000 ok=568 err=6
saturation/tursodb-per-tenant/lms-balanced t=1 c=1000 rps=100 run=5: 768/1000000 ok=761 err=7
saturation/tursodb-per-tenant/lms-balanced t=1 c=1000 rps=100 run=5: 976/1000000 ok=967 err=9
saturation/tursodb-per-tenant/lms-balanced t=1 c=1000 rps=100 run=5: 1172/1000000 ok=1161 err=11
saturation/tursodb-per-tenant/lms-balanced t=1 c=1000 rps=100 run=5: 1381/1000000 ok=1367 err=14
saturation/tursodb-per-tenant/lms-balanced t=1 c=1000 rps=100 run=5: 1575/1000000 ok=1559 err=16
saturation/tursodb-per-tenant/lms-balanced t=1 c=1000 rps=100 run=5: 1785/1000000 ok=1767 err=18
saturation/tursodb-per-tenant/lms-balanced t=1 c=1000 rps=100 run=5: 1984/1000000 ok=1965 err=19
saturation/tursodb-per-tenant/lms-balanced t=1 c=1000 rps=100 run=5: 2186/1000000 ok=2163 err=23
saturation/tursodb-per-tenant/lms-balanced t=1 c=1000 rps=100 run=5: 2381/1000000 ok=2355 err=26
saturation/tursodb-per-tenant/lms-balanced t=1 c=1000 rps=100 run=5: 2586/1000000 ok=2557 err=29
saturation/tursodb-per-tenant/lms-balanced t=1 c=1000 rps=100 run=5: 2776/1000000 ok=2745 err=31
saturation/tursodb-per-tenant/lms-balanced t=1 c=1000 rps=100 run=5: 2988/1000000 ok=2954 err=34
saturation/tursodb-per-tenant/lms-balanced t=1 c=1000 rps=100 run=5: 3000/1000000 ok=2966 err=34
saturation/d1-per-tenant/lms-balanced t=1 c=1000 rps=100 run=5: 144/1000000 ok=144 err=0
saturation/d1-per-tenant/lms-balanced t=1 c=1000 rps=100 run=5: 345/1000000 ok=345 err=0
saturation/d1-per-tenant/lms-balanced t=1 c=1000 rps=100 run=5: 541/1000000 ok=541 err=0
saturation/d1-per-tenant/lms-balanced t=1 c=1000 rps=100 run=5: 762/1000000 ok=762 err=0
saturation/d1-per-tenant/lms-balanced t=1 c=1000 rps=100 run=5: 967/1000000 ok=967 err=0
saturation/d1-per-tenant/lms-balanced t=1 c=1000 rps=100 run=5: 1166/1000000 ok=1166 err=0
saturation/d1-per-tenant/lms-balanced t=1 c=1000 rps=100 run=5: 1383/1000000 ok=1383 err=0
saturation/d1-per-tenant/lms-balanced t=1 c=1000 rps=100 run=5: 1565/1000000 ok=1565 err=0
saturation/d1-per-tenant/lms-balanced t=1 c=1000 rps=100 run=5: 1760/1000000 ok=1760 err=0
saturation/d1-per-tenant/lms-balanced t=1 c=1000 rps=100 run=5: 1967/1000000 ok=1967 err=0
saturation/d1-per-tenant/lms-balanced t=1 c=1000 rps=100 run=5: 2180/1000000 ok=2180 err=0
saturation/d1-per-tenant/lms-balanced t=1 c=1000 rps=100 run=5: 2350/1000000 ok=2350 err=0
saturation/d1-per-tenant/lms-balanced t=1 c=1000 rps=100 run=5: 2584/1000000 ok=2584 err=0
saturation/d1-per-tenant/lms-balanced t=1 c=1000 rps=100 run=5: 2762/1000000 ok=2762 err=0
saturation/d1-per-tenant/lms-balanced t=1 c=1000 rps=100 run=5: 2988/1000000 ok=2988 err=0
saturation/d1-per-tenant/lms-balanced t=1 c=1000 rps=100 run=5: 3000/1000000 ok=3000 err=0
saturation/turso-per-tenant/lms-balanced t=1 c=1000 rps=200 run=5: 316/1000000 ok=316 err=0
saturation/turso-per-tenant/lms-balanced t=1 c=1000 rps=200 run=5: 741/1000000 ok=741 err=0
saturation/turso-per-tenant/lms-balanced t=1 c=1000 rps=200 run=5: 1128/1000000 ok=1128 err=0
saturation/turso-per-tenant/lms-balanced t=1 c=1000 rps=200 run=5: 1537/1000000 ok=1537 err=0
saturation/turso-per-tenant/lms-balanced t=1 c=1000 rps=200 run=5: 1918/1000000 ok=1918 err=0
saturation/turso-per-tenant/lms-balanced t=1 c=1000 rps=200 run=5: 2347/1000000 ok=2347 err=0
saturation/turso-per-tenant/lms-balanced t=1 c=1000 rps=200 run=5: 2749/1000000 ok=2749 err=0
saturation/turso-per-tenant/lms-balanced t=1 c=1000 rps=200 run=5: 3158/1000000 ok=3158 err=0
saturation/turso-per-tenant/lms-balanced t=1 c=1000 rps=200 run=5: 3549/1000000 ok=3549 err=0
saturation/turso-per-tenant/lms-balanced t=1 c=1000 rps=200 run=5: 3955/1000000 ok=3955 err=0
saturation/turso-per-tenant/lms-balanced t=1 c=1000 rps=200 run=5: 4343/1000000 ok=4343 err=0
saturation/turso-per-tenant/lms-balanced t=1 c=1000 rps=200 run=5: 4748/1000000 ok=4748 err=0
saturation/turso-per-tenant/lms-balanced t=1 c=1000 rps=200 run=5: 5153/1000000 ok=5153 err=0
saturation/turso-per-tenant/lms-balanced t=1 c=1000 rps=200 run=5: 5564/1000000 ok=5564 err=0
saturation/turso-per-tenant/lms-balanced t=1 c=1000 rps=200 run=5: 5972/1000000 ok=5972 err=0
saturation/turso-per-tenant/lms-balanced t=1 c=1000 rps=200 run=5: 6000/1000000 ok=6000 err=0
saturation/tursodb-per-tenant/lms-balanced t=1 c=1000 rps=200 run=5: 257/1000000 ok=255 err=2
saturation/tursodb-per-tenant/lms-balanced t=1 c=1000 rps=200 run=5: 584/1000000 ok=581 err=3
saturation/tursodb-per-tenant/lms-balanced t=1 c=1000 rps=200 run=5: 923/1000000 ok=918 err=5
saturation/tursodb-per-tenant/lms-balanced t=1 c=1000 rps=200 run=5: 1265/1000000 ok=1254 err=11
saturation/tursodb-per-tenant/lms-balanced t=1 c=1000 rps=200 run=5: 1570/1000000 ok=1508 err=62
saturation/tursodb-per-tenant/lms-balanced t=1 c=1000 rps=200 run=5: 1905/1000000 ok=1783 err=122
saturation/tursodb-per-tenant/lms-balanced t=1 c=1000 rps=200 run=5: 2172/1000000 ok=1990 err=182
saturation/tursodb-per-tenant/lms-balanced t=1 c=1000 rps=200 run=5: 2534/1000000 ok=2289 err=245
saturation/tursodb-per-tenant/lms-balanced t=1 c=1000 rps=200 run=5: 2940/1000000 ok=2629 err=311
saturation/tursodb-per-tenant/lms-balanced t=1 c=1000 rps=200 run=5: 3256/1000000 ok=2877 err=379
saturation/tursodb-per-tenant/lms-balanced t=1 c=1000 rps=200 run=5: 3643/1000000 ok=3198 err=445
saturation/tursodb-per-tenant/lms-balanced t=1 c=1000 rps=200 run=5: 4056/1000000 ok=3537 err=519
saturation/tursodb-per-tenant/lms-balanced t=1 c=1000 rps=200 run=5: 4445/1000000 ok=3847 err=598
saturation/tursodb-per-tenant/lms-balanced t=1 c=1000 rps=200 run=5: 4857/1000000 ok=4169 err=688
saturation/tursodb-per-tenant/lms-balanced t=1 c=1000 rps=200 run=5: 5196/1000000 ok=4426 err=770
saturation/tursodb-per-tenant/lms-balanced t=1 c=1000 rps=200 run=5: 5720/1000000 ok=4875 err=845
saturation/tursodb-per-tenant/lms-balanced t=1 c=1000 rps=200 run=5: 5976/1000000 ok=5064 err=912
saturation/tursodb-per-tenant/lms-balanced t=1 c=1000 rps=200 run=5: 6000/1000000 ok=5064 err=936
saturation/d1-per-tenant/lms-balanced t=1 c=1000 rps=200 run=5: 117/1000000 ok=117 err=0
saturation/d1-per-tenant/lms-balanced t=1 c=1000 rps=200 run=5: 365/1000000 ok=365 err=0
saturation/d1-per-tenant/lms-balanced t=1 c=1000 rps=200 run=5: 617/1000000 ok=617 err=0
saturation/d1-per-tenant/lms-balanced t=1 c=1000 rps=200 run=5: 794/1000000 ok=794 err=0
saturation/d1-per-tenant/lms-balanced t=1 c=1000 rps=200 run=5: 1129/1000000 ok=920 err=209
saturation/d1-per-tenant/lms-balanced t=1 c=1000 rps=200 run=5: 1519/1000000 ok=937 err=582
saturation/d1-per-tenant/lms-balanced t=1 c=1000 rps=200 run=5: 1919/1000000 ok=937 err=982
saturation/d1-per-tenant/lms-balanced t=1 c=1000 rps=200 run=5: 2320/1000000 ok=937 err=1383
saturation/d1-per-tenant/lms-balanced t=1 c=1000 rps=200 run=5: 2719/1000000 ok=937 err=1782
saturation/d1-per-tenant/lms-balanced t=1 c=1000 rps=200 run=5: 3120/1000000 ok=937 err=2183
saturation/d1-per-tenant/lms-balanced t=1 c=1000 rps=200 run=5: 3517/1000000 ok=937 err=2580
saturation/d1-per-tenant/lms-balanced t=1 c=1000 rps=200 run=5: 3916/1000000 ok=937 err=2979
saturation/d1-per-tenant/lms-balanced t=1 c=1000 rps=200 run=5: 4315/1000000 ok=937 err=3378
saturation/d1-per-tenant/lms-balanced t=1 c=1000 rps=200 run=5: 4713/1000000 ok=937 err=3776
saturation/d1-per-tenant/lms-balanced t=1 c=1000 rps=200 run=5: 5114/1000000 ok=937 err=4177
saturation/d1-per-tenant/lms-balanced t=1 c=1000 rps=200 run=5: 5514/1000000 ok=937 err=4577
saturation/d1-per-tenant/lms-balanced t=1 c=1000 rps=200 run=5: 5914/1000000 ok=937 err=4977
saturation/d1-per-tenant/lms-balanced t=1 c=1000 rps=200 run=5: 5989/1000000 ok=937 err=5052
saturation/turso-per-tenant/lms-balanced t=1 c=1000 rps=500 run=5: 493/1000000 ok=493 err=0
saturation/turso-per-tenant/lms-balanced t=1 c=1000 rps=500 run=5: 1085/1000000 ok=1085 err=0
saturation/turso-per-tenant/lms-balanced t=1 c=1000 rps=500 run=5: 1696/1000000 ok=1695 err=1
saturation/turso-per-tenant/lms-balanced t=1 c=1000 rps=500 run=5: 2185/1000000 ok=2132 err=53
saturation/turso-per-tenant/lms-balanced t=1 c=1000 rps=500 run=5: 2799/1000000 ok=2604 err=195
saturation/turso-per-tenant/lms-balanced t=1 c=1000 rps=500 run=5: 3362/1000000 ok=3082 err=280
saturation/turso-per-tenant/lms-balanced t=1 c=1000 rps=500 run=5: 3782/1000000 ok=3416 err=366
saturation/turso-per-tenant/lms-balanced t=1 c=1000 rps=500 run=5: 4331/1000000 ok=3793 err=538
saturation/turso-per-tenant/lms-balanced t=1 c=1000 rps=500 run=5: 4891/1000000 ok=4267 err=624
saturation/turso-per-tenant/lms-balanced t=1 c=1000 rps=500 run=5: 5396/1000000 ok=4694 err=702
saturation/turso-per-tenant/lms-balanced t=1 c=1000 rps=500 run=5: 5886/1000000 ok=5061 err=825
saturation/turso-per-tenant/lms-balanced t=1 c=1000 rps=500 run=5: 6453/1000000 ok=5507 err=946
saturation/turso-per-tenant/lms-balanced t=1 c=1000 rps=500 run=5: 7070/1000000 ok=6034 err=1036
saturation/turso-per-tenant/lms-balanced t=1 c=1000 rps=500 run=5: 7628/1000000 ok=6509 err=1119
saturation/turso-per-tenant/lms-balanced t=1 c=1000 rps=500 run=5: 8211/1000000 ok=6991 err=1220
saturation/turso-per-tenant/lms-balanced t=1 c=1000 rps=500 run=5: 8750/1000000 ok=7440 err=1310
saturation/turso-per-tenant/lms-balanced t=1 c=1000 rps=500 run=5: 9152/1000000 ok=7745 err=1407
saturation/turso-per-tenant/lms-balanced t=1 c=1000 rps=500 run=5: 9192/1000000 ok=7749 err=1443
saturation/tursodb-per-tenant/lms-balanced t=1 c=1000 rps=500 run=5: 273/1000000 ok=273 err=0
saturation/tursodb-per-tenant/lms-balanced t=1 c=1000 rps=500 run=5: 718/1000000 ok=716 err=2
saturation/tursodb-per-tenant/lms-balanced t=1 c=1000 rps=500 run=5: 1116/1000000 ok=1062 err=54
saturation/tursodb-per-tenant/lms-balanced t=1 c=1000 rps=500 run=5: 1638/1000000 ok=1411 err=227
saturation/tursodb-per-tenant/lms-balanced t=1 c=1000 rps=500 run=5: 2099/1000000 ok=1774 err=325
saturation/tursodb-per-tenant/lms-balanced t=1 c=1000 rps=500 run=5: 2489/1000000 ok=2059 err=430
saturation/tursodb-per-tenant/lms-balanced t=1 c=1000 rps=500 run=5: 2952/1000000 ok=2335 err=617
saturation/tursodb-per-tenant/lms-balanced t=1 c=1000 rps=500 run=5: 3390/1000000 ok=2575 err=815
saturation/tursodb-per-tenant/lms-balanced t=1 c=1000 rps=500 run=5: 3853/1000000 ok=2874 err=979
saturation/tursodb-per-tenant/lms-balanced t=1 c=1000 rps=500 run=5: 4248/1000000 ok=3111 err=1137
saturation/tursodb-per-tenant/lms-balanced t=1 c=1000 rps=500 run=5: 4672/1000000 ok=3312 err=1360
saturation/tursodb-per-tenant/lms-balanced t=1 c=1000 rps=500 run=5: 5078/1000000 ok=3422 err=1656
saturation/tursodb-per-tenant/lms-balanced t=1 c=1000 rps=500 run=5: 5512/1000000 ok=3728 err=1784
saturation/tursodb-per-tenant/lms-balanced t=1 c=1000 rps=500 run=5: 5914/1000000 ok=4007 err=1907
saturation/tursodb-per-tenant/lms-balanced t=1 c=1000 rps=500 run=5: 6430/1000000 ok=4425 err=2005
saturation/tursodb-per-tenant/lms-balanced t=1 c=1000 rps=500 run=5: 6943/1000000 ok=4845 err=2098
saturation/tursodb-per-tenant/lms-balanced t=1 c=1000 rps=500 run=5: 7355/1000000 ok=5183 err=2172
saturation/tursodb-per-tenant/lms-balanced t=1 c=1000 rps=500 run=5: 7388/1000000 ok=5186 err=2202
saturation/d1-per-tenant/lms-balanced t=1 c=1000 rps=500 run=5: 89/1000000 ok=89 err=0
saturation/d1-per-tenant/lms-balanced t=1 c=1000 rps=500 run=5: 330/1000000 ok=330 err=0
saturation/d1-per-tenant/lms-balanced t=1 c=1000 rps=500 run=5: 726/1000000 ok=481 err=245
saturation/d1-per-tenant/lms-balanced t=1 c=1000 rps=500 run=5: 1228/1000000 ok=481 err=747
saturation/d1-per-tenant/lms-balanced t=1 c=1000 rps=500 run=5: 1935/1000000 ok=481 err=1454
saturation/d1-per-tenant/lms-balanced t=1 c=1000 rps=500 run=5: 2299/1000000 ok=495 err=1804
saturation/d1-per-tenant/lms-balanced t=1 c=1000 rps=500 run=5: 2461/1000000 ok=557 err=1904
saturation/d1-per-tenant/lms-balanced t=1 c=1000 rps=500 run=5: 3245/1000000 ok=584 err=2661
saturation/d1-per-tenant/lms-balanced t=1 c=1000 rps=500 run=5: 3349/1000000 ok=584 err=2765
saturation/d1-per-tenant/lms-balanced t=1 c=1000 rps=500 run=5: 3898/1000000 ok=597 err=3301
saturation/d1-per-tenant/lms-balanced t=1 c=1000 rps=500 run=5: 4304/1000000 ok=597 err=3707
saturation/d1-per-tenant/lms-balanced t=1 c=1000 rps=500 run=5: 4505/1000000 ok=597 err=3908
saturation/d1-per-tenant/lms-balanced t=1 c=1000 rps=500 run=5: 5253/1000000 ok=597 err=4656
saturation/d1-per-tenant/lms-balanced t=1 c=1000 rps=500 run=5: 5368/1000000 ok=597 err=4771
saturation/d1-per-tenant/lms-balanced t=1 c=1000 rps=500 run=5: 6030/1000000 ok=611 err=5419
saturation/d1-per-tenant/lms-balanced t=1 c=1000 rps=500 run=5: 6325/1000000 ok=611 err=5714
saturation/d1-per-tenant/lms-balanced t=1 c=1000 rps=500 run=5: 6558/1000000 ok=639 err=5919
saturation/d1-per-tenant/lms-balanced t=1 c=1000 rps=500 run=5: 6637/1000000 ok=646 err=5991
edge/turso-per-tenant/first-request-after-idle run=5 sample=1/1: idle 30000ms
edge/tursodb-per-tenant/first-request-after-idle run=5 sample=1/1: idle 30000ms
edge/d1-per-tenant/first-request-after-idle run=5 sample=1/1: idle 30000ms
edge/turso-per-tenant/first-request-after-idle run=5 sample=1/1: idle 30000ms
edge/tursodb-per-tenant/first-request-after-idle run=5 sample=1/1: idle 30000ms
edge/d1-per-tenant/first-request-after-idle run=5 sample=1/1: idle 30000ms
edge/turso-per-tenant/first-request-after-idle run=5 sample=1/1: idle 30000ms
edge/tursodb-per-tenant/first-request-after-idle run=5 sample=1/1: idle 30000ms
edge/d1-per-tenant/first-request-after-idle run=5 sample=1/1: idle 30000ms
edge/turso-per-tenant/first-request-after-idle run=5 sample=1/1: idle 30000ms
edge/tursodb-per-tenant/first-request-after-idle run=5 sample=1/1: idle 30000ms
edge/d1-per-tenant/first-request-after-idle run=5 sample=1/1: idle 30000ms

Latency
backend	engine	isolation	tenant/db	distribution	load	offeredRps	c	ok/fail	err%	rps	p50	p95	p99	dbP50	poolWaitP50	reuse	warnings
d1-per-tenant	d1	database-per-tenant	1/1	uniform	closed-loop	-	1	1149/0	0	8.094529722479518	115.00792299956083	163.65784800052643	insufficient	58	-	-	INSUFFICIENT_SAMPLES|HIGH_VARIANCE
turso-per-tenant	libsql	database-per-tenant	1/1	uniform	closed-loop	-	1	1067/0	0	7.3354256512009	127.79315799847245	174.8992530000396	insufficient	70	0	1	INSUFFICIENT_SAMPLES|HIGH_VARIANCE
tursodb-per-tenant	tursodb	database-per-tenant	1/1	uniform	closed-loop	-	1	921/0	0	7.08051618930481	133.76603300031275	205.88357399962842	insufficient	72	0	1	INSUFFICIENT_SAMPLES|HIGH_VARIANCE
d1-per-tenant	d1	database-per-tenant	1/1	uniform	closed-loop	-	1	481/0	0	3.439615660711481	302.4887919999892	413.20126999914646	insufficient	227	-	-	INSUFFICIENT_SAMPLES|WORKER_LIFECYCLE_CHANGED|HIGH_VARIANCE
turso-per-tenant	libsql	database-per-tenant	1/1	uniform	closed-loop	-	1	439/0	0	3.0489610431635223	343.9674629997462	497.4925610003993	insufficient	280	0	1	INSUFFICIENT_SAMPLES|HIGH_VARIANCE
tursodb-per-tenant	tursodb	database-per-tenant	1/1	uniform	closed-loop	-	1	436/10	2.242152466367713	2.9647370540029363	341.67708299995866	509.8703060001135	insufficient	283	0	0.9777777777777777	INSUFFICIENT_SAMPLES|HIGH_ERROR_RATE|WORKER_LIFECYCLE_CHANGED|HIGH_VARIANCE
d1-per-tenant	d1	database-per-tenant	1/1	uniform	closed-loop	-	10	5005/0	0	35.121255750763424	300.8581739999354	400.3040280006826	insufficient	232	-	-	INSUFFICIENT_SAMPLES|WORKER_LIFECYCLE_CHANGED|HIGH_VARIANCE
turso-per-tenant	libsql	database-per-tenant	1/1	uniform	closed-loop	-	10	4927/0	0	32.73642773641353	336.1403880007565	413.9817870017141	insufficient	280	0	0.9908443540183113	INSUFFICIENT_SAMPLES|WORKER_LIFECYCLE_CHANGED
tursodb-per-tenant	tursodb	database-per-tenant	1/1	uniform	closed-loop	-	10	4670/59	1.2476210615352084	30.917342810798264	338.99153499957174	435.80047599971294	insufficient	284	0	0.9796791443850268	INSUFFICIENT_SAMPLES|HIGH_ERROR_RATE|WORKER_LIFECYCLE_CHANGED|HIGH_VARIANCE
d1-per-tenant	d1	database-per-tenant	1/1	uniform	closed-loop	-	25	10219/0	0	68.29938242775054	369.7919590007514	548.3515340005979	639.9129939991981	287	-	-	WORKER_LIFECYCLE_CHANGED
turso-per-tenant	libsql	database-per-tenant	1/1	uniform	closed-loop	-	25	10584/0	0	78.9592269612229	347.58420499973	435.77436199970543	593.7607409991324	280	0	0.989983305509182	WORKER_LIFECYCLE_CHANGED|HIGH_VARIANCE
tursodb-per-tenant	tursodb	database-per-tenant	1/1	uniform	closed-loop	-	25	10458/133	1.255783212161269	74.13641529905257	352.8020759988576	461.3719619996846	614.5260550007224	285	0	0.9784719290840017	HIGH_ERROR_RATE|WORKER_LIFECYCLE_CHANGED|HIGH_VARIANCE
d1-per-tenant	d1	database-per-tenant	1/1	uniform	closed-loop	-	50	15445/0	0	102.23829920698786	508.1384119996801	733.9068409996107	885.3674710001796	420	-	-	WORKER_LIFECYCLE_CHANGED
turso-per-tenant	libsql	database-per-tenant	1/1	uniform	closed-loop	-	50	21331/1	0.004687792987061692	142.39057449293148	345.40137999877334	544.6712220013142	867.8490059999749	284	0	0.9891376634892485	WORKER_LIFECYCLE_CHANGED|HIGH_VARIANCE
tursodb-per-tenant	tursodb	database-per-tenant	1/1	uniform	closed-loop	-	50	16402/229	1.376946665864951	106.0241788370067	408.21324700000696	791.8093019999797	1050.0702959999908	328	0	0.974453590689753	HIGH_ERROR_RATE|POOL_SATURATED|WORKER_LIFECYCLE_CHANGED|HIGH_VARIANCE
d1-per-tenant	d1	database-per-tenant	1/1	uniform	closed-loop	-	100	18387/0	0	121.29779461225837	844.6039109993726	1142.334915000014	1466.549130000174	738	-	-	WORKER_LIFECYCLE_CHANGED|HIGH_VARIANCE
turso-per-tenant	libsql	database-per-tenant	1/1	uniform	closed-loop	-	100	37736/0	0	246.40356165334615	370.2578989993781	653.2688649999909	942.9308230000315	302	0	0.987018148099086	POOL_SATURATED|WORKER_LIFECYCLE_CHANGED
tursodb-per-tenant	tursodb	database-per-tenant	1/1	uniform	closed-loop	-	100	18722/273	1.4372203211371413	104.87420001188256	534.2201709998772	2675.622518999502	3320.38851399906	437	74	0.9645922746781116	HIGH_ERROR_RATE|POOL_SATURATED|WORKER_LIFECYCLE_CHANGED|HIGH_VARIANCE
d1-per-tenant	d1	database-per-tenant	1/1	uniform	closed-loop	-	200	20116/0	0	136.5599560948341	1564.9293829994276	2125.379299000022	2534.7256249999627	1463	-	-	WORKER_LIFECYCLE_CHANGED
turso-per-tenant	libsql	database-per-tenant	1/1	uniform	closed-loop	-	200	40549/69	0.16987542468856173	244.27132449569314	459.41265100054443	2433.3601249996573	2852.20120199956	324	0	0.974216836405827	POOL_SATURATED|WORKER_LIFECYCLE_CHANGED|HIGH_VARIANCE
tursodb-per-tenant	tursodb	database-per-tenant	1/1	uniform	closed-loop	-	200	17952/2747	13.271172520411614	102.76153732595496	673.593913000077	2677.1943990001455	4007.000221000053	554	64	0.8552375659905529	HIGH_ERROR_RATE|POOL_SATURATED|WORKER_LIFECYCLE_CHANGED
d1-per-tenant	d1	database-per-tenant	1/1	uniform	closed-loop	-	1	871/0	0	6.621818133526784	142.66389500163496	221.13899500016123	insufficient	82	-	-	INSUFFICIENT_SAMPLES|WORKER_LIFECYCLE_CHANGED|HIGH_VARIANCE
turso-per-tenant	libsql	database-per-tenant	1/1	uniform	closed-loop	-	1	812/0	0	5.8838053830756785	151.02438599988818	255.08409900031984	insufficient	91	0	1	INSUFFICIENT_SAMPLES|WORKER_LIFECYCLE_CHANGED|HIGH_VARIANCE
tursodb-per-tenant	tursodb	database-per-tenant	1/1	uniform	closed-loop	-	1	447/91	16.91449814126394	3.2168248211422745	268.5913360007107	408.8466420006007	insufficient	208	0	0.847457627118644	INSUFFICIENT_SAMPLES|HIGH_ERROR_RATE|WORKER_LIFECYCLE_CHANGED|HIGH_VARIANCE
d1-per-tenant	d1	database-per-tenant	1/1	uniform	closed-loop	-	10	7986/0	0	55.82087750896605	160.98537000012584	234.44751100055873	629.909452999942	97	-	-	WORKER_LIFECYCLE_CHANGED|HIGH_VARIANCE
turso-per-tenant	libsql	database-per-tenant	1/1	uniform	closed-loop	-	10	6080/0	0	42.42636717507947	221.28040999919176	340.09489300008863	insufficient	136	0	0.99296875	WORKER_LIFECYCLE_CHANGED|INSUFFICIENT_SAMPLES|HIGH_VARIANCE
tursodb-per-tenant	tursodb	database-per-tenant	1/1	uniform	closed-loop	-	10	2130/432	16.861826697892273	13.535625307593898	592.9789629988372	914.8965779999271	insufficient	503	0	0.828719723183391	INSUFFICIENT_SAMPLES|HIGH_ERROR_RATE|WORKER_LIFECYCLE_CHANGED
d1-per-tenant	d1	database-per-tenant	1/1	uniform	closed-loop	-	50	31596/1	0.0031648574231730865	224.07254665076283	210.80330000072718	320.48503900133073	433.2969610001892	125	-	-	WORKER_LIFECYCLE_CHANGED|HIGH_VARIANCE
turso-per-tenant	libsql	database-per-tenant	1/1	uniform	closed-loop	-	50	6078/0	0	38.34193316544775	1204.2954080002382	1831.5807509999722	2276.841615000041	1101	0	0.9579399141630901	POOL_SATURATED|WORKER_LIFECYCLE_CHANGED
tursodb-per-tenant	tursodb	database-per-tenant	1/1	uniform	closed-loop	-	50	2117/461	17.88207913110939	12.068983686443971	3310.420642999932	4288.1301069986075	insufficient	3187	0	0.7510729613733905	INSUFFICIENT_SAMPLES|HIGH_ERROR_RATE|POOL_SATURATED|WORKER_LIFECYCLE_CHANGED
d1-per-tenant	d1	database-per-tenant	1/1	uniform	closed-loop	-	100	39450/0	0	254.93751832592156	359.6625330001116	598.5656639998779	712.1070569995791	237	-	-	WORKER_LIFECYCLE_CHANGED
turso-per-tenant	libsql	database-per-tenant	1/1	uniform	closed-loop	-	100	6426/35	0.5417118093174431	40.417432034035826	2255.357917000074	3731.6745189987123	4276.070754999295	2144	284	0.9310344827586207	POOL_SATURATED|WORKER_LIFECYCLE_CHANGED|HIGH_ERROR_RATE|HIGH_VARIANCE
tursodb-per-tenant	tursodb	database-per-tenant	1/1	uniform	closed-loop	-	100	2262/1710	43.051359516616316	13.380834489674339	3758.7739749997854	4883.612719999626	insufficient	3597	192	0.6167557932263814	INSUFFICIENT_SAMPLES|HIGH_ERROR_RATE|POOL_SATURATED|WORKER_LIFECYCLE_CHANGED
d1-per-tenant	d1	database-per-tenant	1/1	uniform	closed-loop	-	1	631/0	0	4.4231597505357785	202.65877499990165	301.8705710005015	insufficient	139	-	-	INSUFFICIENT_SAMPLES|HIGH_VARIANCE
turso-per-tenant	libsql	database-per-tenant	1/1	uniform	closed-loop	-	1	573/0	0	4.139858394174431	225.71814400004223	307.9780329987407	insufficient	160	0	1	INSUFFICIENT_SAMPLES|HIGH_VARIANCE
tursodb-per-tenant	tursodb	database-per-tenant	1/1	uniform	closed-loop	-	1	391/0	0	2.7613456150603324	344.609980000183	481.47793000005186	insufficient	280	0	1	INSUFFICIENT_SAMPLES|WORKER_LIFECYCLE_CHANGED|HIGH_VARIANCE
d1-per-tenant	d1	database-per-tenant	1/1	uniform	closed-loop	-	10	6082/0	0	40.528146250011304	241.1008040010929	295.5419950000942	343.9908180013299	180	-	-	WORKER_LIFECYCLE_CHANGED
turso-per-tenant	libsql	database-per-tenant	1/1	uniform	closed-loop	-	10	5221/0	0	36.01414004072063	255.73021499998868	390.47902899980545	insufficient	187	0	0.9917355371900827	INSUFFICIENT_SAMPLES|WORKER_LIFECYCLE_CHANGED|HIGH_VARIANCE
tursodb-per-tenant	tursodb	database-per-tenant	1/1	uniform	closed-loop	-	10	2437/0	0	15.91615261669563	622.997029999271	744.9917780011892	insufficient	567	0	0.9817813765182186	INSUFFICIENT_SAMPLES|WORKER_LIFECYCLE_CHANGED
d1-per-tenant	d1	database-per-tenant	1/1	uniform	closed-loop	-	50	18471/0	0	121.65164447446355	375.2233160007745	590.3513549994677	875.2182069998235	286	-	-	WORKER_LIFECYCLE_CHANGED|HIGH_VARIANCE
turso-per-tenant	libsql	database-per-tenant	1/1	uniform	closed-loop	-	50	5832/0	0	36.90463672565621	1267.1637340001762	1917.7592939999886	2291.294182999991	1206	0	0.9596042868920033	POOL_SATURATED|WORKER_LIFECYCLE_CHANGED|HIGH_VARIANCE
tursodb-per-tenant	tursodb	database-per-tenant	1/1	uniform	closed-loop	-	50	2458/103	4.0218664584146815	14.325201822997093	3098.1537460000254	4198.247771999799	insufficient	3044	0	0.900990099009901	INSUFFICIENT_SAMPLES|HIGH_ERROR_RATE|POOL_SATURATED|WORKER_LIFECYCLE_CHANGED|HIGH_VARIANCE
d1-per-tenant	d1	database-per-tenant	1/1	uniform	closed-loop	-	100	23927/0	0	160.5157848730032	595.2535539995879	863.5322689991444	948.0577070000581	486	-	-	WORKER_LIFECYCLE_CHANGED|HIGH_VARIANCE
turso-per-tenant	libsql	database-per-tenant	1/1	uniform	closed-loop	-	100	6122/72	1.162415240555376	39.27978673175879	2255.3353030001745	3675.7456790001597	4133.208204001188	2175	361	0.9345425867507886	POOL_SATURATED|WORKER_LIFECYCLE_CHANGED|HIGH_ERROR_RATE|HIGH_VARIANCE
tursodb-per-tenant	tursodb	database-per-tenant	1/1	uniform	closed-loop	-	100	791/2685	77.2439585730725	4.805124848795019	4010.2203790005296	4919.40523699997	insufficient	3725	0	0.40828402366863903	INSUFFICIENT_SAMPLES|HIGH_ERROR_RATE|POOL_SATURATED|WORKER_LIFECYCLE_CHANGED
d1-per-tenant	d1	database-per-tenant	1/1	uniform	closed-loop	-	1	1043/0	0	7.062846240118488	137.86127100000158	168.93892800062895	insufficient	82	-	-	INSUFFICIENT_SAMPLES
turso-per-tenant	libsql	database-per-tenant	1/1	uniform	closed-loop	-	1	908/0	0	6.310078653866015	148.7805580003187	224.47811400145292	insufficient	89	0	1	INSUFFICIENT_SAMPLES|HIGH_VARIANCE
tursodb-per-tenant	tursodb	database-per-tenant	1/1	uniform	closed-loop	-	1	534/0	0	3.812164897696552	265.69089799933136	319.3729649996385	insufficient	208	0	1	INSUFFICIENT_SAMPLES|HIGH_VARIANCE
d1-per-tenant	d1	database-per-tenant	1/1	uniform	closed-loop	-	10	8733/0	0	59.51991393547227	156.0969839990139	225.00222500041127	306.44602899998426	96	-	-	WORKER_LIFECYCLE_CHANGED|HIGH_VARIANCE
turso-per-tenant	libsql	database-per-tenant	1/1	uniform	closed-loop	-	10	6386/0	0	39.995677483047714	204.6339910000097	371.4375099996105	488.05297400057316	142	0	0.9925496688741722	WORKER_LIFECYCLE_CHANGED|HIGH_VARIANCE
tursodb-per-tenant	tursodb	database-per-tenant	1/1	uniform	closed-loop	-	10	1815/0	0	11.703592822050204	808.7954660002142	1218.9929959997535	insufficient	689	0	0.9752747252747253	INSUFFICIENT_SAMPLES|WORKER_LIFECYCLE_CHANGED
d1-per-tenant	d1	database-per-tenant	1/1	uniform	closed-loop	-	50	33699/1	0.002967359050445104	221.11463466993985	196.34439700003713	351.3731659986079	495.75038200058043	120	-	-	WORKER_LIFECYCLE_CHANGED|HIGH_VARIANCE
turso-per-tenant	libsql	database-per-tenant	1/1	uniform	closed-loop	-	50	7416/0	0	47.97959461178421	983.2560229990631	1356.034876999911	1828.7186789996922	926	0	0.9676956209619526	POOL_SATURATED|WORKER_LIFECYCLE_CHANGED
tursodb-per-tenant	tursodb	database-per-tenant	1/1	uniform	closed-loop	-	50	1763/224	11.273276295923502	10.64064778407014	4109.738896999508	4854.831573000178	insufficient	4056	0	0.862533692722372	INSUFFICIENT_SAMPLES|HIGH_ERROR_RATE|POOL_SATURATED|WORKER_LIFECYCLE_CHANGED|HIGH_VARIANCE
d1-per-tenant	d1	database-per-tenant	1/1	uniform	closed-loop	-	100	43245/2	0.004624598238028072	284.3790601982587	327.3988899998367	531.1487080007792	829.6395750008523	220	-	-	WORKER_LIFECYCLE_CHANGED|HIGH_VARIANCE
turso-per-tenant	libsql	database-per-tenant	1/1	uniform	closed-loop	-	100	7614/10	0.13116474291710387	47.68425938131716	1816.6089190000203	3222.631527001038	3945.7791939992458	1755	119	0.9462585034013605	POOL_SATURATED|WORKER_LIFECYCLE_CHANGED|HIGH_VARIANCE
tursodb-per-tenant	tursodb	database-per-tenant	1/1	uniform	closed-loop	-	100	1325/2244	62.87475483328664	7.551750809794547	4253.908652999438	4917.52324599959	insufficient	4137	0	0.4774774774774775	INSUFFICIENT_SAMPLES|HIGH_ERROR_RATE|POOL_SATURATED|WORKER_LIFECYCLE_CHANGED
d1-per-tenant	d1	database-per-tenant	1/1	uniform	burst	-	50	250/0	0	78.82355814265968	593.6194460000843	617.7850400004536	insufficient	486	-	-	INSUFFICIENT_SAMPLES|WORKER_LIFECYCLE_CHANGED|HIGH_VARIANCE
turso-per-tenant	libsql	database-per-tenant	1/1	uniform	burst	-	50	250/0	0	28.961970616794687	1122.563077000901	1694.1292160004377	insufficient	1025	0	0.98	INSUFFICIENT_SAMPLES|WORKER_LIFECYCLE_CHANGED|POOL_SATURATED|HIGH_VARIANCE
tursodb-per-tenant	tursodb	database-per-tenant	1/1	uniform	burst	-	50	164/86	34.4	7.397900635594463	2724.426432000473	4859.956588000059	insufficient	2658	0	0.21621621621621623	INSUFFICIENT_SAMPLES|HIGH_ERROR_RATE|WORKER_LIFECYCLE_CHANGED|HIGH_VARIANCE
d1-per-tenant	d1	database-per-tenant	1/1	uniform	burst	-	100	500/0	0	103.59397779116215	729.2002849997953	947.7820779997855	insufficient	473	-	-	INSUFFICIENT_SAMPLES|WORKER_LIFECYCLE_CHANGED|HIGH_VARIANCE
turso-per-tenant	libsql	database-per-tenant	1/1	uniform	burst	-	100	499/1	0.2	33.33365808093858	1757.2750310003757	2909.4205399993807	insufficient	1676	0	0.91	INSUFFICIENT_SAMPLES|HIGH_ERROR_RATE|POOL_SATURATED|WORKER_LIFECYCLE_CHANGED|HIGH_VARIANCE
tursodb-per-tenant	tursodb	database-per-tenant	1/1	uniform	burst	-	100	283/217	43.4	11.192664873642283	2241.496035998687	4652.564662000164	insufficient	2080	0	0.5357142857142857	INSUFFICIENT_SAMPLES|HIGH_ERROR_RATE|WORKER_LIFECYCLE_CHANGED|HIGH_VARIANCE
d1-per-tenant	d1	database-per-tenant	1/1	uniform	burst	-	250	1250/0	0	113.81628716509294	2097.408679999411	2115.004379999824	insufficient	1333	-	-	INSUFFICIENT_SAMPLES|WORKER_LIFECYCLE_CHANGED
turso-per-tenant	libsql	database-per-tenant	1/1	uniform	burst	-	250	750/500	40	32.86089621817729	2638.919863000512	4722.816726000048	insufficient	1977	0	0.8640776699029126	INSUFFICIENT_SAMPLES|HIGH_ERROR_RATE|POOL_SATURATED|WORKER_LIFECYCLE_CHANGED|HIGH_VARIANCE
tursodb-per-tenant	tursodb	database-per-tenant	1/1	uniform	burst	-	250	426/824	65.92	17.563896627135055	2664.9278239998966	4761.333515999839	insufficient	2522	0	0.4166666666666667	INSUFFICIENT_SAMPLES|HIGH_ERROR_RATE|WORKER_LIFECYCLE_CHANGED|POOL_SATURATED
d1-per-tenant	d1	database-per-tenant	1/1	uniform	burst	-	500	2486/14	0.5599999999999999	120.18489829335886	2728.2302409987897	4108.950564999133	insufficient	1214	-	-	INSUFFICIENT_SAMPLES|HIGH_ERROR_RATE|WORKER_LIFECYCLE_CHANGED|HIGH_VARIANCE
turso-per-tenant	libsql	database-per-tenant	1/1	uniform	burst	-	500	693/1807	72.28	28.275989005361694	2861.4825020004064	4784.54543499928	insufficient	2125	0	0.48502994011976047	INSUFFICIENT_SAMPLES|HIGH_ERROR_RATE|POOL_SATURATED|WORKER_LIFECYCLE_CHANGED|HIGH_VARIANCE
tursodb-per-tenant	tursodb	database-per-tenant	1/1	uniform	burst	-	500	357/2143	85.72	13.490344236019457	3107.2697880007327	4747.200432999991	insufficient	2143	0	0.1323529411764706	INSUFFICIENT_SAMPLES|HIGH_ERROR_RATE|WORKER_LIFECYCLE_CHANGED
d1-per-tenant	d1	database-per-tenant	10/10	uniform	closed-loop	-	50	43718/0	0	304.37705243642495	140.03170899953693	311.20522700063884	362.50509699992836	60	-	-	WORKER_LIFECYCLE_CHANGED|HIGH_VARIANCE
turso-per-tenant	libsql	database-per-tenant	10/10	uniform	closed-loop	-	50	47519/0	0	333.107695202394	136.92684499919415	204.7774729989469	360.2242580000311	72	0	0.9722034552649358	WORKER_LIFECYCLE_CHANGED|HIGH_VARIANCE
tursodb-per-tenant	tursodb	database-per-tenant	10/10	uniform	closed-loop	-	50	42636/16	0.03751289505767608	294.36053938787927	136.77790399827063	239.172835000325	364.84379200078547	72	0	0.9679562747829814	WORKER_LIFECYCLE_CHANGED|HIGH_VARIANCE
d1-per-tenant	d1	database-per-tenant	30/30	uniform	closed-loop	-	50	49119/0	0	354.4322131267969	129.80257700011134	234.6053500007838	364.17551700025797	60	-	-	WORKER_LIFECYCLE_CHANGED|HIGH_VARIANCE
turso-per-tenant	libsql	database-per-tenant	30/30	uniform	closed-loop	-	50	45381/0	0	316.20784124930714	139.85455499961972	300.29375900002196	484.2620799988508	73	0	0.9453592029365495	WORKER_LIFECYCLE_CHANGED|HIGH_VARIANCE
tursodb-per-tenant	tursodb	database-per-tenant	30/30	uniform	closed-loop	-	50	21210/555	2.5499655410062028	155.70016718308585	140.1907540000975	339.68147400021553	2662.243271999061	73	0	0.9000427167876975	HIGH_ERROR_RATE|WORKER_LIFECYCLE_CHANGED|HIGH_VARIANCE
d1-per-tenant	d1	database-per-tenant	10/10	hotset	closed-loop	-	50	40715/0	0	267.92936308943456	163.2839009994641	308.45754200033844	383.3557679988444	83	-	-	WORKER_LIFECYCLE_CHANGED|HIGH_VARIANCE
turso-per-tenant	libsql	database-per-tenant	10/10	hotset	closed-loop	-	50	45135/0	0	311.17896228407864	139.01136700017378	292.7966200001538	436.31872900016606	72	0	0.9781705785762581	WORKER_LIFECYCLE_CHANGED|HIGH_VARIANCE
tursodb-per-tenant	tursodb	database-per-tenant	10/10	hotset	closed-loop	-	50	48291/0	0	323.74676531214817	137.94265099987388	212.14329600008205	364.07624099962413	72	0	0.9777440566514921	WORKER_LIFECYCLE_CHANGED|HIGH_VARIANCE
d1-per-tenant	d1	database-per-tenant	30/30	hotset	closed-loop	-	50	51335/0	0	364.0405672647982	124.58854299969971	200.4220409989357	341.8858039993793	61	-	-	WORKER_LIFECYCLE_CHANGED|HIGH_VARIANCE
turso-per-tenant	libsql	database-per-tenant	30/30	hotset	closed-loop	-	50	47203/0	0	331.34453343845246	137.11481199972332	240.13860899955034	399.14120600000024	72	0	0.9540331275115163	WORKER_LIFECYCLE_CHANGED|HIGH_VARIANCE
tursodb-per-tenant	tursodb	database-per-tenant	30/30	hotset	closed-loop	-	50	44815/0	0	325.30438381791356	137.30267499992624	212.51718800142407	556.033737000078	72	0	0.9482407972340858	WORKER_LIFECYCLE_CHANGED|HIGH_VARIANCE
d1-per-tenant	d1	database-per-tenant	10/10	zipf	closed-loop	-	50	54141/0	0	353.00630932885923	128.2215439993888	191.39212799817324	309.1404790021479	61	-	-	WORKER_LIFECYCLE_CHANGED
turso-per-tenant	libsql	database-per-tenant	10/10	zipf	closed-loop	-	50	46671/0	0	334.8103064728926	137.87233700044453	227.88471899926662	348.2364829983562	74	0	0.9732603092783505	WORKER_LIFECYCLE_CHANGED|HIGH_VARIANCE
tursodb-per-tenant	tursodb	database-per-tenant	10/10	zipf	closed-loop	-	50	47304/0	0	314.4758450145609	137.6692670006305	287.70993600040674	468.0557949990034	72	0	0.9730720751690157	WORKER_LIFECYCLE_CHANGED
d1-per-tenant	d1	database-per-tenant	30/30	zipf	closed-loop	-	50	53025/0	0	359.194036645593	125.52281299978495	211.72036699950695	312.4205189999193	61	-	-	WORKER_LIFECYCLE_CHANGED|HIGH_VARIANCE
turso-per-tenant	libsql	database-per-tenant	30/30	zipf	closed-loop	-	50	43602/0	0	315.5887085021513	138.22185799852014	213.04970999993384	587.273022999987	72	0	0.9431640421316091	WORKER_LIFECYCLE_CHANGED|HIGH_VARIANCE
tursodb-per-tenant	tursodb	database-per-tenant	30/30	zipf	closed-loop	-	50	46702/0	0	312.62825813498955	135.40787499956787	234.94683099910617	432.8691319990903	72	0	0.9469279661016949	WORKER_LIFECYCLE_CHANGED|HIGH_VARIANCE
d1-per-tenant	d1	database-per-tenant	1/1	uniform	arrival-rate	10	1000	1500/0	0	9.912281552518516	295.00372599996626	397.16335699893534	insufficient	228	-	-	INSUFFICIENT_SAMPLES|OFFERED_LOAD_NOT_ACHIEVED|WORKER_LIFECYCLE_CHANGED
turso-per-tenant	libsql	database-per-tenant	1/1	uniform	arrival-rate	10	1000	1500/0	0	9.901220899410092	349.8761260025203	441.8278449997306	insufficient	284	0	0.9733333333333334	INSUFFICIENT_SAMPLES|OFFERED_LOAD_NOT_ACHIEVED|WORKER_LIFECYCLE_CHANGED|HIGH_VARIANCE
tursodb-per-tenant	tursodb	database-per-tenant	1/1	uniform	arrival-rate	10	1000	1484/16	1.0666666666666667	9.809640063232315	351.2495440002531	442.24014100059867	insufficient	283	0	0.9666666666666667	INSUFFICIENT_SAMPLES|HIGH_ERROR_RATE|OFFERED_LOAD_NOT_ACHIEVED|WORKER_LIFECYCLE_CHANGED|HIGH_VARIANCE
d1-per-tenant	d1	database-per-tenant	1/1	uniform	arrival-rate	25	1000	3750/0	0	24.788020297563097	296.3187029995024	395.064163999632	insufficient	228	-	-	INSUFFICIENT_SAMPLES|OFFERED_LOAD_NOT_ACHIEVED|WORKER_LIFECYCLE_CHANGED
turso-per-tenant	libsql	database-per-tenant	1/1	uniform	arrival-rate	25	1000	3750/0	0	24.701545020741296	351.72289599850774	450.88958899863064	insufficient	282	0	0.98	INSUFFICIENT_SAMPLES|OFFERED_LOAD_NOT_ACHIEVED|WORKER_LIFECYCLE_CHANGED|HIGH_VARIANCE
tursodb-per-tenant	tursodb	database-per-tenant	1/1	uniform	arrival-rate	25	1000	3712/38	1.0133333333333332	24.43845079594052	345.76112300157547	482.2164270002395	insufficient	288	0	0.9746666666666667	INSUFFICIENT_SAMPLES|HIGH_ERROR_RATE|OFFERED_LOAD_NOT_ACHIEVED|WORKER_LIFECYCLE_CHANGED|HIGH_VARIANCE
d1-per-tenant	d1	database-per-tenant	1/1	uniform	arrival-rate	50	1000	7500/0	0	49.53464622774141	343.22298999875784	503.4489830005914	614.4001890011132	250	-	-	OFFERED_LOAD_NOT_ACHIEVED|WORKER_LIFECYCLE_CHANGED|HIGH_VARIANCE
turso-per-tenant	libsql	database-per-tenant	1/1	uniform	arrival-rate	50	1000	7500/0	0	49.48425613993777	344.5146430004388	434.5143860001117	533.8012769995257	281	0	0.9826666666666667	OFFERED_LOAD_NOT_ACHIEVED|WORKER_LIFECYCLE_CHANGED|HIGH_VARIANCE
tursodb-per-tenant	tursodb	database-per-tenant	1/1	uniform	arrival-rate	50	1000	7423/77	1.0266666666666666	48.97099583699744	356.08648800104856	501.01505699940026	854.5041290000081	285	0	0.9666666666666667	HIGH_ERROR_RATE|OFFERED_LOAD_NOT_ACHIEVED|WORKER_LIFECYCLE_CHANGED|HIGH_VARIANCE
d1-per-tenant	d1	database-per-tenant	1/1	uniform	arrival-rate	100	1000	14998/2	0.013333333333333334	98.67447241079681	470.84478100016713	989.2923480011523	1301.6675649993122	398	-	-	OFFERED_LOAD_NOT_ACHIEVED|WORKER_LIFECYCLE_CHANGED|HIGH_VARIANCE
turso-per-tenant	libsql	database-per-tenant	1/1	uniform	arrival-rate	100	1000	15000/0	0	98.75920614283925	335.6281030001119	469.73785699903965	637.1913370005786	283	0	0.9826666666666667	OFFERED_LOAD_NOT_ACHIEVED|WORKER_LIFECYCLE_CHANGED|HIGH_VARIANCE
tursodb-per-tenant	tursodb	database-per-tenant	1/1	uniform	arrival-rate	100	1000	14817/183	1.22	97.21647126273328	356.6152990013361	490.2105119973421	649.3887399993837	292	0	0.9693333333333334	HIGH_ERROR_RATE|OFFERED_LOAD_NOT_ACHIEVED|WORKER_LIFECYCLE_CHANGED|HIGH_VARIANCE
d1-per-tenant	d1	database-per-tenant	1/1	uniform	arrival-rate	200	1000	7667/22286	74.40323172970987	39.20538107857145	3149.78945199959	4806.174907999113	insufficient	1673	-	-	HIGH_ERROR_RATE|OFFERED_LOAD_NOT_ACHIEVED|WORKER_LIFECYCLE_CHANGED|INSUFFICIENT_SAMPLES|HIGH_VARIANCE
turso-per-tenant	libsql	database-per-tenant	1/1	uniform	arrival-rate	200	1000	30000/0	0	197.43601437623093	350.24244000017643	493.513803999871	643.6701270006597	284	0	0.9746666666666667	OFFERED_LOAD_NOT_ACHIEVED|POOL_SATURATED|WORKER_LIFECYCLE_CHANGED|HIGH_VARIANCE
tursodb-per-tenant	tursodb	database-per-tenant	1/1	uniform	arrival-rate	200	1000	25137/4863	16.21	144.78841101369295	3037.0606749989092	4384.138372998685	4823.784155000001	661	86	0.8469729836324197	HIGH_ERROR_RATE|OFFERED_LOAD_NOT_ACHIEVED|POOL_SATURATED|WORKER_LIFECYCLE_CHANGED
d1-per-tenant	d1	database-per-tenant	1/1	uniform	arrival-rate	500	1000	4711/29395	86.18718114114819	21.172854518415075	3298.464920000173	4894.308025998995	insufficient	1700	-	-	HIGH_ERROR_RATE|OFFERED_LOAD_NOT_ACHIEVED|WORKER_LIFECYCLE_CHANGED|INSUFFICIENT_SAMPLES|HIGH_VARIANCE
turso-per-tenant	libsql	database-per-tenant	1/1	uniform	arrival-rate	500	1000	37791/8616	18.566164587238994	236.8232766309169	3002.5192760005593	4108.956028999761	4785.446387000382	315	0	0.9457280385078219	HIGH_ERROR_RATE|OFFERED_LOAD_NOT_ACHIEVED|POOL_SATURATED|WORKER_LIFECYCLE_CHANGED|HIGH_VARIANCE
tursodb-per-tenant	tursodb	database-per-tenant	1/1	uniform	arrival-rate	500	1000	23692/12818	35.10818953711312	138.19769139392778	4158.848242999986	4848.969205999747	4972.209114000201	756	0	0.8374256913931248	HIGH_ERROR_RATE|OFFERED_LOAD_NOT_ACHIEVED|POOL_SATURATED|WORKER_LIFECYCLE_CHANGED

Throughput
backend	engine	isolation	tenant/db	distribution	load	offeredRps	c	ok/fail	err%	rps	p50	p95	p99	dbP50	poolWaitP50	reuse	warnings
d1-per-tenant	d1	database-per-tenant	1/1	uniform	closed-loop	-	1	1149/0	0	8.094529722479518	115.00792299956083	163.65784800052643	insufficient	58	-	-	INSUFFICIENT_SAMPLES|HIGH_VARIANCE
turso-per-tenant	libsql	database-per-tenant	1/1	uniform	closed-loop	-	1	1067/0	0	7.3354256512009	127.79315799847245	174.8992530000396	insufficient	70	0	1	INSUFFICIENT_SAMPLES|HIGH_VARIANCE
tursodb-per-tenant	tursodb	database-per-tenant	1/1	uniform	closed-loop	-	1	921/0	0	7.08051618930481	133.76603300031275	205.88357399962842	insufficient	72	0	1	INSUFFICIENT_SAMPLES|HIGH_VARIANCE
d1-per-tenant	d1	database-per-tenant	1/1	uniform	closed-loop	-	1	481/0	0	3.439615660711481	302.4887919999892	413.20126999914646	insufficient	227	-	-	INSUFFICIENT_SAMPLES|WORKER_LIFECYCLE_CHANGED|HIGH_VARIANCE
turso-per-tenant	libsql	database-per-tenant	1/1	uniform	closed-loop	-	1	439/0	0	3.0489610431635223	343.9674629997462	497.4925610003993	insufficient	280	0	1	INSUFFICIENT_SAMPLES|HIGH_VARIANCE
tursodb-per-tenant	tursodb	database-per-tenant	1/1	uniform	closed-loop	-	1	436/10	2.242152466367713	2.9647370540029363	341.67708299995866	509.8703060001135	insufficient	283	0	0.9777777777777777	INSUFFICIENT_SAMPLES|HIGH_ERROR_RATE|WORKER_LIFECYCLE_CHANGED|HIGH_VARIANCE
d1-per-tenant	d1	database-per-tenant	1/1	uniform	closed-loop	-	10	5005/0	0	35.121255750763424	300.8581739999354	400.3040280006826	insufficient	232	-	-	INSUFFICIENT_SAMPLES|WORKER_LIFECYCLE_CHANGED|HIGH_VARIANCE
turso-per-tenant	libsql	database-per-tenant	1/1	uniform	closed-loop	-	10	4927/0	0	32.73642773641353	336.1403880007565	413.9817870017141	insufficient	280	0	0.9908443540183113	INSUFFICIENT_SAMPLES|WORKER_LIFECYCLE_CHANGED
tursodb-per-tenant	tursodb	database-per-tenant	1/1	uniform	closed-loop	-	10	4670/59	1.2476210615352084	30.917342810798264	338.99153499957174	435.80047599971294	insufficient	284	0	0.9796791443850268	INSUFFICIENT_SAMPLES|HIGH_ERROR_RATE|WORKER_LIFECYCLE_CHANGED|HIGH_VARIANCE
d1-per-tenant	d1	database-per-tenant	1/1	uniform	closed-loop	-	25	10219/0	0	68.29938242775054	369.7919590007514	548.3515340005979	639.9129939991981	287	-	-	WORKER_LIFECYCLE_CHANGED
turso-per-tenant	libsql	database-per-tenant	1/1	uniform	closed-loop	-	25	10584/0	0	78.9592269612229	347.58420499973	435.77436199970543	593.7607409991324	280	0	0.989983305509182	WORKER_LIFECYCLE_CHANGED|HIGH_VARIANCE
tursodb-per-tenant	tursodb	database-per-tenant	1/1	uniform	closed-loop	-	25	10458/133	1.255783212161269	74.13641529905257	352.8020759988576	461.3719619996846	614.5260550007224	285	0	0.9784719290840017	HIGH_ERROR_RATE|WORKER_LIFECYCLE_CHANGED|HIGH_VARIANCE
d1-per-tenant	d1	database-per-tenant	1/1	uniform	closed-loop	-	50	15445/0	0	102.23829920698786	508.1384119996801	733.9068409996107	885.3674710001796	420	-	-	WORKER_LIFECYCLE_CHANGED
turso-per-tenant	libsql	database-per-tenant	1/1	uniform	closed-loop	-	50	21331/1	0.004687792987061692	142.39057449293148	345.40137999877334	544.6712220013142	867.8490059999749	284	0	0.9891376634892485	WORKER_LIFECYCLE_CHANGED|HIGH_VARIANCE
tursodb-per-tenant	tursodb	database-per-tenant	1/1	uniform	closed-loop	-	50	16402/229	1.376946665864951	106.0241788370067	408.21324700000696	791.8093019999797	1050.0702959999908	328	0	0.974453590689753	HIGH_ERROR_RATE|POOL_SATURATED|WORKER_LIFECYCLE_CHANGED|HIGH_VARIANCE
d1-per-tenant	d1	database-per-tenant	1/1	uniform	closed-loop	-	100	18387/0	0	121.29779461225837	844.6039109993726	1142.334915000014	1466.549130000174	738	-	-	WORKER_LIFECYCLE_CHANGED|HIGH_VARIANCE
turso-per-tenant	libsql	database-per-tenant	1/1	uniform	closed-loop	-	100	37736/0	0	246.40356165334615	370.2578989993781	653.2688649999909	942.9308230000315	302	0	0.987018148099086	POOL_SATURATED|WORKER_LIFECYCLE_CHANGED
tursodb-per-tenant	tursodb	database-per-tenant	1/1	uniform	closed-loop	-	100	18722/273	1.4372203211371413	104.87420001188256	534.2201709998772	2675.622518999502	3320.38851399906	437	74	0.9645922746781116	HIGH_ERROR_RATE|POOL_SATURATED|WORKER_LIFECYCLE_CHANGED|HIGH_VARIANCE
d1-per-tenant	d1	database-per-tenant	1/1	uniform	closed-loop	-	200	20116/0	0	136.5599560948341	1564.9293829994276	2125.379299000022	2534.7256249999627	1463	-	-	WORKER_LIFECYCLE_CHANGED
turso-per-tenant	libsql	database-per-tenant	1/1	uniform	closed-loop	-	200	40549/69	0.16987542468856173	244.27132449569314	459.41265100054443	2433.3601249996573	2852.20120199956	324	0	0.974216836405827	POOL_SATURATED|WORKER_LIFECYCLE_CHANGED|HIGH_VARIANCE
tursodb-per-tenant	tursodb	database-per-tenant	1/1	uniform	closed-loop	-	200	17952/2747	13.271172520411614	102.76153732595496	673.593913000077	2677.1943990001455	4007.000221000053	554	64	0.8552375659905529	HIGH_ERROR_RATE|POOL_SATURATED|WORKER_LIFECYCLE_CHANGED
d1-per-tenant	d1	database-per-tenant	1/1	uniform	closed-loop	-	1	871/0	0	6.621818133526784	142.66389500163496	221.13899500016123	insufficient	82	-	-	INSUFFICIENT_SAMPLES|WORKER_LIFECYCLE_CHANGED|HIGH_VARIANCE
turso-per-tenant	libsql	database-per-tenant	1/1	uniform	closed-loop	-	1	812/0	0	5.8838053830756785	151.02438599988818	255.08409900031984	insufficient	91	0	1	INSUFFICIENT_SAMPLES|WORKER_LIFECYCLE_CHANGED|HIGH_VARIANCE
tursodb-per-tenant	tursodb	database-per-tenant	1/1	uniform	closed-loop	-	1	447/91	16.91449814126394	3.2168248211422745	268.5913360007107	408.8466420006007	insufficient	208	0	0.847457627118644	INSUFFICIENT_SAMPLES|HIGH_ERROR_RATE|WORKER_LIFECYCLE_CHANGED|HIGH_VARIANCE
d1-per-tenant	d1	database-per-tenant	1/1	uniform	closed-loop	-	10	7986/0	0	55.82087750896605	160.98537000012584	234.44751100055873	629.909452999942	97	-	-	WORKER_LIFECYCLE_CHANGED|HIGH_VARIANCE
turso-per-tenant	libsql	database-per-tenant	1/1	uniform	closed-loop	-	10	6080/0	0	42.42636717507947	221.28040999919176	340.09489300008863	insufficient	136	0	0.99296875	WORKER_LIFECYCLE_CHANGED|INSUFFICIENT_SAMPLES|HIGH_VARIANCE
tursodb-per-tenant	tursodb	database-per-tenant	1/1	uniform	closed-loop	-	10	2130/432	16.861826697892273	13.535625307593898	592.9789629988372	914.8965779999271	insufficient	503	0	0.828719723183391	INSUFFICIENT_SAMPLES|HIGH_ERROR_RATE|WORKER_LIFECYCLE_CHANGED
d1-per-tenant	d1	database-per-tenant	1/1	uniform	closed-loop	-	50	31596/1	0.0031648574231730865	224.07254665076283	210.80330000072718	320.48503900133073	433.2969610001892	125	-	-	WORKER_LIFECYCLE_CHANGED|HIGH_VARIANCE
turso-per-tenant	libsql	database-per-tenant	1/1	uniform	closed-loop	-	50	6078/0	0	38.34193316544775	1204.2954080002382	1831.5807509999722	2276.841615000041	1101	0	0.9579399141630901	POOL_SATURATED|WORKER_LIFECYCLE_CHANGED
tursodb-per-tenant	tursodb	database-per-tenant	1/1	uniform	closed-loop	-	50	2117/461	17.88207913110939	12.068983686443971	3310.420642999932	4288.1301069986075	insufficient	3187	0	0.7510729613733905	INSUFFICIENT_SAMPLES|HIGH_ERROR_RATE|POOL_SATURATED|WORKER_LIFECYCLE_CHANGED
d1-per-tenant	d1	database-per-tenant	1/1	uniform	closed-loop	-	100	39450/0	0	254.93751832592156	359.6625330001116	598.5656639998779	712.1070569995791	237	-	-	WORKER_LIFECYCLE_CHANGED
turso-per-tenant	libsql	database-per-tenant	1/1	uniform	closed-loop	-	100	6426/35	0.5417118093174431	40.417432034035826	2255.357917000074	3731.6745189987123	4276.070754999295	2144	284	0.9310344827586207	POOL_SATURATED|WORKER_LIFECYCLE_CHANGED|HIGH_ERROR_RATE|HIGH_VARIANCE
tursodb-per-tenant	tursodb	database-per-tenant	1/1	uniform	closed-loop	-	100	2262/1710	43.051359516616316	13.380834489674339	3758.7739749997854	4883.612719999626	insufficient	3597	192	0.6167557932263814	INSUFFICIENT_SAMPLES|HIGH_ERROR_RATE|POOL_SATURATED|WORKER_LIFECYCLE_CHANGED
d1-per-tenant	d1	database-per-tenant	1/1	uniform	closed-loop	-	1	631/0	0	4.4231597505357785	202.65877499990165	301.8705710005015	insufficient	139	-	-	INSUFFICIENT_SAMPLES|HIGH_VARIANCE
turso-per-tenant	libsql	database-per-tenant	1/1	uniform	closed-loop	-	1	573/0	0	4.139858394174431	225.71814400004223	307.9780329987407	insufficient	160	0	1	INSUFFICIENT_SAMPLES|HIGH_VARIANCE
tursodb-per-tenant	tursodb	database-per-tenant	1/1	uniform	closed-loop	-	1	391/0	0	2.7613456150603324	344.609980000183	481.47793000005186	insufficient	280	0	1	INSUFFICIENT_SAMPLES|WORKER_LIFECYCLE_CHANGED|HIGH_VARIANCE
d1-per-tenant	d1	database-per-tenant	1/1	uniform	closed-loop	-	10	6082/0	0	40.528146250011304	241.1008040010929	295.5419950000942	343.9908180013299	180	-	-	WORKER_LIFECYCLE_CHANGED
turso-per-tenant	libsql	database-per-tenant	1/1	uniform	closed-loop	-	10	5221/0	0	36.01414004072063	255.73021499998868	390.47902899980545	insufficient	187	0	0.9917355371900827	INSUFFICIENT_SAMPLES|WORKER_LIFECYCLE_CHANGED|HIGH_VARIANCE
tursodb-per-tenant	tursodb	database-per-tenant	1/1	uniform	closed-loop	-	10	2437/0	0	15.91615261669563	622.997029999271	744.9917780011892	insufficient	567	0	0.9817813765182186	INSUFFICIENT_SAMPLES|WORKER_LIFECYCLE_CHANGED
d1-per-tenant	d1	database-per-tenant	1/1	uniform	closed-loop	-	50	18471/0	0	121.65164447446355	375.2233160007745	590.3513549994677	875.2182069998235	286	-	-	WORKER_LIFECYCLE_CHANGED|HIGH_VARIANCE
turso-per-tenant	libsql	database-per-tenant	1/1	uniform	closed-loop	-	50	5832/0	0	36.90463672565621	1267.1637340001762	1917.7592939999886	2291.294182999991	1206	0	0.9596042868920033	POOL_SATURATED|WORKER_LIFECYCLE_CHANGED|HIGH_VARIANCE
tursodb-per-tenant	tursodb	database-per-tenant	1/1	uniform	closed-loop	-	50	2458/103	4.0218664584146815	14.325201822997093	3098.1537460000254	4198.247771999799	insufficient	3044	0	0.900990099009901	INSUFFICIENT_SAMPLES|HIGH_ERROR_RATE|POOL_SATURATED|WORKER_LIFECYCLE_CHANGED|HIGH_VARIANCE
d1-per-tenant	d1	database-per-tenant	1/1	uniform	closed-loop	-	100	23927/0	0	160.5157848730032	595.2535539995879	863.5322689991444	948.0577070000581	486	-	-	WORKER_LIFECYCLE_CHANGED|HIGH_VARIANCE
turso-per-tenant	libsql	database-per-tenant	1/1	uniform	closed-loop	-	100	6122/72	1.162415240555376	39.27978673175879	2255.3353030001745	3675.7456790001597	4133.208204001188	2175	361	0.9345425867507886	POOL_SATURATED|WORKER_LIFECYCLE_CHANGED|HIGH_ERROR_RATE|HIGH_VARIANCE
tursodb-per-tenant	tursodb	database-per-tenant	1/1	uniform	closed-loop	-	100	791/2685	77.2439585730725	4.805124848795019	4010.2203790005296	4919.40523699997	insufficient	3725	0	0.40828402366863903	INSUFFICIENT_SAMPLES|HIGH_ERROR_RATE|POOL_SATURATED|WORKER_LIFECYCLE_CHANGED
d1-per-tenant	d1	database-per-tenant	1/1	uniform	closed-loop	-	1	1043/0	0	7.062846240118488	137.86127100000158	168.93892800062895	insufficient	82	-	-	INSUFFICIENT_SAMPLES
turso-per-tenant	libsql	database-per-tenant	1/1	uniform	closed-loop	-	1	908/0	0	6.310078653866015	148.7805580003187	224.47811400145292	insufficient	89	0	1	INSUFFICIENT_SAMPLES|HIGH_VARIANCE
tursodb-per-tenant	tursodb	database-per-tenant	1/1	uniform	closed-loop	-	1	534/0	0	3.812164897696552	265.69089799933136	319.3729649996385	insufficient	208	0	1	INSUFFICIENT_SAMPLES|HIGH_VARIANCE
d1-per-tenant	d1	database-per-tenant	1/1	uniform	closed-loop	-	10	8733/0	0	59.51991393547227	156.0969839990139	225.00222500041127	306.44602899998426	96	-	-	WORKER_LIFECYCLE_CHANGED|HIGH_VARIANCE
turso-per-tenant	libsql	database-per-tenant	1/1	uniform	closed-loop	-	10	6386/0	0	39.995677483047714	204.6339910000097	371.4375099996105	488.05297400057316	142	0	0.9925496688741722	WORKER_LIFECYCLE_CHANGED|HIGH_VARIANCE
tursodb-per-tenant	tursodb	database-per-tenant	1/1	uniform	closed-loop	-	10	1815/0	0	11.703592822050204	808.7954660002142	1218.9929959997535	insufficient	689	0	0.9752747252747253	INSUFFICIENT_SAMPLES|WORKER_LIFECYCLE_CHANGED
d1-per-tenant	d1	database-per-tenant	1/1	uniform	closed-loop	-	50	33699/1	0.002967359050445104	221.11463466993985	196.34439700003713	351.3731659986079	495.75038200058043	120	-	-	WORKER_LIFECYCLE_CHANGED|HIGH_VARIANCE
turso-per-tenant	libsql	database-per-tenant	1/1	uniform	closed-loop	-	50	7416/0	0	47.97959461178421	983.2560229990631	1356.034876999911	1828.7186789996922	926	0	0.9676956209619526	POOL_SATURATED|WORKER_LIFECYCLE_CHANGED
tursodb-per-tenant	tursodb	database-per-tenant	1/1	uniform	closed-loop	-	50	1763/224	11.273276295923502	10.64064778407014	4109.738896999508	4854.831573000178	insufficient	4056	0	0.862533692722372	INSUFFICIENT_SAMPLES|HIGH_ERROR_RATE|POOL_SATURATED|WORKER_LIFECYCLE_CHANGED|HIGH_VARIANCE
d1-per-tenant	d1	database-per-tenant	1/1	uniform	closed-loop	-	100	43245/2	0.004624598238028072	284.3790601982587	327.3988899998367	531.1487080007792	829.6395750008523	220	-	-	WORKER_LIFECYCLE_CHANGED|HIGH_VARIANCE
turso-per-tenant	libsql	database-per-tenant	1/1	uniform	closed-loop	-	100	7614/10	0.13116474291710387	47.68425938131716	1816.6089190000203	3222.631527001038	3945.7791939992458	1755	119	0.9462585034013605	POOL_SATURATED|WORKER_LIFECYCLE_CHANGED|HIGH_VARIANCE
tursodb-per-tenant	tursodb	database-per-tenant	1/1	uniform	closed-loop	-	100	1325/2244	62.87475483328664	7.551750809794547	4253.908652999438	4917.52324599959	insufficient	4137	0	0.4774774774774775	INSUFFICIENT_SAMPLES|HIGH_ERROR_RATE|POOL_SATURATED|WORKER_LIFECYCLE_CHANGED
d1-per-tenant	d1	database-per-tenant	1/1	uniform	burst	-	50	250/0	0	78.82355814265968	593.6194460000843	617.7850400004536	insufficient	486	-	-	INSUFFICIENT_SAMPLES|WORKER_LIFECYCLE_CHANGED|HIGH_VARIANCE
turso-per-tenant	libsql	database-per-tenant	1/1	uniform	burst	-	50	250/0	0	28.961970616794687	1122.563077000901	1694.1292160004377	insufficient	1025	0	0.98	INSUFFICIENT_SAMPLES|WORKER_LIFECYCLE_CHANGED|POOL_SATURATED|HIGH_VARIANCE
tursodb-per-tenant	tursodb	database-per-tenant	1/1	uniform	burst	-	50	164/86	34.4	7.397900635594463	2724.426432000473	4859.956588000059	insufficient	2658	0	0.21621621621621623	INSUFFICIENT_SAMPLES|HIGH_ERROR_RATE|WORKER_LIFECYCLE_CHANGED|HIGH_VARIANCE
d1-per-tenant	d1	database-per-tenant	1/1	uniform	burst	-	100	500/0	0	103.59397779116215	729.2002849997953	947.7820779997855	insufficient	473	-	-	INSUFFICIENT_SAMPLES|WORKER_LIFECYCLE_CHANGED|HIGH_VARIANCE
turso-per-tenant	libsql	database-per-tenant	1/1	uniform	burst	-	100	499/1	0.2	33.33365808093858	1757.2750310003757	2909.4205399993807	insufficient	1676	0	0.91	INSUFFICIENT_SAMPLES|HIGH_ERROR_RATE|POOL_SATURATED|WORKER_LIFECYCLE_CHANGED|HIGH_VARIANCE
tursodb-per-tenant	tursodb	database-per-tenant	1/1	uniform	burst	-	100	283/217	43.4	11.192664873642283	2241.496035998687	4652.564662000164	insufficient	2080	0	0.5357142857142857	INSUFFICIENT_SAMPLES|HIGH_ERROR_RATE|WORKER_LIFECYCLE_CHANGED|HIGH_VARIANCE
d1-per-tenant	d1	database-per-tenant	1/1	uniform	burst	-	250	1250/0	0	113.81628716509294	2097.408679999411	2115.004379999824	insufficient	1333	-	-	INSUFFICIENT_SAMPLES|WORKER_LIFECYCLE_CHANGED
turso-per-tenant	libsql	database-per-tenant	1/1	uniform	burst	-	250	750/500	40	32.86089621817729	2638.919863000512	4722.816726000048	insufficient	1977	0	0.8640776699029126	INSUFFICIENT_SAMPLES|HIGH_ERROR_RATE|POOL_SATURATED|WORKER_LIFECYCLE_CHANGED|HIGH_VARIANCE
tursodb-per-tenant	tursodb	database-per-tenant	1/1	uniform	burst	-	250	426/824	65.92	17.563896627135055	2664.9278239998966	4761.333515999839	insufficient	2522	0	0.4166666666666667	INSUFFICIENT_SAMPLES|HIGH_ERROR_RATE|WORKER_LIFECYCLE_CHANGED|POOL_SATURATED
d1-per-tenant	d1	database-per-tenant	1/1	uniform	burst	-	500	2486/14	0.5599999999999999	120.18489829335886	2728.2302409987897	4108.950564999133	insufficient	1214	-	-	INSUFFICIENT_SAMPLES|HIGH_ERROR_RATE|WORKER_LIFECYCLE_CHANGED|HIGH_VARIANCE
turso-per-tenant	libsql	database-per-tenant	1/1	uniform	burst	-	500	693/1807	72.28	28.275989005361694	2861.4825020004064	4784.54543499928	insufficient	2125	0	0.48502994011976047	INSUFFICIENT_SAMPLES|HIGH_ERROR_RATE|POOL_SATURATED|WORKER_LIFECYCLE_CHANGED|HIGH_VARIANCE
tursodb-per-tenant	tursodb	database-per-tenant	1/1	uniform	burst	-	500	357/2143	85.72	13.490344236019457	3107.2697880007327	4747.200432999991	insufficient	2143	0	0.1323529411764706	INSUFFICIENT_SAMPLES|HIGH_ERROR_RATE|WORKER_LIFECYCLE_CHANGED
d1-per-tenant	d1	database-per-tenant	10/10	uniform	closed-loop	-	50	43718/0	0	304.37705243642495	140.03170899953693	311.20522700063884	362.50509699992836	60	-	-	WORKER_LIFECYCLE_CHANGED|HIGH_VARIANCE
turso-per-tenant	libsql	database-per-tenant	10/10	uniform	closed-loop	-	50	47519/0	0	333.107695202394	136.92684499919415	204.7774729989469	360.2242580000311	72	0	0.9722034552649358	WORKER_LIFECYCLE_CHANGED|HIGH_VARIANCE
tursodb-per-tenant	tursodb	database-per-tenant	10/10	uniform	closed-loop	-	50	42636/16	0.03751289505767608	294.36053938787927	136.77790399827063	239.172835000325	364.84379200078547	72	0	0.9679562747829814	WORKER_LIFECYCLE_CHANGED|HIGH_VARIANCE
d1-per-tenant	d1	database-per-tenant	30/30	uniform	closed-loop	-	50	49119/0	0	354.4322131267969	129.80257700011134	234.6053500007838	364.17551700025797	60	-	-	WORKER_LIFECYCLE_CHANGED|HIGH_VARIANCE
turso-per-tenant	libsql	database-per-tenant	30/30	uniform	closed-loop	-	50	45381/0	0	316.20784124930714	139.85455499961972	300.29375900002196	484.2620799988508	73	0	0.9453592029365495	WORKER_LIFECYCLE_CHANGED|HIGH_VARIANCE
tursodb-per-tenant	tursodb	database-per-tenant	30/30	uniform	closed-loop	-	50	21210/555	2.5499655410062028	155.70016718308585	140.1907540000975	339.68147400021553	2662.243271999061	73	0	0.9000427167876975	HIGH_ERROR_RATE|WORKER_LIFECYCLE_CHANGED|HIGH_VARIANCE
d1-per-tenant	d1	database-per-tenant	10/10	hotset	closed-loop	-	50	40715/0	0	267.92936308943456	163.2839009994641	308.45754200033844	383.3557679988444	83	-	-	WORKER_LIFECYCLE_CHANGED|HIGH_VARIANCE
turso-per-tenant	libsql	database-per-tenant	10/10	hotset	closed-loop	-	50	45135/0	0	311.17896228407864	139.01136700017378	292.7966200001538	436.31872900016606	72	0	0.9781705785762581	WORKER_LIFECYCLE_CHANGED|HIGH_VARIANCE
tursodb-per-tenant	tursodb	database-per-tenant	10/10	hotset	closed-loop	-	50	48291/0	0	323.74676531214817	137.94265099987388	212.14329600008205	364.07624099962413	72	0	0.9777440566514921	WORKER_LIFECYCLE_CHANGED|HIGH_VARIANCE
d1-per-tenant	d1	database-per-tenant	30/30	hotset	closed-loop	-	50	51335/0	0	364.0405672647982	124.58854299969971	200.4220409989357	341.8858039993793	61	-	-	WORKER_LIFECYCLE_CHANGED|HIGH_VARIANCE
turso-per-tenant	libsql	database-per-tenant	30/30	hotset	closed-loop	-	50	47203/0	0	331.34453343845246	137.11481199972332	240.13860899955034	399.14120600000024	72	0	0.9540331275115163	WORKER_LIFECYCLE_CHANGED|HIGH_VARIANCE
tursodb-per-tenant	tursodb	database-per-tenant	30/30	hotset	closed-loop	-	50	44815/0	0	325.30438381791356	137.30267499992624	212.51718800142407	556.033737000078	72	0	0.9482407972340858	WORKER_LIFECYCLE_CHANGED|HIGH_VARIANCE
d1-per-tenant	d1	database-per-tenant	10/10	zipf	closed-loop	-	50	54141/0	0	353.00630932885923	128.2215439993888	191.39212799817324	309.1404790021479	61	-	-	WORKER_LIFECYCLE_CHANGED
turso-per-tenant	libsql	database-per-tenant	10/10	zipf	closed-loop	-	50	46671/0	0	334.8103064728926	137.87233700044453	227.88471899926662	348.2364829983562	74	0	0.9732603092783505	WORKER_LIFECYCLE_CHANGED|HIGH_VARIANCE
tursodb-per-tenant	tursodb	database-per-tenant	10/10	zipf	closed-loop	-	50	47304/0	0	314.4758450145609	137.6692670006305	287.70993600040674	468.0557949990034	72	0	0.9730720751690157	WORKER_LIFECYCLE_CHANGED
d1-per-tenant	d1	database-per-tenant	30/30	zipf	closed-loop	-	50	53025/0	0	359.194036645593	125.52281299978495	211.72036699950695	312.4205189999193	61	-	-	WORKER_LIFECYCLE_CHANGED|HIGH_VARIANCE
turso-per-tenant	libsql	database-per-tenant	30/30	zipf	closed-loop	-	50	43602/0	0	315.5887085021513	138.22185799852014	213.04970999993384	587.273022999987	72	0	0.9431640421316091	WORKER_LIFECYCLE_CHANGED|HIGH_VARIANCE
tursodb-per-tenant	tursodb	database-per-tenant	30/30	zipf	closed-loop	-	50	46702/0	0	312.62825813498955	135.40787499956787	234.94683099910617	432.8691319990903	72	0	0.9469279661016949	WORKER_LIFECYCLE_CHANGED|HIGH_VARIANCE
d1-per-tenant	d1	database-per-tenant	1/1	uniform	arrival-rate	10	1000	1500/0	0	9.912281552518516	295.00372599996626	397.16335699893534	insufficient	228	-	-	INSUFFICIENT_SAMPLES|OFFERED_LOAD_NOT_ACHIEVED|WORKER_LIFECYCLE_CHANGED
turso-per-tenant	libsql	database-per-tenant	1/1	uniform	arrival-rate	10	1000	1500/0	0	9.901220899410092	349.8761260025203	441.8278449997306	insufficient	284	0	0.9733333333333334	INSUFFICIENT_SAMPLES|OFFERED_LOAD_NOT_ACHIEVED|WORKER_LIFECYCLE_CHANGED|HIGH_VARIANCE
tursodb-per-tenant	tursodb	database-per-tenant	1/1	uniform	arrival-rate	10	1000	1484/16	1.0666666666666667	9.809640063232315	351.2495440002531	442.24014100059867	insufficient	283	0	0.9666666666666667	INSUFFICIENT_SAMPLES|HIGH_ERROR_RATE|OFFERED_LOAD_NOT_ACHIEVED|WORKER_LIFECYCLE_CHANGED|HIGH_VARIANCE
d1-per-tenant	d1	database-per-tenant	1/1	uniform	arrival-rate	25	1000	3750/0	0	24.788020297563097	296.3187029995024	395.064163999632	insufficient	228	-	-	INSUFFICIENT_SAMPLES|OFFERED_LOAD_NOT_ACHIEVED|WORKER_LIFECYCLE_CHANGED
turso-per-tenant	libsql	database-per-tenant	1/1	uniform	arrival-rate	25	1000	3750/0	0	24.701545020741296	351.72289599850774	450.88958899863064	insufficient	282	0	0.98	INSUFFICIENT_SAMPLES|OFFERED_LOAD_NOT_ACHIEVED|WORKER_LIFECYCLE_CHANGED|HIGH_VARIANCE
tursodb-per-tenant	tursodb	database-per-tenant	1/1	uniform	arrival-rate	25	1000	3712/38	1.0133333333333332	24.43845079594052	345.76112300157547	482.2164270002395	insufficient	288	0	0.9746666666666667	INSUFFICIENT_SAMPLES|HIGH_ERROR_RATE|OFFERED_LOAD_NOT_ACHIEVED|WORKER_LIFECYCLE_CHANGED|HIGH_VARIANCE
d1-per-tenant	d1	database-per-tenant	1/1	uniform	arrival-rate	50	1000	7500/0	0	49.53464622774141	343.22298999875784	503.4489830005914	614.4001890011132	250	-	-	OFFERED_LOAD_NOT_ACHIEVED|WORKER_LIFECYCLE_CHANGED|HIGH_VARIANCE
turso-per-tenant	libsql	database-per-tenant	1/1	uniform	arrival-rate	50	1000	7500/0	0	49.48425613993777	344.5146430004388	434.5143860001117	533.8012769995257	281	0	0.9826666666666667	OFFERED_LOAD_NOT_ACHIEVED|WORKER_LIFECYCLE_CHANGED|HIGH_VARIANCE
tursodb-per-tenant	tursodb	database-per-tenant	1/1	uniform	arrival-rate	50	1000	7423/77	1.0266666666666666	48.97099583699744	356.08648800104856	501.01505699940026	854.5041290000081	285	0	0.9666666666666667	HIGH_ERROR_RATE|OFFERED_LOAD_NOT_ACHIEVED|WORKER_LIFECYCLE_CHANGED|HIGH_VARIANCE
d1-per-tenant	d1	database-per-tenant	1/1	uniform	arrival-rate	100	1000	14998/2	0.013333333333333334	98.67447241079681	470.84478100016713	989.2923480011523	1301.6675649993122	398	-	-	OFFERED_LOAD_NOT_ACHIEVED|WORKER_LIFECYCLE_CHANGED|HIGH_VARIANCE
turso-per-tenant	libsql	database-per-tenant	1/1	uniform	arrival-rate	100	1000	15000/0	0	98.75920614283925	335.6281030001119	469.73785699903965	637.1913370005786	283	0	0.9826666666666667	OFFERED_LOAD_NOT_ACHIEVED|WORKER_LIFECYCLE_CHANGED|HIGH_VARIANCE
tursodb-per-tenant	tursodb	database-per-tenant	1/1	uniform	arrival-rate	100	1000	14817/183	1.22	97.21647126273328	356.6152990013361	490.2105119973421	649.3887399993837	292	0	0.9693333333333334	HIGH_ERROR_RATE|OFFERED_LOAD_NOT_ACHIEVED|WORKER_LIFECYCLE_CHANGED|HIGH_VARIANCE
d1-per-tenant	d1	database-per-tenant	1/1	uniform	arrival-rate	200	1000	7667/22286	74.40323172970987	39.20538107857145	3149.78945199959	4806.174907999113	insufficient	1673	-	-	HIGH_ERROR_RATE|OFFERED_LOAD_NOT_ACHIEVED|WORKER_LIFECYCLE_CHANGED|INSUFFICIENT_SAMPLES|HIGH_VARIANCE
turso-per-tenant	libsql	database-per-tenant	1/1	uniform	arrival-rate	200	1000	30000/0	0	197.43601437623093	350.24244000017643	493.513803999871	643.6701270006597	284	0	0.9746666666666667	OFFERED_LOAD_NOT_ACHIEVED|POOL_SATURATED|WORKER_LIFECYCLE_CHANGED|HIGH_VARIANCE
tursodb-per-tenant	tursodb	database-per-tenant	1/1	uniform	arrival-rate	200	1000	25137/4863	16.21	144.78841101369295	3037.0606749989092	4384.138372998685	4823.784155000001	661	86	0.8469729836324197	HIGH_ERROR_RATE|OFFERED_LOAD_NOT_ACHIEVED|POOL_SATURATED|WORKER_LIFECYCLE_CHANGED
d1-per-tenant	d1	database-per-tenant	1/1	uniform	arrival-rate	500	1000	4711/29395	86.18718114114819	21.172854518415075	3298.464920000173	4894.308025998995	insufficient	1700	-	-	HIGH_ERROR_RATE|OFFERED_LOAD_NOT_ACHIEVED|WORKER_LIFECYCLE_CHANGED|INSUFFICIENT_SAMPLES|HIGH_VARIANCE
turso-per-tenant	libsql	database-per-tenant	1/1	uniform	arrival-rate	500	1000	37791/8616	18.566164587238994	236.8232766309169	3002.5192760005593	4108.956028999761	4785.446387000382	315	0	0.9457280385078219	HIGH_ERROR_RATE|OFFERED_LOAD_NOT_ACHIEVED|POOL_SATURATED|WORKER_LIFECYCLE_CHANGED|HIGH_VARIANCE
tursodb-per-tenant	tursodb	database-per-tenant	1/1	uniform	arrival-rate	500	1000	23692/12818	35.10818953711312	138.19769139392778	4158.848242999986	4848.969205999747	4972.209114000201	756	0	0.8374256913931248	HIGH_ERROR_RATE|OFFERED_LOAD_NOT_ACHIEVED|POOL_SATURATED|WORKER_LIFECYCLE_CHANGED

Reliability
backend	engine	isolation	tenant/db	distribution	load	offeredRps	c	ok/fail	err%	rps	p50	p95	p99	dbP50	poolWaitP50	reuse	warnings
d1-per-tenant	d1	database-per-tenant	1/1	uniform	closed-loop	-	1	1149/0	0	8.094529722479518	115.00792299956083	163.65784800052643	insufficient	58	-	-	INSUFFICIENT_SAMPLES|HIGH_VARIANCE
turso-per-tenant	libsql	database-per-tenant	1/1	uniform	closed-loop	-	1	1067/0	0	7.3354256512009	127.79315799847245	174.8992530000396	insufficient	70	0	1	INSUFFICIENT_SAMPLES|HIGH_VARIANCE
tursodb-per-tenant	tursodb	database-per-tenant	1/1	uniform	closed-loop	-	1	921/0	0	7.08051618930481	133.76603300031275	205.88357399962842	insufficient	72	0	1	INSUFFICIENT_SAMPLES|HIGH_VARIANCE
d1-per-tenant	d1	database-per-tenant	1/1	uniform	closed-loop	-	1	481/0	0	3.439615660711481	302.4887919999892	413.20126999914646	insufficient	227	-	-	INSUFFICIENT_SAMPLES|WORKER_LIFECYCLE_CHANGED|HIGH_VARIANCE
turso-per-tenant	libsql	database-per-tenant	1/1	uniform	closed-loop	-	1	439/0	0	3.0489610431635223	343.9674629997462	497.4925610003993	insufficient	280	0	1	INSUFFICIENT_SAMPLES|HIGH_VARIANCE
tursodb-per-tenant	tursodb	database-per-tenant	1/1	uniform	closed-loop	-	1	436/10	2.242152466367713	2.9647370540029363	341.67708299995866	509.8703060001135	insufficient	283	0	0.9777777777777777	INSUFFICIENT_SAMPLES|HIGH_ERROR_RATE|WORKER_LIFECYCLE_CHANGED|HIGH_VARIANCE
d1-per-tenant	d1	database-per-tenant	1/1	uniform	closed-loop	-	10	5005/0	0	35.121255750763424	300.8581739999354	400.3040280006826	insufficient	232	-	-	INSUFFICIENT_SAMPLES|WORKER_LIFECYCLE_CHANGED|HIGH_VARIANCE
turso-per-tenant	libsql	database-per-tenant	1/1	uniform	closed-loop	-	10	4927/0	0	32.73642773641353	336.1403880007565	413.9817870017141	insufficient	280	0	0.9908443540183113	INSUFFICIENT_SAMPLES|WORKER_LIFECYCLE_CHANGED
tursodb-per-tenant	tursodb	database-per-tenant	1/1	uniform	closed-loop	-	10	4670/59	1.2476210615352084	30.917342810798264	338.99153499957174	435.80047599971294	insufficient	284	0	0.9796791443850268	INSUFFICIENT_SAMPLES|HIGH_ERROR_RATE|WORKER_LIFECYCLE_CHANGED|HIGH_VARIANCE
d1-per-tenant	d1	database-per-tenant	1/1	uniform	closed-loop	-	25	10219/0	0	68.29938242775054	369.7919590007514	548.3515340005979	639.9129939991981	287	-	-	WORKER_LIFECYCLE_CHANGED
turso-per-tenant	libsql	database-per-tenant	1/1	uniform	closed-loop	-	25	10584/0	0	78.9592269612229	347.58420499973	435.77436199970543	593.7607409991324	280	0	0.989983305509182	WORKER_LIFECYCLE_CHANGED|HIGH_VARIANCE
tursodb-per-tenant	tursodb	database-per-tenant	1/1	uniform	closed-loop	-	25	10458/133	1.255783212161269	74.13641529905257	352.8020759988576	461.3719619996846	614.5260550007224	285	0	0.9784719290840017	HIGH_ERROR_RATE|WORKER_LIFECYCLE_CHANGED|HIGH_VARIANCE
d1-per-tenant	d1	database-per-tenant	1/1	uniform	closed-loop	-	50	15445/0	0	102.23829920698786	508.1384119996801	733.9068409996107	885.3674710001796	420	-	-	WORKER_LIFECYCLE_CHANGED
turso-per-tenant	libsql	database-per-tenant	1/1	uniform	closed-loop	-	50	21331/1	0.004687792987061692	142.39057449293148	345.40137999877334	544.6712220013142	867.8490059999749	284	0	0.9891376634892485	WORKER_LIFECYCLE_CHANGED|HIGH_VARIANCE
tursodb-per-tenant	tursodb	database-per-tenant	1/1	uniform	closed-loop	-	50	16402/229	1.376946665864951	106.0241788370067	408.21324700000696	791.8093019999797	1050.0702959999908	328	0	0.974453590689753	HIGH_ERROR_RATE|POOL_SATURATED|WORKER_LIFECYCLE_CHANGED|HIGH_VARIANCE
d1-per-tenant	d1	database-per-tenant	1/1	uniform	closed-loop	-	100	18387/0	0	121.29779461225837	844.6039109993726	1142.334915000014	1466.549130000174	738	-	-	WORKER_LIFECYCLE_CHANGED|HIGH_VARIANCE
turso-per-tenant	libsql	database-per-tenant	1/1	uniform	closed-loop	-	100	37736/0	0	246.40356165334615	370.2578989993781	653.2688649999909	942.9308230000315	302	0	0.987018148099086	POOL_SATURATED|WORKER_LIFECYCLE_CHANGED
tursodb-per-tenant	tursodb	database-per-tenant	1/1	uniform	closed-loop	-	100	18722/273	1.4372203211371413	104.87420001188256	534.2201709998772	2675.622518999502	3320.38851399906	437	74	0.9645922746781116	HIGH_ERROR_RATE|POOL_SATURATED|WORKER_LIFECYCLE_CHANGED|HIGH_VARIANCE
d1-per-tenant	d1	database-per-tenant	1/1	uniform	closed-loop	-	200	20116/0	0	136.5599560948341	1564.9293829994276	2125.379299000022	2534.7256249999627	1463	-	-	WORKER_LIFECYCLE_CHANGED
turso-per-tenant	libsql	database-per-tenant	1/1	uniform	closed-loop	-	200	40549/69	0.16987542468856173	244.27132449569314	459.41265100054443	2433.3601249996573	2852.20120199956	324	0	0.974216836405827	POOL_SATURATED|WORKER_LIFECYCLE_CHANGED|HIGH_VARIANCE
tursodb-per-tenant	tursodb	database-per-tenant	1/1	uniform	closed-loop	-	200	17952/2747	13.271172520411614	102.76153732595496	673.593913000077	2677.1943990001455	4007.000221000053	554	64	0.8552375659905529	HIGH_ERROR_RATE|POOL_SATURATED|WORKER_LIFECYCLE_CHANGED
d1-per-tenant	d1	database-per-tenant	1/1	uniform	closed-loop	-	1	871/0	0	6.621818133526784	142.66389500163496	221.13899500016123	insufficient	82	-	-	INSUFFICIENT_SAMPLES|WORKER_LIFECYCLE_CHANGED|HIGH_VARIANCE
turso-per-tenant	libsql	database-per-tenant	1/1	uniform	closed-loop	-	1	812/0	0	5.8838053830756785	151.02438599988818	255.08409900031984	insufficient	91	0	1	INSUFFICIENT_SAMPLES|WORKER_LIFECYCLE_CHANGED|HIGH_VARIANCE
tursodb-per-tenant	tursodb	database-per-tenant	1/1	uniform	closed-loop	-	1	447/91	16.91449814126394	3.2168248211422745	268.5913360007107	408.8466420006007	insufficient	208	0	0.847457627118644	INSUFFICIENT_SAMPLES|HIGH_ERROR_RATE|WORKER_LIFECYCLE_CHANGED|HIGH_VARIANCE
d1-per-tenant	d1	database-per-tenant	1/1	uniform	closed-loop	-	10	7986/0	0	55.82087750896605	160.98537000012584	234.44751100055873	629.909452999942	97	-	-	WORKER_LIFECYCLE_CHANGED|HIGH_VARIANCE
turso-per-tenant	libsql	database-per-tenant	1/1	uniform	closed-loop	-	10	6080/0	0	42.42636717507947	221.28040999919176	340.09489300008863	insufficient	136	0	0.99296875	WORKER_LIFECYCLE_CHANGED|INSUFFICIENT_SAMPLES|HIGH_VARIANCE
tursodb-per-tenant	tursodb	database-per-tenant	1/1	uniform	closed-loop	-	10	2130/432	16.861826697892273	13.535625307593898	592.9789629988372	914.8965779999271	insufficient	503	0	0.828719723183391	INSUFFICIENT_SAMPLES|HIGH_ERROR_RATE|WORKER_LIFECYCLE_CHANGED
d1-per-tenant	d1	database-per-tenant	1/1	uniform	closed-loop	-	50	31596/1	0.0031648574231730865	224.07254665076283	210.80330000072718	320.48503900133073	433.2969610001892	125	-	-	WORKER_LIFECYCLE_CHANGED|HIGH_VARIANCE
turso-per-tenant	libsql	database-per-tenant	1/1	uniform	closed-loop	-	50	6078/0	0	38.34193316544775	1204.2954080002382	1831.5807509999722	2276.841615000041	1101	0	0.9579399141630901	POOL_SATURATED|WORKER_LIFECYCLE_CHANGED
tursodb-per-tenant	tursodb	database-per-tenant	1/1	uniform	closed-loop	-	50	2117/461	17.88207913110939	12.068983686443971	3310.420642999932	4288.1301069986075	insufficient	3187	0	0.7510729613733905	INSUFFICIENT_SAMPLES|HIGH_ERROR_RATE|POOL_SATURATED|WORKER_LIFECYCLE_CHANGED
d1-per-tenant	d1	database-per-tenant	1/1	uniform	closed-loop	-	100	39450/0	0	254.93751832592156	359.6625330001116	598.5656639998779	712.1070569995791	237	-	-	WORKER_LIFECYCLE_CHANGED
turso-per-tenant	libsql	database-per-tenant	1/1	uniform	closed-loop	-	100	6426/35	0.5417118093174431	40.417432034035826	2255.357917000074	3731.6745189987123	4276.070754999295	2144	284	0.9310344827586207	POOL_SATURATED|WORKER_LIFECYCLE_CHANGED|HIGH_ERROR_RATE|HIGH_VARIANCE
tursodb-per-tenant	tursodb	database-per-tenant	1/1	uniform	closed-loop	-	100	2262/1710	43.051359516616316	13.380834489674339	3758.7739749997854	4883.612719999626	insufficient	3597	192	0.6167557932263814	INSUFFICIENT_SAMPLES|HIGH_ERROR_RATE|POOL_SATURATED|WORKER_LIFECYCLE_CHANGED
d1-per-tenant	d1	database-per-tenant	1/1	uniform	closed-loop	-	1	631/0	0	4.4231597505357785	202.65877499990165	301.8705710005015	insufficient	139	-	-	INSUFFICIENT_SAMPLES|HIGH_VARIANCE
turso-per-tenant	libsql	database-per-tenant	1/1	uniform	closed-loop	-	1	573/0	0	4.139858394174431	225.71814400004223	307.9780329987407	insufficient	160	0	1	INSUFFICIENT_SAMPLES|HIGH_VARIANCE
tursodb-per-tenant	tursodb	database-per-tenant	1/1	uniform	closed-loop	-	1	391/0	0	2.7613456150603324	344.609980000183	481.47793000005186	insufficient	280	0	1	INSUFFICIENT_SAMPLES|WORKER_LIFECYCLE_CHANGED|HIGH_VARIANCE
d1-per-tenant	d1	database-per-tenant	1/1	uniform	closed-loop	-	10	6082/0	0	40.528146250011304	241.1008040010929	295.5419950000942	343.9908180013299	180	-	-	WORKER_LIFECYCLE_CHANGED
turso-per-tenant	libsql	database-per-tenant	1/1	uniform	closed-loop	-	10	5221/0	0	36.01414004072063	255.73021499998868	390.47902899980545	insufficient	187	0	0.9917355371900827	INSUFFICIENT_SAMPLES|WORKER_LIFECYCLE_CHANGED|HIGH_VARIANCE
tursodb-per-tenant	tursodb	database-per-tenant	1/1	uniform	closed-loop	-	10	2437/0	0	15.91615261669563	622.997029999271	744.9917780011892	insufficient	567	0	0.9817813765182186	INSUFFICIENT_SAMPLES|WORKER_LIFECYCLE_CHANGED
d1-per-tenant	d1	database-per-tenant	1/1	uniform	closed-loop	-	50	18471/0	0	121.65164447446355	375.2233160007745	590.3513549994677	875.2182069998235	286	-	-	WORKER_LIFECYCLE_CHANGED|HIGH_VARIANCE
turso-per-tenant	libsql	database-per-tenant	1/1	uniform	closed-loop	-	50	5832/0	0	36.90463672565621	1267.1637340001762	1917.7592939999886	2291.294182999991	1206	0	0.9596042868920033	POOL_SATURATED|WORKER_LIFECYCLE_CHANGED|HIGH_VARIANCE
tursodb-per-tenant	tursodb	database-per-tenant	1/1	uniform	closed-loop	-	50	2458/103	4.0218664584146815	14.325201822997093	3098.1537460000254	4198.247771999799	insufficient	3044	0	0.900990099009901	INSUFFICIENT_SAMPLES|HIGH_ERROR_RATE|POOL_SATURATED|WORKER_LIFECYCLE_CHANGED|HIGH_VARIANCE
d1-per-tenant	d1	database-per-tenant	1/1	uniform	closed-loop	-	100	23927/0	0	160.5157848730032	595.2535539995879	863.5322689991444	948.0577070000581	486	-	-	WORKER_LIFECYCLE_CHANGED|HIGH_VARIANCE
turso-per-tenant	libsql	database-per-tenant	1/1	uniform	closed-loop	-	100	6122/72	1.162415240555376	39.27978673175879	2255.3353030001745	3675.7456790001597	4133.208204001188	2175	361	0.9345425867507886	POOL_SATURATED|WORKER_LIFECYCLE_CHANGED|HIGH_ERROR_RATE|HIGH_VARIANCE
tursodb-per-tenant	tursodb	database-per-tenant	1/1	uniform	closed-loop	-	100	791/2685	77.2439585730725	4.805124848795019	4010.2203790005296	4919.40523699997	insufficient	3725	0	0.40828402366863903	INSUFFICIENT_SAMPLES|HIGH_ERROR_RATE|POOL_SATURATED|WORKER_LIFECYCLE_CHANGED
d1-per-tenant	d1	database-per-tenant	1/1	uniform	closed-loop	-	1	1043/0	0	7.062846240118488	137.86127100000158	168.93892800062895	insufficient	82	-	-	INSUFFICIENT_SAMPLES
turso-per-tenant	libsql	database-per-tenant	1/1	uniform	closed-loop	-	1	908/0	0	6.310078653866015	148.7805580003187	224.47811400145292	insufficient	89	0	1	INSUFFICIENT_SAMPLES|HIGH_VARIANCE
tursodb-per-tenant	tursodb	database-per-tenant	1/1	uniform	closed-loop	-	1	534/0	0	3.812164897696552	265.69089799933136	319.3729649996385	insufficient	208	0	1	INSUFFICIENT_SAMPLES|HIGH_VARIANCE
d1-per-tenant	d1	database-per-tenant	1/1	uniform	closed-loop	-	10	8733/0	0	59.51991393547227	156.0969839990139	225.00222500041127	306.44602899998426	96	-	-	WORKER_LIFECYCLE_CHANGED|HIGH_VARIANCE
turso-per-tenant	libsql	database-per-tenant	1/1	uniform	closed-loop	-	10	6386/0	0	39.995677483047714	204.6339910000097	371.4375099996105	488.05297400057316	142	0	0.9925496688741722	WORKER_LIFECYCLE_CHANGED|HIGH_VARIANCE
tursodb-per-tenant	tursodb	database-per-tenant	1/1	uniform	closed-loop	-	10	1815/0	0	11.703592822050204	808.7954660002142	1218.9929959997535	insufficient	689	0	0.9752747252747253	INSUFFICIENT_SAMPLES|WORKER_LIFECYCLE_CHANGED
d1-per-tenant	d1	database-per-tenant	1/1	uniform	closed-loop	-	50	33699/1	0.002967359050445104	221.11463466993985	196.34439700003713	351.3731659986079	495.75038200058043	120	-	-	WORKER_LIFECYCLE_CHANGED|HIGH_VARIANCE
turso-per-tenant	libsql	database-per-tenant	1/1	uniform	closed-loop	-	50	7416/0	0	47.97959461178421	983.2560229990631	1356.034876999911	1828.7186789996922	926	0	0.9676956209619526	POOL_SATURATED|WORKER_LIFECYCLE_CHANGED
tursodb-per-tenant	tursodb	database-per-tenant	1/1	uniform	closed-loop	-	50	1763/224	11.273276295923502	10.64064778407014	4109.738896999508	4854.831573000178	insufficient	4056	0	0.862533692722372	INSUFFICIENT_SAMPLES|HIGH_ERROR_RATE|POOL_SATURATED|WORKER_LIFECYCLE_CHANGED|HIGH_VARIANCE
d1-per-tenant	d1	database-per-tenant	1/1	uniform	closed-loop	-	100	43245/2	0.004624598238028072	284.3790601982587	327.3988899998367	531.1487080007792	829.6395750008523	220	-	-	WORKER_LIFECYCLE_CHANGED|HIGH_VARIANCE
turso-per-tenant	libsql	database-per-tenant	1/1	uniform	closed-loop	-	100	7614/10	0.13116474291710387	47.68425938131716	1816.6089190000203	3222.631527001038	3945.7791939992458	1755	119	0.9462585034013605	POOL_SATURATED|WORKER_LIFECYCLE_CHANGED|HIGH_VARIANCE
tursodb-per-tenant	tursodb	database-per-tenant	1/1	uniform	closed-loop	-	100	1325/2244	62.87475483328664	7.551750809794547	4253.908652999438	4917.52324599959	insufficient	4137	0	0.4774774774774775	INSUFFICIENT_SAMPLES|HIGH_ERROR_RATE|POOL_SATURATED|WORKER_LIFECYCLE_CHANGED
d1-per-tenant	d1	database-per-tenant	1/1	uniform	burst	-	50	250/0	0	78.82355814265968	593.6194460000843	617.7850400004536	insufficient	486	-	-	INSUFFICIENT_SAMPLES|WORKER_LIFECYCLE_CHANGED|HIGH_VARIANCE
turso-per-tenant	libsql	database-per-tenant	1/1	uniform	burst	-	50	250/0	0	28.961970616794687	1122.563077000901	1694.1292160004377	insufficient	1025	0	0.98	INSUFFICIENT_SAMPLES|WORKER_LIFECYCLE_CHANGED|POOL_SATURATED|HIGH_VARIANCE
tursodb-per-tenant	tursodb	database-per-tenant	1/1	uniform	burst	-	50	164/86	34.4	7.397900635594463	2724.426432000473	4859.956588000059	insufficient	2658	0	0.21621621621621623	INSUFFICIENT_SAMPLES|HIGH_ERROR_RATE|WORKER_LIFECYCLE_CHANGED|HIGH_VARIANCE
d1-per-tenant	d1	database-per-tenant	1/1	uniform	burst	-	100	500/0	0	103.59397779116215	729.2002849997953	947.7820779997855	insufficient	473	-	-	INSUFFICIENT_SAMPLES|WORKER_LIFECYCLE_CHANGED|HIGH_VARIANCE
turso-per-tenant	libsql	database-per-tenant	1/1	uniform	burst	-	100	499/1	0.2	33.33365808093858	1757.2750310003757	2909.4205399993807	insufficient	1676	0	0.91	INSUFFICIENT_SAMPLES|HIGH_ERROR_RATE|POOL_SATURATED|WORKER_LIFECYCLE_CHANGED|HIGH_VARIANCE
tursodb-per-tenant	tursodb	database-per-tenant	1/1	uniform	burst	-	100	283/217	43.4	11.192664873642283	2241.496035998687	4652.564662000164	insufficient	2080	0	0.5357142857142857	INSUFFICIENT_SAMPLES|HIGH_ERROR_RATE|WORKER_LIFECYCLE_CHANGED|HIGH_VARIANCE
d1-per-tenant	d1	database-per-tenant	1/1	uniform	burst	-	250	1250/0	0	113.81628716509294	2097.408679999411	2115.004379999824	insufficient	1333	-	-	INSUFFICIENT_SAMPLES|WORKER_LIFECYCLE_CHANGED
turso-per-tenant	libsql	database-per-tenant	1/1	uniform	burst	-	250	750/500	40	32.86089621817729	2638.919863000512	4722.816726000048	insufficient	1977	0	0.8640776699029126	INSUFFICIENT_SAMPLES|HIGH_ERROR_RATE|POOL_SATURATED|WORKER_LIFECYCLE_CHANGED|HIGH_VARIANCE
tursodb-per-tenant	tursodb	database-per-tenant	1/1	uniform	burst	-	250	426/824	65.92	17.563896627135055	2664.9278239998966	4761.333515999839	insufficient	2522	0	0.4166666666666667	INSUFFICIENT_SAMPLES|HIGH_ERROR_RATE|WORKER_LIFECYCLE_CHANGED|POOL_SATURATED
d1-per-tenant	d1	database-per-tenant	1/1	uniform	burst	-	500	2486/14	0.5599999999999999	120.18489829335886	2728.2302409987897	4108.950564999133	insufficient	1214	-	-	INSUFFICIENT_SAMPLES|HIGH_ERROR_RATE|WORKER_LIFECYCLE_CHANGED|HIGH_VARIANCE
turso-per-tenant	libsql	database-per-tenant	1/1	uniform	burst	-	500	693/1807	72.28	28.275989005361694	2861.4825020004064	4784.54543499928	insufficient	2125	0	0.48502994011976047	INSUFFICIENT_SAMPLES|HIGH_ERROR_RATE|POOL_SATURATED|WORKER_LIFECYCLE_CHANGED|HIGH_VARIANCE
tursodb-per-tenant	tursodb	database-per-tenant	1/1	uniform	burst	-	500	357/2143	85.72	13.490344236019457	3107.2697880007327	4747.200432999991	insufficient	2143	0	0.1323529411764706	INSUFFICIENT_SAMPLES|HIGH_ERROR_RATE|WORKER_LIFECYCLE_CHANGED
d1-per-tenant	d1	database-per-tenant	10/10	uniform	closed-loop	-	50	43718/0	0	304.37705243642495	140.03170899953693	311.20522700063884	362.50509699992836	60	-	-	WORKER_LIFECYCLE_CHANGED|HIGH_VARIANCE
turso-per-tenant	libsql	database-per-tenant	10/10	uniform	closed-loop	-	50	47519/0	0	333.107695202394	136.92684499919415	204.7774729989469	360.2242580000311	72	0	0.9722034552649358	WORKER_LIFECYCLE_CHANGED|HIGH_VARIANCE
tursodb-per-tenant	tursodb	database-per-tenant	10/10	uniform	closed-loop	-	50	42636/16	0.03751289505767608	294.36053938787927	136.77790399827063	239.172835000325	364.84379200078547	72	0	0.9679562747829814	WORKER_LIFECYCLE_CHANGED|HIGH_VARIANCE
d1-per-tenant	d1	database-per-tenant	30/30	uniform	closed-loop	-	50	49119/0	0	354.4322131267969	129.80257700011134	234.6053500007838	364.17551700025797	60	-	-	WORKER_LIFECYCLE_CHANGED|HIGH_VARIANCE
turso-per-tenant	libsql	database-per-tenant	30/30	uniform	closed-loop	-	50	45381/0	0	316.20784124930714	139.85455499961972	300.29375900002196	484.2620799988508	73	0	0.9453592029365495	WORKER_LIFECYCLE_CHANGED|HIGH_VARIANCE
tursodb-per-tenant	tursodb	database-per-tenant	30/30	uniform	closed-loop	-	50	21210/555	2.5499655410062028	155.70016718308585	140.1907540000975	339.68147400021553	2662.243271999061	73	0	0.9000427167876975	HIGH_ERROR_RATE|WORKER_LIFECYCLE_CHANGED|HIGH_VARIANCE
d1-per-tenant	d1	database-per-tenant	10/10	hotset	closed-loop	-	50	40715/0	0	267.92936308943456	163.2839009994641	308.45754200033844	383.3557679988444	83	-	-	WORKER_LIFECYCLE_CHANGED|HIGH_VARIANCE
turso-per-tenant	libsql	database-per-tenant	10/10	hotset	closed-loop	-	50	45135/0	0	311.17896228407864	139.01136700017378	292.7966200001538	436.31872900016606	72	0	0.9781705785762581	WORKER_LIFECYCLE_CHANGED|HIGH_VARIANCE
tursodb-per-tenant	tursodb	database-per-tenant	10/10	hotset	closed-loop	-	50	48291/0	0	323.74676531214817	137.94265099987388	212.14329600008205	364.07624099962413	72	0	0.9777440566514921	WORKER_LIFECYCLE_CHANGED|HIGH_VARIANCE
d1-per-tenant	d1	database-per-tenant	30/30	hotset	closed-loop	-	50	51335/0	0	364.0405672647982	124.58854299969971	200.4220409989357	341.8858039993793	61	-	-	WORKER_LIFECYCLE_CHANGED|HIGH_VARIANCE
turso-per-tenant	libsql	database-per-tenant	30/30	hotset	closed-loop	-	50	47203/0	0	331.34453343845246	137.11481199972332	240.13860899955034	399.14120600000024	72	0	0.9540331275115163	WORKER_LIFECYCLE_CHANGED|HIGH_VARIANCE
tursodb-per-tenant	tursodb	database-per-tenant	30/30	hotset	closed-loop	-	50	44815/0	0	325.30438381791356	137.30267499992624	212.51718800142407	556.033737000078	72	0	0.9482407972340858	WORKER_LIFECYCLE_CHANGED|HIGH_VARIANCE
d1-per-tenant	d1	database-per-tenant	10/10	zipf	closed-loop	-	50	54141/0	0	353.00630932885923	128.2215439993888	191.39212799817324	309.1404790021479	61	-	-	WORKER_LIFECYCLE_CHANGED
turso-per-tenant	libsql	database-per-tenant	10/10	zipf	closed-loop	-	50	46671/0	0	334.8103064728926	137.87233700044453	227.88471899926662	348.2364829983562	74	0	0.9732603092783505	WORKER_LIFECYCLE_CHANGED|HIGH_VARIANCE
tursodb-per-tenant	tursodb	database-per-tenant	10/10	zipf	closed-loop	-	50	47304/0	0	314.4758450145609	137.6692670006305	287.70993600040674	468.0557949990034	72	0	0.9730720751690157	WORKER_LIFECYCLE_CHANGED
d1-per-tenant	d1	database-per-tenant	30/30	zipf	closed-loop	-	50	53025/0	0	359.194036645593	125.52281299978495	211.72036699950695	312.4205189999193	61	-	-	WORKER_LIFECYCLE_CHANGED|HIGH_VARIANCE
turso-per-tenant	libsql	database-per-tenant	30/30	zipf	closed-loop	-	50	43602/0	0	315.5887085021513	138.22185799852014	213.04970999993384	587.273022999987	72	0	0.9431640421316091	WORKER_LIFECYCLE_CHANGED|HIGH_VARIANCE
tursodb-per-tenant	tursodb	database-per-tenant	30/30	zipf	closed-loop	-	50	46702/0	0	312.62825813498955	135.40787499956787	234.94683099910617	432.8691319990903	72	0	0.9469279661016949	WORKER_LIFECYCLE_CHANGED|HIGH_VARIANCE
d1-per-tenant	d1	database-per-tenant	1/1	uniform	arrival-rate	10	1000	1500/0	0	9.912281552518516	295.00372599996626	397.16335699893534	insufficient	228	-	-	INSUFFICIENT_SAMPLES|OFFERED_LOAD_NOT_ACHIEVED|WORKER_LIFECYCLE_CHANGED
turso-per-tenant	libsql	database-per-tenant	1/1	uniform	arrival-rate	10	1000	1500/0	0	9.901220899410092	349.8761260025203	441.8278449997306	insufficient	284	0	0.9733333333333334	INSUFFICIENT_SAMPLES|OFFERED_LOAD_NOT_ACHIEVED|WORKER_LIFECYCLE_CHANGED|HIGH_VARIANCE
tursodb-per-tenant	tursodb	database-per-tenant	1/1	uniform	arrival-rate	10	1000	1484/16	1.0666666666666667	9.809640063232315	351.2495440002531	442.24014100059867	insufficient	283	0	0.9666666666666667	INSUFFICIENT_SAMPLES|HIGH_ERROR_RATE|OFFERED_LOAD_NOT_ACHIEVED|WORKER_LIFECYCLE_CHANGED|HIGH_VARIANCE
d1-per-tenant	d1	database-per-tenant	1/1	uniform	arrival-rate	25	1000	3750/0	0	24.788020297563097	296.3187029995024	395.064163999632	insufficient	228	-	-	INSUFFICIENT_SAMPLES|OFFERED_LOAD_NOT_ACHIEVED|WORKER_LIFECYCLE_CHANGED
turso-per-tenant	libsql	database-per-tenant	1/1	uniform	arrival-rate	25	1000	3750/0	0	24.701545020741296	351.72289599850774	450.88958899863064	insufficient	282	0	0.98	INSUFFICIENT_SAMPLES|OFFERED_LOAD_NOT_ACHIEVED|WORKER_LIFECYCLE_CHANGED|HIGH_VARIANCE
tursodb-per-tenant	tursodb	database-per-tenant	1/1	uniform	arrival-rate	25	1000	3712/38	1.0133333333333332	24.43845079594052	345.76112300157547	482.2164270002395	insufficient	288	0	0.9746666666666667	INSUFFICIENT_SAMPLES|HIGH_ERROR_RATE|OFFERED_LOAD_NOT_ACHIEVED|WORKER_LIFECYCLE_CHANGED|HIGH_VARIANCE
d1-per-tenant	d1	database-per-tenant	1/1	uniform	arrival-rate	50	1000	7500/0	0	49.53464622774141	343.22298999875784	503.4489830005914	614.4001890011132	250	-	-	OFFERED_LOAD_NOT_ACHIEVED|WORKER_LIFECYCLE_CHANGED|HIGH_VARIANCE
turso-per-tenant	libsql	database-per-tenant	1/1	uniform	arrival-rate	50	1000	7500/0	0	49.48425613993777	344.5146430004388	434.5143860001117	533.8012769995257	281	0	0.9826666666666667	OFFERED_LOAD_NOT_ACHIEVED|WORKER_LIFECYCLE_CHANGED|HIGH_VARIANCE
tursodb-per-tenant	tursodb	database-per-tenant	1/1	uniform	arrival-rate	50	1000	7423/77	1.0266666666666666	48.97099583699744	356.08648800104856	501.01505699940026	854.5041290000081	285	0	0.9666666666666667	HIGH_ERROR_RATE|OFFERED_LOAD_NOT_ACHIEVED|WORKER_LIFECYCLE_CHANGED|HIGH_VARIANCE
d1-per-tenant	d1	database-per-tenant	1/1	uniform	arrival-rate	100	1000	14998/2	0.013333333333333334	98.67447241079681	470.84478100016713	989.2923480011523	1301.6675649993122	398	-	-	OFFERED_LOAD_NOT_ACHIEVED|WORKER_LIFECYCLE_CHANGED|HIGH_VARIANCE
turso-per-tenant	libsql	database-per-tenant	1/1	uniform	arrival-rate	100	1000	15000/0	0	98.75920614283925	335.6281030001119	469.73785699903965	637.1913370005786	283	0	0.9826666666666667	OFFERED_LOAD_NOT_ACHIEVED|WORKER_LIFECYCLE_CHANGED|HIGH_VARIANCE
tursodb-per-tenant	tursodb	database-per-tenant	1/1	uniform	arrival-rate	100	1000	14817/183	1.22	97.21647126273328	356.6152990013361	490.2105119973421	649.3887399993837	292	0	0.9693333333333334	HIGH_ERROR_RATE|OFFERED_LOAD_NOT_ACHIEVED|WORKER_LIFECYCLE_CHANGED|HIGH_VARIANCE
d1-per-tenant	d1	database-per-tenant	1/1	uniform	arrival-rate	200	1000	7667/22286	74.40323172970987	39.20538107857145	3149.78945199959	4806.174907999113	insufficient	1673	-	-	HIGH_ERROR_RATE|OFFERED_LOAD_NOT_ACHIEVED|WORKER_LIFECYCLE_CHANGED|INSUFFICIENT_SAMPLES|HIGH_VARIANCE
turso-per-tenant	libsql	database-per-tenant	1/1	uniform	arrival-rate	200	1000	30000/0	0	197.43601437623093	350.24244000017643	493.513803999871	643.6701270006597	284	0	0.9746666666666667	OFFERED_LOAD_NOT_ACHIEVED|POOL_SATURATED|WORKER_LIFECYCLE_CHANGED|HIGH_VARIANCE
tursodb-per-tenant	tursodb	database-per-tenant	1/1	uniform	arrival-rate	200	1000	25137/4863	16.21	144.78841101369295	3037.0606749989092	4384.138372998685	4823.784155000001	661	86	0.8469729836324197	HIGH_ERROR_RATE|OFFERED_LOAD_NOT_ACHIEVED|POOL_SATURATED|WORKER_LIFECYCLE_CHANGED
d1-per-tenant	d1	database-per-tenant	1/1	uniform	arrival-rate	500	1000	4711/29395	86.18718114114819	21.172854518415075	3298.464920000173	4894.308025998995	insufficient	1700	-	-	HIGH_ERROR_RATE|OFFERED_LOAD_NOT_ACHIEVED|WORKER_LIFECYCLE_CHANGED|INSUFFICIENT_SAMPLES|HIGH_VARIANCE
turso-per-tenant	libsql	database-per-tenant	1/1	uniform	arrival-rate	500	1000	37791/8616	18.566164587238994	236.8232766309169	3002.5192760005593	4108.956028999761	4785.446387000382	315	0	0.9457280385078219	HIGH_ERROR_RATE|OFFERED_LOAD_NOT_ACHIEVED|POOL_SATURATED|WORKER_LIFECYCLE_CHANGED|HIGH_VARIANCE
tursodb-per-tenant	tursodb	database-per-tenant	1/1	uniform	arrival-rate	500	1000	23692/12818	35.10818953711312	138.19769139392778	4158.848242999986	4848.969205999747	4972.209114000201	756	0	0.8374256913931248	HIGH_ERROR_RATE|OFFERED_LOAD_NOT_ACHIEVED|POOL_SATURATED|WORKER_LIFECYCLE_CHANGED

Writes
backend	engine	isolation	tenant/db	distribution	load	offeredRps	c	ok/fail	err%	rps	p50	p95	p99	dbP50	poolWaitP50	reuse	warnings
d1-per-tenant	d1	database-per-tenant	1/1	uniform	closed-loop	-	1	871/0	0	6.621818133526784	142.66389500163496	221.13899500016123	insufficient	82	-	-	INSUFFICIENT_SAMPLES|WORKER_LIFECYCLE_CHANGED|HIGH_VARIANCE
turso-per-tenant	libsql	database-per-tenant	1/1	uniform	closed-loop	-	1	812/0	0	5.8838053830756785	151.02438599988818	255.08409900031984	insufficient	91	0	1	INSUFFICIENT_SAMPLES|WORKER_LIFECYCLE_CHANGED|HIGH_VARIANCE
tursodb-per-tenant	tursodb	database-per-tenant	1/1	uniform	closed-loop	-	1	447/91	16.91449814126394	3.2168248211422745	268.5913360007107	408.8466420006007	insufficient	208	0	0.847457627118644	INSUFFICIENT_SAMPLES|HIGH_ERROR_RATE|WORKER_LIFECYCLE_CHANGED|HIGH_VARIANCE
d1-per-tenant	d1	database-per-tenant	1/1	uniform	closed-loop	-	10	7986/0	0	55.82087750896605	160.98537000012584	234.44751100055873	629.909452999942	97	-	-	WORKER_LIFECYCLE_CHANGED|HIGH_VARIANCE
turso-per-tenant	libsql	database-per-tenant	1/1	uniform	closed-loop	-	10	6080/0	0	42.42636717507947	221.28040999919176	340.09489300008863	insufficient	136	0	0.99296875	WORKER_LIFECYCLE_CHANGED|INSUFFICIENT_SAMPLES|HIGH_VARIANCE
tursodb-per-tenant	tursodb	database-per-tenant	1/1	uniform	closed-loop	-	10	2130/432	16.861826697892273	13.535625307593898	592.9789629988372	914.8965779999271	insufficient	503	0	0.828719723183391	INSUFFICIENT_SAMPLES|HIGH_ERROR_RATE|WORKER_LIFECYCLE_CHANGED
d1-per-tenant	d1	database-per-tenant	1/1	uniform	closed-loop	-	50	31596/1	0.0031648574231730865	224.07254665076283	210.80330000072718	320.48503900133073	433.2969610001892	125	-	-	WORKER_LIFECYCLE_CHANGED|HIGH_VARIANCE
turso-per-tenant	libsql	database-per-tenant	1/1	uniform	closed-loop	-	50	6078/0	0	38.34193316544775	1204.2954080002382	1831.5807509999722	2276.841615000041	1101	0	0.9579399141630901	POOL_SATURATED|WORKER_LIFECYCLE_CHANGED
tursodb-per-tenant	tursodb	database-per-tenant	1/1	uniform	closed-loop	-	50	2117/461	17.88207913110939	12.068983686443971	3310.420642999932	4288.1301069986075	insufficient	3187	0	0.7510729613733905	INSUFFICIENT_SAMPLES|HIGH_ERROR_RATE|POOL_SATURATED|WORKER_LIFECYCLE_CHANGED
d1-per-tenant	d1	database-per-tenant	1/1	uniform	closed-loop	-	100	39450/0	0	254.93751832592156	359.6625330001116	598.5656639998779	712.1070569995791	237	-	-	WORKER_LIFECYCLE_CHANGED
turso-per-tenant	libsql	database-per-tenant	1/1	uniform	closed-loop	-	100	6426/35	0.5417118093174431	40.417432034035826	2255.357917000074	3731.6745189987123	4276.070754999295	2144	284	0.9310344827586207	POOL_SATURATED|WORKER_LIFECYCLE_CHANGED|HIGH_ERROR_RATE|HIGH_VARIANCE
tursodb-per-tenant	tursodb	database-per-tenant	1/1	uniform	closed-loop	-	100	2262/1710	43.051359516616316	13.380834489674339	3758.7739749997854	4883.612719999626	insufficient	3597	192	0.6167557932263814	INSUFFICIENT_SAMPLES|HIGH_ERROR_RATE|POOL_SATURATED|WORKER_LIFECYCLE_CHANGED
d1-per-tenant	d1	database-per-tenant	1/1	uniform	closed-loop	-	1	631/0	0	4.4231597505357785	202.65877499990165	301.8705710005015	insufficient	139	-	-	INSUFFICIENT_SAMPLES|HIGH_VARIANCE
turso-per-tenant	libsql	database-per-tenant	1/1	uniform	closed-loop	-	1	573/0	0	4.139858394174431	225.71814400004223	307.9780329987407	insufficient	160	0	1	INSUFFICIENT_SAMPLES|HIGH_VARIANCE
tursodb-per-tenant	tursodb	database-per-tenant	1/1	uniform	closed-loop	-	1	391/0	0	2.7613456150603324	344.609980000183	481.47793000005186	insufficient	280	0	1	INSUFFICIENT_SAMPLES|WORKER_LIFECYCLE_CHANGED|HIGH_VARIANCE
d1-per-tenant	d1	database-per-tenant	1/1	uniform	closed-loop	-	10	6082/0	0	40.528146250011304	241.1008040010929	295.5419950000942	343.9908180013299	180	-	-	WORKER_LIFECYCLE_CHANGED
turso-per-tenant	libsql	database-per-tenant	1/1	uniform	closed-loop	-	10	5221/0	0	36.01414004072063	255.73021499998868	390.47902899980545	insufficient	187	0	0.9917355371900827	INSUFFICIENT_SAMPLES|WORKER_LIFECYCLE_CHANGED|HIGH_VARIANCE
tursodb-per-tenant	tursodb	database-per-tenant	1/1	uniform	closed-loop	-	10	2437/0	0	15.91615261669563	622.997029999271	744.9917780011892	insufficient	567	0	0.9817813765182186	INSUFFICIENT_SAMPLES|WORKER_LIFECYCLE_CHANGED
d1-per-tenant	d1	database-per-tenant	1/1	uniform	closed-loop	-	50	18471/0	0	121.65164447446355	375.2233160007745	590.3513549994677	875.2182069998235	286	-	-	WORKER_LIFECYCLE_CHANGED|HIGH_VARIANCE
turso-per-tenant	libsql	database-per-tenant	1/1	uniform	closed-loop	-	50	5832/0	0	36.90463672565621	1267.1637340001762	1917.7592939999886	2291.294182999991	1206	0	0.9596042868920033	POOL_SATURATED|WORKER_LIFECYCLE_CHANGED|HIGH_VARIANCE
tursodb-per-tenant	tursodb	database-per-tenant	1/1	uniform	closed-loop	-	50	2458/103	4.0218664584146815	14.325201822997093	3098.1537460000254	4198.247771999799	insufficient	3044	0	0.900990099009901	INSUFFICIENT_SAMPLES|HIGH_ERROR_RATE|POOL_SATURATED|WORKER_LIFECYCLE_CHANGED|HIGH_VARIANCE
d1-per-tenant	d1	database-per-tenant	1/1	uniform	closed-loop	-	100	23927/0	0	160.5157848730032	595.2535539995879	863.5322689991444	948.0577070000581	486	-	-	WORKER_LIFECYCLE_CHANGED|HIGH_VARIANCE
turso-per-tenant	libsql	database-per-tenant	1/1	uniform	closed-loop	-	100	6122/72	1.162415240555376	39.27978673175879	2255.3353030001745	3675.7456790001597	4133.208204001188	2175	361	0.9345425867507886	POOL_SATURATED|WORKER_LIFECYCLE_CHANGED|HIGH_ERROR_RATE|HIGH_VARIANCE
tursodb-per-tenant	tursodb	database-per-tenant	1/1	uniform	closed-loop	-	100	791/2685	77.2439585730725	4.805124848795019	4010.2203790005296	4919.40523699997	insufficient	3725	0	0.40828402366863903	INSUFFICIENT_SAMPLES|HIGH_ERROR_RATE|POOL_SATURATED|WORKER_LIFECYCLE_CHANGED
d1-per-tenant	d1	database-per-tenant	1/1	uniform	closed-loop	-	1	1043/0	0	7.062846240118488	137.86127100000158	168.93892800062895	insufficient	82	-	-	INSUFFICIENT_SAMPLES
turso-per-tenant	libsql	database-per-tenant	1/1	uniform	closed-loop	-	1	908/0	0	6.310078653866015	148.7805580003187	224.47811400145292	insufficient	89	0	1	INSUFFICIENT_SAMPLES|HIGH_VARIANCE
tursodb-per-tenant	tursodb	database-per-tenant	1/1	uniform	closed-loop	-	1	534/0	0	3.812164897696552	265.69089799933136	319.3729649996385	insufficient	208	0	1	INSUFFICIENT_SAMPLES|HIGH_VARIANCE
d1-per-tenant	d1	database-per-tenant	1/1	uniform	closed-loop	-	10	8733/0	0	59.51991393547227	156.0969839990139	225.00222500041127	306.44602899998426	96	-	-	WORKER_LIFECYCLE_CHANGED|HIGH_VARIANCE
turso-per-tenant	libsql	database-per-tenant	1/1	uniform	closed-loop	-	10	6386/0	0	39.995677483047714	204.6339910000097	371.4375099996105	488.05297400057316	142	0	0.9925496688741722	WORKER_LIFECYCLE_CHANGED|HIGH_VARIANCE
tursodb-per-tenant	tursodb	database-per-tenant	1/1	uniform	closed-loop	-	10	1815/0	0	11.703592822050204	808.7954660002142	1218.9929959997535	insufficient	689	0	0.9752747252747253	INSUFFICIENT_SAMPLES|WORKER_LIFECYCLE_CHANGED
d1-per-tenant	d1	database-per-tenant	1/1	uniform	closed-loop	-	50	33699/1	0.002967359050445104	221.11463466993985	196.34439700003713	351.3731659986079	495.75038200058043	120	-	-	WORKER_LIFECYCLE_CHANGED|HIGH_VARIANCE
turso-per-tenant	libsql	database-per-tenant	1/1	uniform	closed-loop	-	50	7416/0	0	47.97959461178421	983.2560229990631	1356.034876999911	1828.7186789996922	926	0	0.9676956209619526	POOL_SATURATED|WORKER_LIFECYCLE_CHANGED
tursodb-per-tenant	tursodb	database-per-tenant	1/1	uniform	closed-loop	-	50	1763/224	11.273276295923502	10.64064778407014	4109.738896999508	4854.831573000178	insufficient	4056	0	0.862533692722372	INSUFFICIENT_SAMPLES|HIGH_ERROR_RATE|POOL_SATURATED|WORKER_LIFECYCLE_CHANGED|HIGH_VARIANCE
d1-per-tenant	d1	database-per-tenant	1/1	uniform	closed-loop	-	100	43245/2	0.004624598238028072	284.3790601982587	327.3988899998367	531.1487080007792	829.6395750008523	220	-	-	WORKER_LIFECYCLE_CHANGED|HIGH_VARIANCE
turso-per-tenant	libsql	database-per-tenant	1/1	uniform	closed-loop	-	100	7614/10	0.13116474291710387	47.68425938131716	1816.6089190000203	3222.631527001038	3945.7791939992458	1755	119	0.9462585034013605	POOL_SATURATED|WORKER_LIFECYCLE_CHANGED|HIGH_VARIANCE
tursodb-per-tenant	tursodb	database-per-tenant	1/1	uniform	closed-loop	-	100	1325/2244	62.87475483328664	7.551750809794547	4253.908652999438	4917.52324599959	insufficient	4137	0	0.4774774774774775	INSUFFICIENT_SAMPLES|HIGH_ERROR_RATE|POOL_SATURATED|WORKER_LIFECYCLE_CHANGED
d1-per-tenant	d1	database-per-tenant	1/1	uniform	burst	-	50	250/0	0	78.82355814265968	593.6194460000843	617.7850400004536	insufficient	486	-	-	INSUFFICIENT_SAMPLES|WORKER_LIFECYCLE_CHANGED|HIGH_VARIANCE
turso-per-tenant	libsql	database-per-tenant	1/1	uniform	burst	-	50	250/0	0	28.961970616794687	1122.563077000901	1694.1292160004377	insufficient	1025	0	0.98	INSUFFICIENT_SAMPLES|WORKER_LIFECYCLE_CHANGED|POOL_SATURATED|HIGH_VARIANCE
tursodb-per-tenant	tursodb	database-per-tenant	1/1	uniform	burst	-	50	164/86	34.4	7.397900635594463	2724.426432000473	4859.956588000059	insufficient	2658	0	0.21621621621621623	INSUFFICIENT_SAMPLES|HIGH_ERROR_RATE|WORKER_LIFECYCLE_CHANGED|HIGH_VARIANCE
d1-per-tenant	d1	database-per-tenant	1/1	uniform	burst	-	100	500/0	0	103.59397779116215	729.2002849997953	947.7820779997855	insufficient	473	-	-	INSUFFICIENT_SAMPLES|WORKER_LIFECYCLE_CHANGED|HIGH_VARIANCE
turso-per-tenant	libsql	database-per-tenant	1/1	uniform	burst	-	100	499/1	0.2	33.33365808093858	1757.2750310003757	2909.4205399993807	insufficient	1676	0	0.91	INSUFFICIENT_SAMPLES|HIGH_ERROR_RATE|POOL_SATURATED|WORKER_LIFECYCLE_CHANGED|HIGH_VARIANCE
tursodb-per-tenant	tursodb	database-per-tenant	1/1	uniform	burst	-	100	283/217	43.4	11.192664873642283	2241.496035998687	4652.564662000164	insufficient	2080	0	0.5357142857142857	INSUFFICIENT_SAMPLES|HIGH_ERROR_RATE|WORKER_LIFECYCLE_CHANGED|HIGH_VARIANCE
d1-per-tenant	d1	database-per-tenant	1/1	uniform	burst	-	250	1250/0	0	113.81628716509294	2097.408679999411	2115.004379999824	insufficient	1333	-	-	INSUFFICIENT_SAMPLES|WORKER_LIFECYCLE_CHANGED
turso-per-tenant	libsql	database-per-tenant	1/1	uniform	burst	-	250	750/500	40	32.86089621817729	2638.919863000512	4722.816726000048	insufficient	1977	0	0.8640776699029126	INSUFFICIENT_SAMPLES|HIGH_ERROR_RATE|POOL_SATURATED|WORKER_LIFECYCLE_CHANGED|HIGH_VARIANCE
tursodb-per-tenant	tursodb	database-per-tenant	1/1	uniform	burst	-	250	426/824	65.92	17.563896627135055	2664.9278239998966	4761.333515999839	insufficient	2522	0	0.4166666666666667	INSUFFICIENT_SAMPLES|HIGH_ERROR_RATE|WORKER_LIFECYCLE_CHANGED|POOL_SATURATED
d1-per-tenant	d1	database-per-tenant	1/1	uniform	burst	-	500	2486/14	0.5599999999999999	120.18489829335886	2728.2302409987897	4108.950564999133	insufficient	1214	-	-	INSUFFICIENT_SAMPLES|HIGH_ERROR_RATE|WORKER_LIFECYCLE_CHANGED|HIGH_VARIANCE
turso-per-tenant	libsql	database-per-tenant	1/1	uniform	burst	-	500	693/1807	72.28	28.275989005361694	2861.4825020004064	4784.54543499928	insufficient	2125	0	0.48502994011976047	INSUFFICIENT_SAMPLES|HIGH_ERROR_RATE|POOL_SATURATED|WORKER_LIFECYCLE_CHANGED|HIGH_VARIANCE
tursodb-per-tenant	tursodb	database-per-tenant	1/1	uniform	burst	-	500	357/2143	85.72	13.490344236019457	3107.2697880007327	4747.200432999991	insufficient	2143	0	0.1323529411764706	INSUFFICIENT_SAMPLES|HIGH_ERROR_RATE|WORKER_LIFECYCLE_CHANGED

Tenant switching
backend	engine	isolation	tenant/db	distribution	load	offeredRps	c	ok/fail	err%	rps	p50	p95	p99	dbP50	poolWaitP50	reuse	warnings
d1-per-tenant	d1	database-per-tenant	10/10	uniform	closed-loop	-	50	43718/0	0	304.37705243642495	140.03170899953693	311.20522700063884	362.50509699992836	60	-	-	WORKER_LIFECYCLE_CHANGED|HIGH_VARIANCE
turso-per-tenant	libsql	database-per-tenant	10/10	uniform	closed-loop	-	50	47519/0	0	333.107695202394	136.92684499919415	204.7774729989469	360.2242580000311	72	0	0.9722034552649358	WORKER_LIFECYCLE_CHANGED|HIGH_VARIANCE
tursodb-per-tenant	tursodb	database-per-tenant	10/10	uniform	closed-loop	-	50	42636/16	0.03751289505767608	294.36053938787927	136.77790399827063	239.172835000325	364.84379200078547	72	0	0.9679562747829814	WORKER_LIFECYCLE_CHANGED|HIGH_VARIANCE
d1-per-tenant	d1	database-per-tenant	30/30	uniform	closed-loop	-	50	49119/0	0	354.4322131267969	129.80257700011134	234.6053500007838	364.17551700025797	60	-	-	WORKER_LIFECYCLE_CHANGED|HIGH_VARIANCE
turso-per-tenant	libsql	database-per-tenant	30/30	uniform	closed-loop	-	50	45381/0	0	316.20784124930714	139.85455499961972	300.29375900002196	484.2620799988508	73	0	0.9453592029365495	WORKER_LIFECYCLE_CHANGED|HIGH_VARIANCE
tursodb-per-tenant	tursodb	database-per-tenant	30/30	uniform	closed-loop	-	50	21210/555	2.5499655410062028	155.70016718308585	140.1907540000975	339.68147400021553	2662.243271999061	73	0	0.9000427167876975	HIGH_ERROR_RATE|WORKER_LIFECYCLE_CHANGED|HIGH_VARIANCE
d1-per-tenant	d1	database-per-tenant	10/10	hotset	closed-loop	-	50	40715/0	0	267.92936308943456	163.2839009994641	308.45754200033844	383.3557679988444	83	-	-	WORKER_LIFECYCLE_CHANGED|HIGH_VARIANCE
turso-per-tenant	libsql	database-per-tenant	10/10	hotset	closed-loop	-	50	45135/0	0	311.17896228407864	139.01136700017378	292.7966200001538	436.31872900016606	72	0	0.9781705785762581	WORKER_LIFECYCLE_CHANGED|HIGH_VARIANCE
tursodb-per-tenant	tursodb	database-per-tenant	10/10	hotset	closed-loop	-	50	48291/0	0	323.74676531214817	137.94265099987388	212.14329600008205	364.07624099962413	72	0	0.9777440566514921	WORKER_LIFECYCLE_CHANGED|HIGH_VARIANCE
d1-per-tenant	d1	database-per-tenant	30/30	hotset	closed-loop	-	50	51335/0	0	364.0405672647982	124.58854299969971	200.4220409989357	341.8858039993793	61	-	-	WORKER_LIFECYCLE_CHANGED|HIGH_VARIANCE
turso-per-tenant	libsql	database-per-tenant	30/30	hotset	closed-loop	-	50	47203/0	0	331.34453343845246	137.11481199972332	240.13860899955034	399.14120600000024	72	0	0.9540331275115163	WORKER_LIFECYCLE_CHANGED|HIGH_VARIANCE
tursodb-per-tenant	tursodb	database-per-tenant	30/30	hotset	closed-loop	-	50	44815/0	0	325.30438381791356	137.30267499992624	212.51718800142407	556.033737000078	72	0	0.9482407972340858	WORKER_LIFECYCLE_CHANGED|HIGH_VARIANCE
d1-per-tenant	d1	database-per-tenant	10/10	zipf	closed-loop	-	50	54141/0	0	353.00630932885923	128.2215439993888	191.39212799817324	309.1404790021479	61	-	-	WORKER_LIFECYCLE_CHANGED
turso-per-tenant	libsql	database-per-tenant	10/10	zipf	closed-loop	-	50	46671/0	0	334.8103064728926	137.87233700044453	227.88471899926662	348.2364829983562	74	0	0.9732603092783505	WORKER_LIFECYCLE_CHANGED|HIGH_VARIANCE
tursodb-per-tenant	tursodb	database-per-tenant	10/10	zipf	closed-loop	-	50	47304/0	0	314.4758450145609	137.6692670006305	287.70993600040674	468.0557949990034	72	0	0.9730720751690157	WORKER_LIFECYCLE_CHANGED
d1-per-tenant	d1	database-per-tenant	30/30	zipf	closed-loop	-	50	53025/0	0	359.194036645593	125.52281299978495	211.72036699950695	312.4205189999193	61	-	-	WORKER_LIFECYCLE_CHANGED|HIGH_VARIANCE
turso-per-tenant	libsql	database-per-tenant	30/30	zipf	closed-loop	-	50	43602/0	0	315.5887085021513	138.22185799852014	213.04970999993384	587.273022999987	72	0	0.9431640421316091	WORKER_LIFECYCLE_CHANGED|HIGH_VARIANCE
tursodb-per-tenant	tursodb	database-per-tenant	30/30	zipf	closed-loop	-	50	46702/0	0	312.62825813498955	135.40787499956787	234.94683099910617	432.8691319990903	72	0	0.9469279661016949	WORKER_LIFECYCLE_CHANGED|HIGH_VARIANCE

Pool behavior
backend	engine	isolation	tenant/db	distribution	load	offeredRps	c	ok/fail	err%	rps	p50	p95	p99	dbP50	poolWaitP50	reuse	warnings
d1-per-tenant	d1	database-per-tenant	10/10	uniform	closed-loop	-	50	43718/0	0	304.37705243642495	140.03170899953693	311.20522700063884	362.50509699992836	60	-	-	WORKER_LIFECYCLE_CHANGED|HIGH_VARIANCE
turso-per-tenant	libsql	database-per-tenant	10/10	uniform	closed-loop	-	50	47519/0	0	333.107695202394	136.92684499919415	204.7774729989469	360.2242580000311	72	0	0.9722034552649358	WORKER_LIFECYCLE_CHANGED|HIGH_VARIANCE
tursodb-per-tenant	tursodb	database-per-tenant	10/10	uniform	closed-loop	-	50	42636/16	0.03751289505767608	294.36053938787927	136.77790399827063	239.172835000325	364.84379200078547	72	0	0.9679562747829814	WORKER_LIFECYCLE_CHANGED|HIGH_VARIANCE
d1-per-tenant	d1	database-per-tenant	30/30	uniform	closed-loop	-	50	49119/0	0	354.4322131267969	129.80257700011134	234.6053500007838	364.17551700025797	60	-	-	WORKER_LIFECYCLE_CHANGED|HIGH_VARIANCE
turso-per-tenant	libsql	database-per-tenant	30/30	uniform	closed-loop	-	50	45381/0	0	316.20784124930714	139.85455499961972	300.29375900002196	484.2620799988508	73	0	0.9453592029365495	WORKER_LIFECYCLE_CHANGED|HIGH_VARIANCE
tursodb-per-tenant	tursodb	database-per-tenant	30/30	uniform	closed-loop	-	50	21210/555	2.5499655410062028	155.70016718308585	140.1907540000975	339.68147400021553	2662.243271999061	73	0	0.9000427167876975	HIGH_ERROR_RATE|WORKER_LIFECYCLE_CHANGED|HIGH_VARIANCE
d1-per-tenant	d1	database-per-tenant	10/10	hotset	closed-loop	-	50	40715/0	0	267.92936308943456	163.2839009994641	308.45754200033844	383.3557679988444	83	-	-	WORKER_LIFECYCLE_CHANGED|HIGH_VARIANCE
turso-per-tenant	libsql	database-per-tenant	10/10	hotset	closed-loop	-	50	45135/0	0	311.17896228407864	139.01136700017378	292.7966200001538	436.31872900016606	72	0	0.9781705785762581	WORKER_LIFECYCLE_CHANGED|HIGH_VARIANCE
tursodb-per-tenant	tursodb	database-per-tenant	10/10	hotset	closed-loop	-	50	48291/0	0	323.74676531214817	137.94265099987388	212.14329600008205	364.07624099962413	72	0	0.9777440566514921	WORKER_LIFECYCLE_CHANGED|HIGH_VARIANCE
d1-per-tenant	d1	database-per-tenant	30/30	hotset	closed-loop	-	50	51335/0	0	364.0405672647982	124.58854299969971	200.4220409989357	341.8858039993793	61	-	-	WORKER_LIFECYCLE_CHANGED|HIGH_VARIANCE
turso-per-tenant	libsql	database-per-tenant	30/30	hotset	closed-loop	-	50	47203/0	0	331.34453343845246	137.11481199972332	240.13860899955034	399.14120600000024	72	0	0.9540331275115163	WORKER_LIFECYCLE_CHANGED|HIGH_VARIANCE
tursodb-per-tenant	tursodb	database-per-tenant	30/30	hotset	closed-loop	-	50	44815/0	0	325.30438381791356	137.30267499992624	212.51718800142407	556.033737000078	72	0	0.9482407972340858	WORKER_LIFECYCLE_CHANGED|HIGH_VARIANCE
d1-per-tenant	d1	database-per-tenant	10/10	zipf	closed-loop	-	50	54141/0	0	353.00630932885923	128.2215439993888	191.39212799817324	309.1404790021479	61	-	-	WORKER_LIFECYCLE_CHANGED
turso-per-tenant	libsql	database-per-tenant	10/10	zipf	closed-loop	-	50	46671/0	0	334.8103064728926	137.87233700044453	227.88471899926662	348.2364829983562	74	0	0.9732603092783505	WORKER_LIFECYCLE_CHANGED|HIGH_VARIANCE
tursodb-per-tenant	tursodb	database-per-tenant	10/10	zipf	closed-loop	-	50	47304/0	0	314.4758450145609	137.6692670006305	287.70993600040674	468.0557949990034	72	0	0.9730720751690157	WORKER_LIFECYCLE_CHANGED
d1-per-tenant	d1	database-per-tenant	30/30	zipf	closed-loop	-	50	53025/0	0	359.194036645593	125.52281299978495	211.72036699950695	312.4205189999193	61	-	-	WORKER_LIFECYCLE_CHANGED|HIGH_VARIANCE
turso-per-tenant	libsql	database-per-tenant	30/30	zipf	closed-loop	-	50	43602/0	0	315.5887085021513	138.22185799852014	213.04970999993384	587.273022999987	72	0	0.9431640421316091	WORKER_LIFECYCLE_CHANGED|HIGH_VARIANCE
tursodb-per-tenant	tursodb	database-per-tenant	30/30	zipf	closed-loop	-	50	46702/0	0	312.62825813498955	135.40787499956787	234.94683099910617	432.8691319990903	72	0	0.9469279661016949	WORKER_LIFECYCLE_CHANGED|HIGH_VARIANCE

Saturation
backend	engine	isolation	tenant/db	distribution	load	offeredRps	c	ok/fail	err%	rps	p50	p95	p99	dbP50	poolWaitP50	reuse	warnings
d1-per-tenant	d1	database-per-tenant	1/1	uniform	arrival-rate	10	1000	1500/0	0	9.912281552518516	295.00372599996626	397.16335699893534	insufficient	228	-	-	INSUFFICIENT_SAMPLES|OFFERED_LOAD_NOT_ACHIEVED|WORKER_LIFECYCLE_CHANGED
turso-per-tenant	libsql	database-per-tenant	1/1	uniform	arrival-rate	10	1000	1500/0	0	9.901220899410092	349.8761260025203	441.8278449997306	insufficient	284	0	0.9733333333333334	INSUFFICIENT_SAMPLES|OFFERED_LOAD_NOT_ACHIEVED|WORKER_LIFECYCLE_CHANGED|HIGH_VARIANCE
tursodb-per-tenant	tursodb	database-per-tenant	1/1	uniform	arrival-rate	10	1000	1484/16	1.0666666666666667	9.809640063232315	351.2495440002531	442.24014100059867	insufficient	283	0	0.9666666666666667	INSUFFICIENT_SAMPLES|HIGH_ERROR_RATE|OFFERED_LOAD_NOT_ACHIEVED|WORKER_LIFECYCLE_CHANGED|HIGH_VARIANCE
d1-per-tenant	d1	database-per-tenant	1/1	uniform	arrival-rate	25	1000	3750/0	0	24.788020297563097	296.3187029995024	395.064163999632	insufficient	228	-	-	INSUFFICIENT_SAMPLES|OFFERED_LOAD_NOT_ACHIEVED|WORKER_LIFECYCLE_CHANGED
turso-per-tenant	libsql	database-per-tenant	1/1	uniform	arrival-rate	25	1000	3750/0	0	24.701545020741296	351.72289599850774	450.88958899863064	insufficient	282	0	0.98	INSUFFICIENT_SAMPLES|OFFERED_LOAD_NOT_ACHIEVED|WORKER_LIFECYCLE_CHANGED|HIGH_VARIANCE
tursodb-per-tenant	tursodb	database-per-tenant	1/1	uniform	arrival-rate	25	1000	3712/38	1.0133333333333332	24.43845079594052	345.76112300157547	482.2164270002395	insufficient	288	0	0.9746666666666667	INSUFFICIENT_SAMPLES|HIGH_ERROR_RATE|OFFERED_LOAD_NOT_ACHIEVED|WORKER_LIFECYCLE_CHANGED|HIGH_VARIANCE
d1-per-tenant	d1	database-per-tenant	1/1	uniform	arrival-rate	50	1000	7500/0	0	49.53464622774141	343.22298999875784	503.4489830005914	614.4001890011132	250	-	-	OFFERED_LOAD_NOT_ACHIEVED|WORKER_LIFECYCLE_CHANGED|HIGH_VARIANCE
turso-per-tenant	libsql	database-per-tenant	1/1	uniform	arrival-rate	50	1000	7500/0	0	49.48425613993777	344.5146430004388	434.5143860001117	533.8012769995257	281	0	0.9826666666666667	OFFERED_LOAD_NOT_ACHIEVED|WORKER_LIFECYCLE_CHANGED|HIGH_VARIANCE
tursodb-per-tenant	tursodb	database-per-tenant	1/1	uniform	arrival-rate	50	1000	7423/77	1.0266666666666666	48.97099583699744	356.08648800104856	501.01505699940026	854.5041290000081	285	0	0.9666666666666667	HIGH_ERROR_RATE|OFFERED_LOAD_NOT_ACHIEVED|WORKER_LIFECYCLE_CHANGED|HIGH_VARIANCE
d1-per-tenant	d1	database-per-tenant	1/1	uniform	arrival-rate	100	1000	14998/2	0.013333333333333334	98.67447241079681	470.84478100016713	989.2923480011523	1301.6675649993122	398	-	-	OFFERED_LOAD_NOT_ACHIEVED|WORKER_LIFECYCLE_CHANGED|HIGH_VARIANCE
turso-per-tenant	libsql	database-per-tenant	1/1	uniform	arrival-rate	100	1000	15000/0	0	98.75920614283925	335.6281030001119	469.73785699903965	637.1913370005786	283	0	0.9826666666666667	OFFERED_LOAD_NOT_ACHIEVED|WORKER_LIFECYCLE_CHANGED|HIGH_VARIANCE
tursodb-per-tenant	tursodb	database-per-tenant	1/1	uniform	arrival-rate	100	1000	14817/183	1.22	97.21647126273328	356.6152990013361	490.2105119973421	649.3887399993837	292	0	0.9693333333333334	HIGH_ERROR_RATE|OFFERED_LOAD_NOT_ACHIEVED|WORKER_LIFECYCLE_CHANGED|HIGH_VARIANCE
d1-per-tenant	d1	database-per-tenant	1/1	uniform	arrival-rate	200	1000	7667/22286	74.40323172970987	39.20538107857145	3149.78945199959	4806.174907999113	insufficient	1673	-	-	HIGH_ERROR_RATE|OFFERED_LOAD_NOT_ACHIEVED|WORKER_LIFECYCLE_CHANGED|INSUFFICIENT_SAMPLES|HIGH_VARIANCE
turso-per-tenant	libsql	database-per-tenant	1/1	uniform	arrival-rate	200	1000	30000/0	0	197.43601437623093	350.24244000017643	493.513803999871	643.6701270006597	284	0	0.9746666666666667	OFFERED_LOAD_NOT_ACHIEVED|POOL_SATURATED|WORKER_LIFECYCLE_CHANGED|HIGH_VARIANCE
tursodb-per-tenant	tursodb	database-per-tenant	1/1	uniform	arrival-rate	200	1000	25137/4863	16.21	144.78841101369295	3037.0606749989092	4384.138372998685	4823.784155000001	661	86	0.8469729836324197	HIGH_ERROR_RATE|OFFERED_LOAD_NOT_ACHIEVED|POOL_SATURATED|WORKER_LIFECYCLE_CHANGED
d1-per-tenant	d1	database-per-tenant	1/1	uniform	arrival-rate	500	1000	4711/29395	86.18718114114819	21.172854518415075	3298.464920000173	4894.308025998995	insufficient	1700	-	-	HIGH_ERROR_RATE|OFFERED_LOAD_NOT_ACHIEVED|WORKER_LIFECYCLE_CHANGED|INSUFFICIENT_SAMPLES|HIGH_VARIANCE
turso-per-tenant	libsql	database-per-tenant	1/1	uniform	arrival-rate	500	1000	37791/8616	18.566164587238994	236.8232766309169	3002.5192760005593	4108.956028999761	4785.446387000382	315	0	0.9457280385078219	HIGH_ERROR_RATE|OFFERED_LOAD_NOT_ACHIEVED|POOL_SATURATED|WORKER_LIFECYCLE_CHANGED|HIGH_VARIANCE
tursodb-per-tenant	tursodb	database-per-tenant	1/1	uniform	arrival-rate	500	1000	23692/12818	35.10818953711312	138.19769139392778	4158.848242999986	4848.969205999747	4972.209114000201	756	0	0.8374256913931248	HIGH_ERROR_RATE|OFFERED_LOAD_NOT_ACHIEVED|POOL_SATURATED|WORKER_LIFECYCLE_CHANGED

Topology
backend	engine	isolation	tenant/db	distribution	load	offeredRps	c	ok/fail	err%	rps	p50	p95	p99	dbP50	poolWaitP50	reuse	warnings
d1-per-tenant	d1	database-per-tenant	1/1	uniform	closed-loop	-	1	1149/0	0	8.094529722479518	115.00792299956083	163.65784800052643	insufficient	58	-	-	INSUFFICIENT_SAMPLES|HIGH_VARIANCE
turso-per-tenant	libsql	database-per-tenant	1/1	uniform	closed-loop	-	1	1067/0	0	7.3354256512009	127.79315799847245	174.8992530000396	insufficient	70	0	1	INSUFFICIENT_SAMPLES|HIGH_VARIANCE
tursodb-per-tenant	tursodb	database-per-tenant	1/1	uniform	closed-loop	-	1	921/0	0	7.08051618930481	133.76603300031275	205.88357399962842	insufficient	72	0	1	INSUFFICIENT_SAMPLES|HIGH_VARIANCE
d1-per-tenant	d1	database-per-tenant	1/1	uniform	closed-loop	-	1	481/0	0	3.439615660711481	302.4887919999892	413.20126999914646	insufficient	227	-	-	INSUFFICIENT_SAMPLES|WORKER_LIFECYCLE_CHANGED|HIGH_VARIANCE
turso-per-tenant	libsql	database-per-tenant	1/1	uniform	closed-loop	-	1	439/0	0	3.0489610431635223	343.9674629997462	497.4925610003993	insufficient	280	0	1	INSUFFICIENT_SAMPLES|HIGH_VARIANCE
tursodb-per-tenant	tursodb	database-per-tenant	1/1	uniform	closed-loop	-	1	436/10	2.242152466367713	2.9647370540029363	341.67708299995866	509.8703060001135	insufficient	283	0	0.9777777777777777	INSUFFICIENT_SAMPLES|HIGH_ERROR_RATE|WORKER_LIFECYCLE_CHANGED|HIGH_VARIANCE
d1-per-tenant	d1	database-per-tenant	1/1	uniform	closed-loop	-	10	5005/0	0	35.121255750763424	300.8581739999354	400.3040280006826	insufficient	232	-	-	INSUFFICIENT_SAMPLES|WORKER_LIFECYCLE_CHANGED|HIGH_VARIANCE
turso-per-tenant	libsql	database-per-tenant	1/1	uniform	closed-loop	-	10	4927/0	0	32.73642773641353	336.1403880007565	413.9817870017141	insufficient	280	0	0.9908443540183113	INSUFFICIENT_SAMPLES|WORKER_LIFECYCLE_CHANGED
tursodb-per-tenant	tursodb	database-per-tenant	1/1	uniform	closed-loop	-	10	4670/59	1.2476210615352084	30.917342810798264	338.99153499957174	435.80047599971294	insufficient	284	0	0.9796791443850268	INSUFFICIENT_SAMPLES|HIGH_ERROR_RATE|WORKER_LIFECYCLE_CHANGED|HIGH_VARIANCE
d1-per-tenant	d1	database-per-tenant	1/1	uniform	closed-loop	-	25	10219/0	0	68.29938242775054	369.7919590007514	548.3515340005979	639.9129939991981	287	-	-	WORKER_LIFECYCLE_CHANGED
turso-per-tenant	libsql	database-per-tenant	1/1	uniform	closed-loop	-	25	10584/0	0	78.9592269612229	347.58420499973	435.77436199970543	593.7607409991324	280	0	0.989983305509182	WORKER_LIFECYCLE_CHANGED|HIGH_VARIANCE
tursodb-per-tenant	tursodb	database-per-tenant	1/1	uniform	closed-loop	-	25	10458/133	1.255783212161269	74.13641529905257	352.8020759988576	461.3719619996846	614.5260550007224	285	0	0.9784719290840017	HIGH_ERROR_RATE|WORKER_LIFECYCLE_CHANGED|HIGH_VARIANCE
d1-per-tenant	d1	database-per-tenant	1/1	uniform	closed-loop	-	50	15445/0	0	102.23829920698786	508.1384119996801	733.9068409996107	885.3674710001796	420	-	-	WORKER_LIFECYCLE_CHANGED
turso-per-tenant	libsql	database-per-tenant	1/1	uniform	closed-loop	-	50	21331/1	0.004687792987061692	142.39057449293148	345.40137999877334	544.6712220013142	867.8490059999749	284	0	0.9891376634892485	WORKER_LIFECYCLE_CHANGED|HIGH_VARIANCE
tursodb-per-tenant	tursodb	database-per-tenant	1/1	uniform	closed-loop	-	50	16402/229	1.376946665864951	106.0241788370067	408.21324700000696	791.8093019999797	1050.0702959999908	328	0	0.974453590689753	HIGH_ERROR_RATE|POOL_SATURATED|WORKER_LIFECYCLE_CHANGED|HIGH_VARIANCE
d1-per-tenant	d1	database-per-tenant	1/1	uniform	closed-loop	-	100	18387/0	0	121.29779461225837	844.6039109993726	1142.334915000014	1466.549130000174	738	-	-	WORKER_LIFECYCLE_CHANGED|HIGH_VARIANCE
turso-per-tenant	libsql	database-per-tenant	1/1	uniform	closed-loop	-	100	37736/0	0	246.40356165334615	370.2578989993781	653.2688649999909	942.9308230000315	302	0	0.987018148099086	POOL_SATURATED|WORKER_LIFECYCLE_CHANGED
tursodb-per-tenant	tursodb	database-per-tenant	1/1	uniform	closed-loop	-	100	18722/273	1.4372203211371413	104.87420001188256	534.2201709998772	2675.622518999502	3320.38851399906	437	74	0.9645922746781116	HIGH_ERROR_RATE|POOL_SATURATED|WORKER_LIFECYCLE_CHANGED|HIGH_VARIANCE
d1-per-tenant	d1	database-per-tenant	1/1	uniform	closed-loop	-	200	20116/0	0	136.5599560948341	1564.9293829994276	2125.379299000022	2534.7256249999627	1463	-	-	WORKER_LIFECYCLE_CHANGED
turso-per-tenant	libsql	database-per-tenant	1/1	uniform	closed-loop	-	200	40549/69	0.16987542468856173	244.27132449569314	459.41265100054443	2433.3601249996573	2852.20120199956	324	0	0.974216836405827	POOL_SATURATED|WORKER_LIFECYCLE_CHANGED|HIGH_VARIANCE
tursodb-per-tenant	tursodb	database-per-tenant	1/1	uniform	closed-loop	-	200	17952/2747	13.271172520411614	102.76153732595496	673.593913000077	2677.1943990001455	4007.000221000053	554	64	0.8552375659905529	HIGH_ERROR_RATE|POOL_SATURATED|WORKER_LIFECYCLE_CHANGED
d1-per-tenant	d1	database-per-tenant	1/1	uniform	closed-loop	-	1	871/0	0	6.621818133526784	142.66389500163496	221.13899500016123	insufficient	82	-	-	INSUFFICIENT_SAMPLES|WORKER_LIFECYCLE_CHANGED|HIGH_VARIANCE
turso-per-tenant	libsql	database-per-tenant	1/1	uniform	closed-loop	-	1	812/0	0	5.8838053830756785	151.02438599988818	255.08409900031984	insufficient	91	0	1	INSUFFICIENT_SAMPLES|WORKER_LIFECYCLE_CHANGED|HIGH_VARIANCE
tursodb-per-tenant	tursodb	database-per-tenant	1/1	uniform	closed-loop	-	1	447/91	16.91449814126394	3.2168248211422745	268.5913360007107	408.8466420006007	insufficient	208	0	0.847457627118644	INSUFFICIENT_SAMPLES|HIGH_ERROR_RATE|WORKER_LIFECYCLE_CHANGED|HIGH_VARIANCE
d1-per-tenant	d1	database-per-tenant	1/1	uniform	closed-loop	-	10	7986/0	0	55.82087750896605	160.98537000012584	234.44751100055873	629.909452999942	97	-	-	WORKER_LIFECYCLE_CHANGED|HIGH_VARIANCE
turso-per-tenant	libsql	database-per-tenant	1/1	uniform	closed-loop	-	10	6080/0	0	42.42636717507947	221.28040999919176	340.09489300008863	insufficient	136	0	0.99296875	WORKER_LIFECYCLE_CHANGED|INSUFFICIENT_SAMPLES|HIGH_VARIANCE
tursodb-per-tenant	tursodb	database-per-tenant	1/1	uniform	closed-loop	-	10	2130/432	16.861826697892273	13.535625307593898	592.9789629988372	914.8965779999271	insufficient	503	0	0.828719723183391	INSUFFICIENT_SAMPLES|HIGH_ERROR_RATE|WORKER_LIFECYCLE_CHANGED
d1-per-tenant	d1	database-per-tenant	1/1	uniform	closed-loop	-	50	31596/1	0.0031648574231730865	224.07254665076283	210.80330000072718	320.48503900133073	433.2969610001892	125	-	-	WORKER_LIFECYCLE_CHANGED|HIGH_VARIANCE
turso-per-tenant	libsql	database-per-tenant	1/1	uniform	closed-loop	-	50	6078/0	0	38.34193316544775	1204.2954080002382	1831.5807509999722	2276.841615000041	1101	0	0.9579399141630901	POOL_SATURATED|WORKER_LIFECYCLE_CHANGED
tursodb-per-tenant	tursodb	database-per-tenant	1/1	uniform	closed-loop	-	50	2117/461	17.88207913110939	12.068983686443971	3310.420642999932	4288.1301069986075	insufficient	3187	0	0.7510729613733905	INSUFFICIENT_SAMPLES|HIGH_ERROR_RATE|POOL_SATURATED|WORKER_LIFECYCLE_CHANGED
d1-per-tenant	d1	database-per-tenant	1/1	uniform	closed-loop	-	100	39450/0	0	254.93751832592156	359.6625330001116	598.5656639998779	712.1070569995791	237	-	-	WORKER_LIFECYCLE_CHANGED
turso-per-tenant	libsql	database-per-tenant	1/1	uniform	closed-loop	-	100	6426/35	0.5417118093174431	40.417432034035826	2255.357917000074	3731.6745189987123	4276.070754999295	2144	284	0.9310344827586207	POOL_SATURATED|WORKER_LIFECYCLE_CHANGED|HIGH_ERROR_RATE|HIGH_VARIANCE
tursodb-per-tenant	tursodb	database-per-tenant	1/1	uniform	closed-loop	-	100	2262/1710	43.051359516616316	13.380834489674339	3758.7739749997854	4883.612719999626	insufficient	3597	192	0.6167557932263814	INSUFFICIENT_SAMPLES|HIGH_ERROR_RATE|POOL_SATURATED|WORKER_LIFECYCLE_CHANGED
d1-per-tenant	d1	database-per-tenant	1/1	uniform	closed-loop	-	1	631/0	0	4.4231597505357785	202.65877499990165	301.8705710005015	insufficient	139	-	-	INSUFFICIENT_SAMPLES|HIGH_VARIANCE
turso-per-tenant	libsql	database-per-tenant	1/1	uniform	closed-loop	-	1	573/0	0	4.139858394174431	225.71814400004223	307.9780329987407	insufficient	160	0	1	INSUFFICIENT_SAMPLES|HIGH_VARIANCE
tursodb-per-tenant	tursodb	database-per-tenant	1/1	uniform	closed-loop	-	1	391/0	0	2.7613456150603324	344.609980000183	481.47793000005186	insufficient	280	0	1	INSUFFICIENT_SAMPLES|WORKER_LIFECYCLE_CHANGED|HIGH_VARIANCE
d1-per-tenant	d1	database-per-tenant	1/1	uniform	closed-loop	-	10	6082/0	0	40.528146250011304	241.1008040010929	295.5419950000942	343.9908180013299	180	-	-	WORKER_LIFECYCLE_CHANGED
turso-per-tenant	libsql	database-per-tenant	1/1	uniform	closed-loop	-	10	5221/0	0	36.01414004072063	255.73021499998868	390.47902899980545	insufficient	187	0	0.9917355371900827	INSUFFICIENT_SAMPLES|WORKER_LIFECYCLE_CHANGED|HIGH_VARIANCE
tursodb-per-tenant	tursodb	database-per-tenant	1/1	uniform	closed-loop	-	10	2437/0	0	15.91615261669563	622.997029999271	744.9917780011892	insufficient	567	0	0.9817813765182186	INSUFFICIENT_SAMPLES|WORKER_LIFECYCLE_CHANGED
d1-per-tenant	d1	database-per-tenant	1/1	uniform	closed-loop	-	50	18471/0	0	121.65164447446355	375.2233160007745	590.3513549994677	875.2182069998235	286	-	-	WORKER_LIFECYCLE_CHANGED|HIGH_VARIANCE
turso-per-tenant	libsql	database-per-tenant	1/1	uniform	closed-loop	-	50	5832/0	0	36.90463672565621	1267.1637340001762	1917.7592939999886	2291.294182999991	1206	0	0.9596042868920033	POOL_SATURATED|WORKER_LIFECYCLE_CHANGED|HIGH_VARIANCE
tursodb-per-tenant	tursodb	database-per-tenant	1/1	uniform	closed-loop	-	50	2458/103	4.0218664584146815	14.325201822997093	3098.1537460000254	4198.247771999799	insufficient	3044	0	0.900990099009901	INSUFFICIENT_SAMPLES|HIGH_ERROR_RATE|POOL_SATURATED|WORKER_LIFECYCLE_CHANGED|HIGH_VARIANCE
d1-per-tenant	d1	database-per-tenant	1/1	uniform	closed-loop	-	100	23927/0	0	160.5157848730032	595.2535539995879	863.5322689991444	948.0577070000581	486	-	-	WORKER_LIFECYCLE_CHANGED|HIGH_VARIANCE
turso-per-tenant	libsql	database-per-tenant	1/1	uniform	closed-loop	-	100	6122/72	1.162415240555376	39.27978673175879	2255.3353030001745	3675.7456790001597	4133.208204001188	2175	361	0.9345425867507886	POOL_SATURATED|WORKER_LIFECYCLE_CHANGED|HIGH_ERROR_RATE|HIGH_VARIANCE
tursodb-per-tenant	tursodb	database-per-tenant	1/1	uniform	closed-loop	-	100	791/2685	77.2439585730725	4.805124848795019	4010.2203790005296	4919.40523699997	insufficient	3725	0	0.40828402366863903	INSUFFICIENT_SAMPLES|HIGH_ERROR_RATE|POOL_SATURATED|WORKER_LIFECYCLE_CHANGED
d1-per-tenant	d1	database-per-tenant	1/1	uniform	closed-loop	-	1	1043/0	0	7.062846240118488	137.86127100000158	168.93892800062895	insufficient	82	-	-	INSUFFICIENT_SAMPLES
turso-per-tenant	libsql	database-per-tenant	1/1	uniform	closed-loop	-	1	908/0	0	6.310078653866015	148.7805580003187	224.47811400145292	insufficient	89	0	1	INSUFFICIENT_SAMPLES|HIGH_VARIANCE
tursodb-per-tenant	tursodb	database-per-tenant	1/1	uniform	closed-loop	-	1	534/0	0	3.812164897696552	265.69089799933136	319.3729649996385	insufficient	208	0	1	INSUFFICIENT_SAMPLES|HIGH_VARIANCE
d1-per-tenant	d1	database-per-tenant	1/1	uniform	closed-loop	-	10	8733/0	0	59.51991393547227	156.0969839990139	225.00222500041127	306.44602899998426	96	-	-	WORKER_LIFECYCLE_CHANGED|HIGH_VARIANCE
turso-per-tenant	libsql	database-per-tenant	1/1	uniform	closed-loop	-	10	6386/0	0	39.995677483047714	204.6339910000097	371.4375099996105	488.05297400057316	142	0	0.9925496688741722	WORKER_LIFECYCLE_CHANGED|HIGH_VARIANCE
tursodb-per-tenant	tursodb	database-per-tenant	1/1	uniform	closed-loop	-	10	1815/0	0	11.703592822050204	808.7954660002142	1218.9929959997535	insufficient	689	0	0.9752747252747253	INSUFFICIENT_SAMPLES|WORKER_LIFECYCLE_CHANGED
d1-per-tenant	d1	database-per-tenant	1/1	uniform	closed-loop	-	50	33699/1	0.002967359050445104	221.11463466993985	196.34439700003713	351.3731659986079	495.75038200058043	120	-	-	WORKER_LIFECYCLE_CHANGED|HIGH_VARIANCE
turso-per-tenant	libsql	database-per-tenant	1/1	uniform	closed-loop	-	50	7416/0	0	47.97959461178421	983.2560229990631	1356.034876999911	1828.7186789996922	926	0	0.9676956209619526	POOL_SATURATED|WORKER_LIFECYCLE_CHANGED
tursodb-per-tenant	tursodb	database-per-tenant	1/1	uniform	closed-loop	-	50	1763/224	11.273276295923502	10.64064778407014	4109.738896999508	4854.831573000178	insufficient	4056	0	0.862533692722372	INSUFFICIENT_SAMPLES|HIGH_ERROR_RATE|POOL_SATURATED|WORKER_LIFECYCLE_CHANGED|HIGH_VARIANCE
d1-per-tenant	d1	database-per-tenant	1/1	uniform	closed-loop	-	100	43245/2	0.004624598238028072	284.3790601982587	327.3988899998367	531.1487080007792	829.6395750008523	220	-	-	WORKER_LIFECYCLE_CHANGED|HIGH_VARIANCE
turso-per-tenant	libsql	database-per-tenant	1/1	uniform	closed-loop	-	100	7614/10	0.13116474291710387	47.68425938131716	1816.6089190000203	3222.631527001038	3945.7791939992458	1755	119	0.9462585034013605	POOL_SATURATED|WORKER_LIFECYCLE_CHANGED|HIGH_VARIANCE
tursodb-per-tenant	tursodb	database-per-tenant	1/1	uniform	closed-loop	-	100	1325/2244	62.87475483328664	7.551750809794547	4253.908652999438	4917.52324599959	insufficient	4137	0	0.4774774774774775	INSUFFICIENT_SAMPLES|HIGH_ERROR_RATE|POOL_SATURATED|WORKER_LIFECYCLE_CHANGED
d1-per-tenant	d1	database-per-tenant	1/1	uniform	burst	-	50	250/0	0	78.82355814265968	593.6194460000843	617.7850400004536	insufficient	486	-	-	INSUFFICIENT_SAMPLES|WORKER_LIFECYCLE_CHANGED|HIGH_VARIANCE
turso-per-tenant	libsql	database-per-tenant	1/1	uniform	burst	-	50	250/0	0	28.961970616794687	1122.563077000901	1694.1292160004377	insufficient	1025	0	0.98	INSUFFICIENT_SAMPLES|WORKER_LIFECYCLE_CHANGED|POOL_SATURATED|HIGH_VARIANCE
tursodb-per-tenant	tursodb	database-per-tenant	1/1	uniform	burst	-	50	164/86	34.4	7.397900635594463	2724.426432000473	4859.956588000059	insufficient	2658	0	0.21621621621621623	INSUFFICIENT_SAMPLES|HIGH_ERROR_RATE|WORKER_LIFECYCLE_CHANGED|HIGH_VARIANCE
d1-per-tenant	d1	database-per-tenant	1/1	uniform	burst	-	100	500/0	0	103.59397779116215	729.2002849997953	947.7820779997855	insufficient	473	-	-	INSUFFICIENT_SAMPLES|WORKER_LIFECYCLE_CHANGED|HIGH_VARIANCE
turso-per-tenant	libsql	database-per-tenant	1/1	uniform	burst	-	100	499/1	0.2	33.33365808093858	1757.2750310003757	2909.4205399993807	insufficient	1676	0	0.91	INSUFFICIENT_SAMPLES|HIGH_ERROR_RATE|POOL_SATURATED|WORKER_LIFECYCLE_CHANGED|HIGH_VARIANCE
tursodb-per-tenant	tursodb	database-per-tenant	1/1	uniform	burst	-	100	283/217	43.4	11.192664873642283	2241.496035998687	4652.564662000164	insufficient	2080	0	0.5357142857142857	INSUFFICIENT_SAMPLES|HIGH_ERROR_RATE|WORKER_LIFECYCLE_CHANGED|HIGH_VARIANCE
d1-per-tenant	d1	database-per-tenant	1/1	uniform	burst	-	250	1250/0	0	113.81628716509294	2097.408679999411	2115.004379999824	insufficient	1333	-	-	INSUFFICIENT_SAMPLES|WORKER_LIFECYCLE_CHANGED
turso-per-tenant	libsql	database-per-tenant	1/1	uniform	burst	-	250	750/500	40	32.86089621817729	2638.919863000512	4722.816726000048	insufficient	1977	0	0.8640776699029126	INSUFFICIENT_SAMPLES|HIGH_ERROR_RATE|POOL_SATURATED|WORKER_LIFECYCLE_CHANGED|HIGH_VARIANCE
tursodb-per-tenant	tursodb	database-per-tenant	1/1	uniform	burst	-	250	426/824	65.92	17.563896627135055	2664.9278239998966	4761.333515999839	insufficient	2522	0	0.4166666666666667	INSUFFICIENT_SAMPLES|HIGH_ERROR_RATE|WORKER_LIFECYCLE_CHANGED|POOL_SATURATED
d1-per-tenant	d1	database-per-tenant	1/1	uniform	burst	-	500	2486/14	0.5599999999999999	120.18489829335886	2728.2302409987897	4108.950564999133	insufficient	1214	-	-	INSUFFICIENT_SAMPLES|HIGH_ERROR_RATE|WORKER_LIFECYCLE_CHANGED|HIGH_VARIANCE
turso-per-tenant	libsql	database-per-tenant	1/1	uniform	burst	-	500	693/1807	72.28	28.275989005361694	2861.4825020004064	4784.54543499928	insufficient	2125	0	0.48502994011976047	INSUFFICIENT_SAMPLES|HIGH_ERROR_RATE|POOL_SATURATED|WORKER_LIFECYCLE_CHANGED|HIGH_VARIANCE
tursodb-per-tenant	tursodb	database-per-tenant	1/1	uniform	burst	-	500	357/2143	85.72	13.490344236019457	3107.2697880007327	4747.200432999991	insufficient	2143	0	0.1323529411764706	INSUFFICIENT_SAMPLES|HIGH_ERROR_RATE|WORKER_LIFECYCLE_CHANGED
d1-per-tenant	d1	database-per-tenant	10/10	uniform	closed-loop	-	50	43718/0	0	304.37705243642495	140.03170899953693	311.20522700063884	362.50509699992836	60	-	-	WORKER_LIFECYCLE_CHANGED|HIGH_VARIANCE
turso-per-tenant	libsql	database-per-tenant	10/10	uniform	closed-loop	-	50	47519/0	0	333.107695202394	136.92684499919415	204.7774729989469	360.2242580000311	72	0	0.9722034552649358	WORKER_LIFECYCLE_CHANGED|HIGH_VARIANCE
tursodb-per-tenant	tursodb	database-per-tenant	10/10	uniform	closed-loop	-	50	42636/16	0.03751289505767608	294.36053938787927	136.77790399827063	239.172835000325	364.84379200078547	72	0	0.9679562747829814	WORKER_LIFECYCLE_CHANGED|HIGH_VARIANCE
d1-per-tenant	d1	database-per-tenant	30/30	uniform	closed-loop	-	50	49119/0	0	354.4322131267969	129.80257700011134	234.6053500007838	364.17551700025797	60	-	-	WORKER_LIFECYCLE_CHANGED|HIGH_VARIANCE
turso-per-tenant	libsql	database-per-tenant	30/30	uniform	closed-loop	-	50	45381/0	0	316.20784124930714	139.85455499961972	300.29375900002196	484.2620799988508	73	0	0.9453592029365495	WORKER_LIFECYCLE_CHANGED|HIGH_VARIANCE
tursodb-per-tenant	tursodb	database-per-tenant	30/30	uniform	closed-loop	-	50	21210/555	2.5499655410062028	155.70016718308585	140.1907540000975	339.68147400021553	2662.243271999061	73	0	0.9000427167876975	HIGH_ERROR_RATE|WORKER_LIFECYCLE_CHANGED|HIGH_VARIANCE
d1-per-tenant	d1	database-per-tenant	10/10	hotset	closed-loop	-	50	40715/0	0	267.92936308943456	163.2839009994641	308.45754200033844	383.3557679988444	83	-	-	WORKER_LIFECYCLE_CHANGED|HIGH_VARIANCE
turso-per-tenant	libsql	database-per-tenant	10/10	hotset	closed-loop	-	50	45135/0	0	311.17896228407864	139.01136700017378	292.7966200001538	436.31872900016606	72	0	0.9781705785762581	WORKER_LIFECYCLE_CHANGED|HIGH_VARIANCE
tursodb-per-tenant	tursodb	database-per-tenant	10/10	hotset	closed-loop	-	50	48291/0	0	323.74676531214817	137.94265099987388	212.14329600008205	364.07624099962413	72	0	0.9777440566514921	WORKER_LIFECYCLE_CHANGED|HIGH_VARIANCE
d1-per-tenant	d1	database-per-tenant	30/30	hotset	closed-loop	-	50	51335/0	0	364.0405672647982	124.58854299969971	200.4220409989357	341.8858039993793	61	-	-	WORKER_LIFECYCLE_CHANGED|HIGH_VARIANCE
turso-per-tenant	libsql	database-per-tenant	30/30	hotset	closed-loop	-	50	47203/0	0	331.34453343845246	137.11481199972332	240.13860899955034	399.14120600000024	72	0	0.9540331275115163	WORKER_LIFECYCLE_CHANGED|HIGH_VARIANCE
tursodb-per-tenant	tursodb	database-per-tenant	30/30	hotset	closed-loop	-	50	44815/0	0	325.30438381791356	137.30267499992624	212.51718800142407	556.033737000078	72	0	0.9482407972340858	WORKER_LIFECYCLE_CHANGED|HIGH_VARIANCE
d1-per-tenant	d1	database-per-tenant	10/10	zipf	closed-loop	-	50	54141/0	0	353.00630932885923	128.2215439993888	191.39212799817324	309.1404790021479	61	-	-	WORKER_LIFECYCLE_CHANGED
turso-per-tenant	libsql	database-per-tenant	10/10	zipf	closed-loop	-	50	46671/0	0	334.8103064728926	137.87233700044453	227.88471899926662	348.2364829983562	74	0	0.9732603092783505	WORKER_LIFECYCLE_CHANGED|HIGH_VARIANCE
tursodb-per-tenant	tursodb	database-per-tenant	10/10	zipf	closed-loop	-	50	47304/0	0	314.4758450145609	137.6692670006305	287.70993600040674	468.0557949990034	72	0	0.9730720751690157	WORKER_LIFECYCLE_CHANGED
d1-per-tenant	d1	database-per-tenant	30/30	zipf	closed-loop	-	50	53025/0	0	359.194036645593	125.52281299978495	211.72036699950695	312.4205189999193	61	-	-	WORKER_LIFECYCLE_CHANGED|HIGH_VARIANCE
turso-per-tenant	libsql	database-per-tenant	30/30	zipf	closed-loop	-	50	43602/0	0	315.5887085021513	138.22185799852014	213.04970999993384	587.273022999987	72	0	0.9431640421316091	WORKER_LIFECYCLE_CHANGED|HIGH_VARIANCE
tursodb-per-tenant	tursodb	database-per-tenant	30/30	zipf	closed-loop	-	50	46702/0	0	312.62825813498955	135.40787499956787	234.94683099910617	432.8691319990903	72	0	0.9469279661016949	WORKER_LIFECYCLE_CHANGED|HIGH_VARIANCE
d1-per-tenant	d1	database-per-tenant	1/1	uniform	arrival-rate	10	1000	1500/0	0	9.912281552518516	295.00372599996626	397.16335699893534	insufficient	228	-	-	INSUFFICIENT_SAMPLES|OFFERED_LOAD_NOT_ACHIEVED|WORKER_LIFECYCLE_CHANGED
turso-per-tenant	libsql	database-per-tenant	1/1	uniform	arrival-rate	10	1000	1500/0	0	9.901220899410092	349.8761260025203	441.8278449997306	insufficient	284	0	0.9733333333333334	INSUFFICIENT_SAMPLES|OFFERED_LOAD_NOT_ACHIEVED|WORKER_LIFECYCLE_CHANGED|HIGH_VARIANCE
tursodb-per-tenant	tursodb	database-per-tenant	1/1	uniform	arrival-rate	10	1000	1484/16	1.0666666666666667	9.809640063232315	351.2495440002531	442.24014100059867	insufficient	283	0	0.9666666666666667	INSUFFICIENT_SAMPLES|HIGH_ERROR_RATE|OFFERED_LOAD_NOT_ACHIEVED|WORKER_LIFECYCLE_CHANGED|HIGH_VARIANCE
d1-per-tenant	d1	database-per-tenant	1/1	uniform	arrival-rate	25	1000	3750/0	0	24.788020297563097	296.3187029995024	395.064163999632	insufficient	228	-	-	INSUFFICIENT_SAMPLES|OFFERED_LOAD_NOT_ACHIEVED|WORKER_LIFECYCLE_CHANGED
turso-per-tenant	libsql	database-per-tenant	1/1	uniform	arrival-rate	25	1000	3750/0	0	24.701545020741296	351.72289599850774	450.88958899863064	insufficient	282	0	0.98	INSUFFICIENT_SAMPLES|OFFERED_LOAD_NOT_ACHIEVED|WORKER_LIFECYCLE_CHANGED|HIGH_VARIANCE
tursodb-per-tenant	tursodb	database-per-tenant	1/1	uniform	arrival-rate	25	1000	3712/38	1.0133333333333332	24.43845079594052	345.76112300157547	482.2164270002395	insufficient	288	0	0.9746666666666667	INSUFFICIENT_SAMPLES|HIGH_ERROR_RATE|OFFERED_LOAD_NOT_ACHIEVED|WORKER_LIFECYCLE_CHANGED|HIGH_VARIANCE
d1-per-tenant	d1	database-per-tenant	1/1	uniform	arrival-rate	50	1000	7500/0	0	49.53464622774141	343.22298999875784	503.4489830005914	614.4001890011132	250	-	-	OFFERED_LOAD_NOT_ACHIEVED|WORKER_LIFECYCLE_CHANGED|HIGH_VARIANCE
turso-per-tenant	libsql	database-per-tenant	1/1	uniform	arrival-rate	50	1000	7500/0	0	49.48425613993777	344.5146430004388	434.5143860001117	533.8012769995257	281	0	0.9826666666666667	OFFERED_LOAD_NOT_ACHIEVED|WORKER_LIFECYCLE_CHANGED|HIGH_VARIANCE
tursodb-per-tenant	tursodb	database-per-tenant	1/1	uniform	arrival-rate	50	1000	7423/77	1.0266666666666666	48.97099583699744	356.08648800104856	501.01505699940026	854.5041290000081	285	0	0.9666666666666667	HIGH_ERROR_RATE|OFFERED_LOAD_NOT_ACHIEVED|WORKER_LIFECYCLE_CHANGED|HIGH_VARIANCE
d1-per-tenant	d1	database-per-tenant	1/1	uniform	arrival-rate	100	1000	14998/2	0.013333333333333334	98.67447241079681	470.84478100016713	989.2923480011523	1301.6675649993122	398	-	-	OFFERED_LOAD_NOT_ACHIEVED|WORKER_LIFECYCLE_CHANGED|HIGH_VARIANCE
turso-per-tenant	libsql	database-per-tenant	1/1	uniform	arrival-rate	100	1000	15000/0	0	98.75920614283925	335.6281030001119	469.73785699903965	637.1913370005786	283	0	0.9826666666666667	OFFERED_LOAD_NOT_ACHIEVED|WORKER_LIFECYCLE_CHANGED|HIGH_VARIANCE
tursodb-per-tenant	tursodb	database-per-tenant	1/1	uniform	arrival-rate	100	1000	14817/183	1.22	97.21647126273328	356.6152990013361	490.2105119973421	649.3887399993837	292	0	0.9693333333333334	HIGH_ERROR_RATE|OFFERED_LOAD_NOT_ACHIEVED|WORKER_LIFECYCLE_CHANGED|HIGH_VARIANCE
d1-per-tenant	d1	database-per-tenant	1/1	uniform	arrival-rate	200	1000	7667/22286	74.40323172970987	39.20538107857145	3149.78945199959	4806.174907999113	insufficient	1673	-	-	HIGH_ERROR_RATE|OFFERED_LOAD_NOT_ACHIEVED|WORKER_LIFECYCLE_CHANGED|INSUFFICIENT_SAMPLES|HIGH_VARIANCE
turso-per-tenant	libsql	database-per-tenant	1/1	uniform	arrival-rate	200	1000	30000/0	0	197.43601437623093	350.24244000017643	493.513803999871	643.6701270006597	284	0	0.9746666666666667	OFFERED_LOAD_NOT_ACHIEVED|POOL_SATURATED|WORKER_LIFECYCLE_CHANGED|HIGH_VARIANCE
tursodb-per-tenant	tursodb	database-per-tenant	1/1	uniform	arrival-rate	200	1000	25137/4863	16.21	144.78841101369295	3037.0606749989092	4384.138372998685	4823.784155000001	661	86	0.8469729836324197	HIGH_ERROR_RATE|OFFERED_LOAD_NOT_ACHIEVED|POOL_SATURATED|WORKER_LIFECYCLE_CHANGED
d1-per-tenant	d1	database-per-tenant	1/1	uniform	arrival-rate	500	1000	4711/29395	86.18718114114819	21.172854518415075	3298.464920000173	4894.308025998995	insufficient	1700	-	-	HIGH_ERROR_RATE|OFFERED_LOAD_NOT_ACHIEVED|WORKER_LIFECYCLE_CHANGED|INSUFFICIENT_SAMPLES|HIGH_VARIANCE
turso-per-tenant	libsql	database-per-tenant	1/1	uniform	arrival-rate	500	1000	37791/8616	18.566164587238994	236.8232766309169	3002.5192760005593	4108.956028999761	4785.446387000382	315	0	0.9457280385078219	HIGH_ERROR_RATE|OFFERED_LOAD_NOT_ACHIEVED|POOL_SATURATED|WORKER_LIFECYCLE_CHANGED|HIGH_VARIANCE
tursodb-per-tenant	tursodb	database-per-tenant	1/1	uniform	arrival-rate	500	1000	23692/12818	35.10818953711312	138.19769139392778	4158.848242999986	4848.969205999747	4972.209114000201	756	0	0.8374256913931248	HIGH_ERROR_RATE|OFFERED_LOAD_NOT_ACHIEVED|POOL_SATURATED|WORKER_LIFECYCLE_CHANGED

Idle behavior — first request after runner idle; no guaranteed cold infrastructure
d1-per-tenant idle-same-row idle=30000 first ok=1 fail=0 p50=158.45640099979937 p95=158.45640099979937 warnings=INSUFFICIENT_SAMPLES
turso-per-tenant idle-same-row idle=30000 first ok=1 fail=0 p50=654.5351970000193 p95=654.5351970000193 warnings=INSUFFICIENT_SAMPLES
tursodb-per-tenant idle-same-row idle=30000 first ok=0 fail=1 p50=n/a p95=n/a warnings=INSUFFICIENT_SAMPLES
d1-per-tenant idle-different-row idle=30000 first ok=1 fail=0 p50=140.74396499991417 p95=140.74396499991417 warnings=INSUFFICIENT_SAMPLES
turso-per-tenant idle-different-row idle=30000 first ok=1 fail=0 p50=319.80212199967355 p95=319.80212199967355 warnings=INSUFFICIENT_SAMPLES
tursodb-per-tenant idle-different-row idle=30000 first ok=1 fail=0 p50=345.464304999914 p95=345.464304999914 warnings=INSUFFICIENT_SAMPLES
d1-per-tenant idle-same-tenant idle=30000 first ok=1 fail=0 p50=149.86487699998543 p95=149.86487699998543 warnings=INSUFFICIENT_SAMPLES
turso-per-tenant idle-same-tenant idle=30000 first ok=1 fail=0 p50=333.2684529996477 p95=333.2684529996477 warnings=INSUFFICIENT_SAMPLES
tursodb-per-tenant idle-same-tenant idle=30000 first ok=1 fail=0 p50=412.9062899998389 p95=412.9062899998389 warnings=INSUFFICIENT_SAMPLES
d1-per-tenant idle-different-tenant idle=30000 first ok=1 fail=0 p50=191.65004200022668 p95=191.65004200022668 warnings=INSUFFICIENT_SAMPLES
turso-per-tenant idle-different-tenant idle=30000 first ok=1 fail=0 p50=390.8555789999664 p95=390.8555789999664 warnings=INSUFFICIENT_SAMPLES
tursodb-per-tenant idle-different-tenant idle=30000 first ok=1 fail=0 p50=383.9766790000722 p95=383.9766790000722 warnings=INSUFFICIENT_SAMPLES
turso-per-tenant idle-same-row idle=30000 first ok=1 fail=0 p50=823.12537800055 p95=823.12537800055 warnings=INSUFFICIENT_SAMPLES
tursodb-per-tenant idle-same-row idle=30000 first ok=1 fail=0 p50=3229.09664899949 p95=3229.09664899949 warnings=INSUFFICIENT_SAMPLES
d1-per-tenant idle-same-row idle=30000 first ok=1 fail=0 p50=137.81864099949598 p95=137.81864099949598 warnings=INSUFFICIENT_SAMPLES
turso-per-tenant idle-different-row idle=30000 first ok=1 fail=0 p50=410.19666399993 p95=410.19666399993 warnings=INSUFFICIENT_SAMPLES
tursodb-per-tenant idle-different-row idle=30000 first ok=1 fail=0 p50=528.9207470007241 p95=528.9207470007241 warnings=INSUFFICIENT_SAMPLES
d1-per-tenant idle-different-row idle=30000 first ok=1 fail=0 p50=149.4882770003751 p95=149.4882770003751 warnings=INSUFFICIENT_SAMPLES
turso-per-tenant idle-same-tenant idle=30000 first ok=1 fail=0 p50=788.6381660001352 p95=788.6381660001352 warnings=INSUFFICIENT_SAMPLES
tursodb-per-tenant idle-same-tenant idle=30000 first ok=1 fail=0 p50=734.3299020007253 p95=734.3299020007253 warnings=INSUFFICIENT_SAMPLES
d1-per-tenant idle-same-tenant idle=30000 first ok=1 fail=0 p50=147.78341600019485 p95=147.78341600019485 warnings=INSUFFICIENT_SAMPLES
turso-per-tenant idle-different-tenant idle=30000 first ok=1 fail=0 p50=617.7950830003247 p95=617.7950830003247 warnings=INSUFFICIENT_SAMPLES
tursodb-per-tenant idle-different-tenant idle=30000 first ok=1 fail=0 p50=429.0883469991386 p95=429.0883469991386 warnings=INSUFFICIENT_SAMPLES
d1-per-tenant idle-different-tenant idle=30000 first ok=1 fail=0 p50=152.02883100043982 p95=152.02883100043982 warnings=INSUFFICIENT_SAMPLES
tursodb-per-tenant idle-same-row idle=30000 first ok=1 fail=0 p50=3203.2136250007898 p95=3203.2136250007898 warnings=INSUFFICIENT_SAMPLES
d1-per-tenant idle-same-row idle=30000 first ok=1 fail=0 p50=171.15316599979997 p95=171.15316599979997 warnings=INSUFFICIENT_SAMPLES
turso-per-tenant idle-same-row idle=30000 first ok=1 fail=0 p50=1261.8999589998275 p95=1261.8999589998275 warnings=INSUFFICIENT_SAMPLES
tursodb-per-tenant idle-different-row idle=30000 first ok=1 fail=0 p50=386.1648660004139 p95=386.1648660004139 warnings=INSUFFICIENT_SAMPLES
d1-per-tenant idle-different-row idle=30000 first ok=1 fail=0 p50=154.64292900078 p95=154.64292900078 warnings=INSUFFICIENT_SAMPLES
turso-per-tenant idle-different-row idle=30000 first ok=1 fail=0 p50=1014.6219250001013 p95=1014.6219250001013 warnings=INSUFFICIENT_SAMPLES
tursodb-per-tenant idle-same-tenant idle=30000 first ok=1 fail=0 p50=933.2989559993148 p95=933.2989559993148 warnings=INSUFFICIENT_SAMPLES
d1-per-tenant idle-same-tenant idle=30000 first ok=1 fail=0 p50=163.76164999976754 p95=163.76164999976754 warnings=INSUFFICIENT_SAMPLES
turso-per-tenant idle-same-tenant idle=30000 first ok=1 fail=0 p50=345.8764319997281 p95=345.8764319997281 warnings=INSUFFICIENT_SAMPLES
tursodb-per-tenant idle-different-tenant idle=30000 first ok=1 fail=0 p50=449.2203829996288 p95=449.2203829996288 warnings=INSUFFICIENT_SAMPLES
d1-per-tenant idle-different-tenant idle=30000 first ok=1 fail=0 p50=147.26172599941492 p95=147.26172599941492 warnings=INSUFFICIENT_SAMPLES
turso-per-tenant idle-different-tenant idle=30000 first ok=1 fail=0 p50=465.4039350003004 p95=465.4039350003004 warnings=INSUFFICIENT_SAMPLES
d1-per-tenant idle-same-row idle=30000 first ok=1 fail=0 p50=147.04603699967265 p95=147.04603699967265 warnings=INSUFFICIENT_SAMPLES
turso-per-tenant idle-same-row idle=30000 first ok=1 fail=0 p50=1071.60137199983 p95=1071.60137199983 warnings=INSUFFICIENT_SAMPLES
tursodb-per-tenant idle-same-row idle=30000 first ok=1 fail=0 p50=3284.2888139989227 p95=3284.2888139989227 warnings=INSUFFICIENT_SAMPLES
d1-per-tenant idle-different-row idle=30000 first ok=1 fail=0 p50=164.96171799860895 p95=164.96171799860895 warnings=INSUFFICIENT_SAMPLES
turso-per-tenant idle-different-row idle=30000 first ok=1 fail=0 p50=562.9613149985671 p95=562.9613149985671 warnings=INSUFFICIENT_SAMPLES
tursodb-per-tenant idle-different-row idle=30000 first ok=1 fail=0 p50=430.50014399923384 p95=430.50014399923384 warnings=INSUFFICIENT_SAMPLES
d1-per-tenant idle-same-tenant idle=30000 first ok=1 fail=0 p50=165.15171799995005 p95=165.15171799995005 warnings=INSUFFICIENT_SAMPLES
turso-per-tenant idle-same-tenant idle=30000 first ok=1 fail=0 p50=506.8734579999 p95=506.8734579999 warnings=INSUFFICIENT_SAMPLES
tursodb-per-tenant idle-same-tenant idle=30000 first ok=1 fail=0 p50=475.65046600066125 p95=475.65046600066125 warnings=INSUFFICIENT_SAMPLES
d1-per-tenant idle-different-tenant idle=30000 first ok=1 fail=0 p50=143.6521419994533 p95=143.6521419994533 warnings=INSUFFICIENT_SAMPLES
turso-per-tenant idle-different-tenant idle=30000 first ok=1 fail=0 p50=426.5980420000851 p95=426.5980420000851 warnings=INSUFFICIENT_SAMPLES
tursodb-per-tenant idle-different-tenant idle=30000 first ok=1 fail=0 p50=606.2831870000809 p95=606.2831870000809 warnings=INSUFFICIENT_SAMPLES
turso-per-tenant idle-same-row idle=30000 first ok=1 fail=0 p50=590.8632810004056 p95=590.8632810004056 warnings=INSUFFICIENT_SAMPLES
tursodb-per-tenant idle-same-row idle=30000 first ok=1 fail=0 p50=3224.7681389972568 p95=3224.7681389972568 warnings=INSUFFICIENT_SAMPLES
d1-per-tenant idle-same-row idle=30000 first ok=1 fail=0 p50=190.44813700020313 p95=190.44813700020313 warnings=INSUFFICIENT_SAMPLES
turso-per-tenant idle-different-row idle=30000 first ok=1 fail=0 p50=509.3327309973538 p95=509.3327309973538 warnings=INSUFFICIENT_SAMPLES
tursodb-per-tenant idle-different-row idle=30000 first ok=1 fail=0 p50=339.7804189994931 p95=339.7804189994931 warnings=INSUFFICIENT_SAMPLES
d1-per-tenant idle-different-row idle=30000 first ok=1 fail=0 p50=176.2002460025251 p95=176.2002460025251 warnings=INSUFFICIENT_SAMPLES
turso-per-tenant idle-same-tenant idle=30000 first ok=1 fail=0 p50=677.2234389968216 p95=677.2234389968216 warnings=INSUFFICIENT_SAMPLES
tursodb-per-tenant idle-same-tenant idle=30000 first ok=1 fail=0 p50=342.4688949994743 p95=342.4688949994743 warnings=INSUFFICIENT_SAMPLES
d1-per-tenant idle-same-tenant idle=30000 first ok=1 fail=0 p50=149.33960999920964 p95=149.33960999920964 warnings=INSUFFICIENT_SAMPLES
turso-per-tenant idle-different-tenant idle=30000 first ok=1 fail=0 p50=473.6566269993782 p95=473.6566269993782 warnings=INSUFFICIENT_SAMPLES
tursodb-per-tenant idle-different-tenant idle=30000 first ok=1 fail=0 p50=692.7176660001278 p95=692.7176660001278 warnings=INSUFFICIENT_SAMPLES
d1-per-tenant idle-different-tenant idle=30000 first ok=1 fail=0 p50=156.45138699933887 p95=156.45138699933887 warnings=INSUFFICIENT_SAMPLES

Manhali decision signals (machine-readable comparison saved alongside results)
[{"key":"[\"d1-per-tenant\",\"lms-balanced\",1,\"uniform\",\"raw\",\"database-per-tenant\"]","points":[{"offeredRps":10,"rps":9.912281552518516,"p95":397.16335699893534,"p99":null,"errorRate":0,"reasons":["offered load not achieved"]},{"offeredRps":25,"rps":24.788020297563097,"p95":395.064163999632,"p99":null,"errorRate":0,"reasons":["offered load not achieved"]},{"offeredRps":50,"rps":49.53464622774141,"p95":503.4489830005914,"p99":614.4001890011132,"errorRate":0,"reasons":["offered load not achieved"]},{"offeredRps":100,"rps":98.67447241079681,"p95":989.2923480011523,"p99":1301.6675649993122,"errorRate":0.00013333333333333334,"reasons":["offered load not achieved","p95 > 2x lowest offered-load baseline"]},{"offeredRps":200,"rps":39.20538107857145,"p95":4806.174907999113,"p99":null,"errorRate":0.7440323172970987,"reasons":["error rate >= 1%","offered load not achieved","p95 > 2x lowest offered-load baseline","throughput plateau: <= 5% gain for > 20% offered-load increase"]},{"offeredRps":500,"rps":21.172854518415075,"p95":4894.308025998995,"p99":null,"errorRate":0.8618718114114818,"reasons":["error rate >= 1%","offered load not achieved","p95 > 2x lowest offered-load baseline","throughput plateau: <= 5% gain for > 20% offered-load increase"]}],"firstObservedInstability":{"offeredRps":10,"rps":9.912281552518516,"p95":397.16335699893534,"p99":null,"errorRate":0,"reasons":["offered load not achieved"]},"highestTestedStableRps":null,"qualification":"tested points only; latency thresholds are diagnostic, not a production SLA"},{"key":"[\"turso-per-tenant\",\"lms-balanced\",1,\"uniform\",\"raw\",\"database-per-tenant\"]","points":[{"offeredRps":10,"rps":9.901220899410092,"p95":441.8278449997306,"p99":null,"errorRate":0,"reasons":["offered load not achieved"]},{"offeredRps":25,"rps":24.701545020741296,"p95":450.88958899863064,"p99":null,"errorRate":0,"reasons":["offered load not achieved"]},{"offeredRps":50,"rps":49.48425613993777,"p95":434.5143860001117,"p99":533.8012769995257,"errorRate":0,"reasons":["offered load not achieved"]},{"offeredRps":100,"rps":98.75920614283925,"p95":469.73785699903965,"p99":637.1913370005786,"errorRate":0,"reasons":["offered load not achieved"]},{"offeredRps":200,"rps":197.43601437623093,"p95":493.513803999871,"p99":643.6701270006597,"errorRate":0,"reasons":["offered load not achieved"]},{"offeredRps":500,"rps":236.8232766309169,"p95":4108.956028999761,"p99":4785.446387000382,"errorRate":0.18566164587238995,"reasons":["error rate >= 1%","offered load not achieved","p95 > 2x lowest offered-load baseline"]}],"firstObservedInstability":{"offeredRps":10,"rps":9.901220899410092,"p95":441.8278449997306,"p99":null,"errorRate":0,"reasons":["offered load not achieved"]},"highestTestedStableRps":null,"qualification":"tested points only; latency thresholds are diagnostic, not a production SLA"},{"key":"[\"tursodb-per-tenant\",\"lms-balanced\",1,\"uniform\",\"raw\",\"database-per-tenant\"]","points":[{"offeredRps":10,"rps":9.809640063232315,"p95":442.24014100059867,"p99":null,"errorRate":0.010666666666666666,"reasons":["error rate >= 1%","offered load not achieved"]},{"offeredRps":25,"rps":24.43845079594052,"p95":482.2164270002395,"p99":null,"errorRate":0.010133333333333333,"reasons":["error rate >= 1%","offered load not achieved"]},{"offeredRps":50,"rps":48.97099583699744,"p95":501.01505699940026,"p99":854.5041290000081,"errorRate":0.010266666666666667,"reasons":["error rate >= 1%","offered load not achieved"]},{"offeredRps":100,"rps":97.21647126273328,"p95":490.2105119973421,"p99":649.3887399993837,"errorRate":0.0122,"reasons":["error rate >= 1%","offered load not achieved"]},{"offeredRps":200,"rps":144.78841101369295,"p95":4384.138372998685,"p99":4823.784155000001,"errorRate":0.1621,"reasons":["error rate >= 1%","offered load not achieved","p95 > 2x lowest offered-load baseline"]},{"offeredRps":500,"rps":138.19769139392778,"p95":4848.969205999747,"p99":4972.209114000201,"errorRate":0.3510818953711312,"reasons":["error rate >= 1%","offered load not achieved","p95 > 2x lowest offered-load baseline","throughput plateau: <= 5% gain for > 20% offered-load increase"]}],"firstObservedInstability":{"offeredRps":10,"rps":9.809640063232315,"p95":442.24014100059867,"p99":null,"errorRate":0.010666666666666666,"reasons":["error rate >= 1%","offered load not achieved"]},"highestTestedStableRps":null,"qualification":"tested points only; latency thresholds are diagnostic, not a production SLA"}]
wrote results-manhali-30-6h-20261002T030315Z-7bb591.json, results-manhali-30-6h-20261002T030315Z-7bb591.csv, results-manhali-30-6h-20261002T030315Z-7bb591-comparison.json
